name,papers_in_database,first_year,last_year,papers_in_top_journals,top_journal_breakdown,total_publications_zbmath,last_known_affiliation,affiliation_source,homepages,mathscinet,zbmath,genealogy,orcid,wikipedia,major_prizes,icm_talks
"Wise, Daniel T.",56,1998,2025,4,Inventiones Mathematicae: 2; Annals of Mathematics: 1; Journal of the American Mathematical Society: 1,124,"Dept. of Math, Weizmann Institute, Rehovot, Israel",arXiv:2607.02147 (2026),https://www.math.mcgill.ca/wise/ https://weizmann.elsevierpure.com/en/persons/daniel-tzvi-wise/,https://mathscinet.ams.org/mathscinet/MRAuthorID/604784,https://zbmath.org/authors/wise.daniel-t,https://www.mathgenealogy.org/id.php?id=45974,https://orcid.org/0000-0003-0128-1353,https://en.wikipedia.org/wiki/Daniel_Wise_(mathematician),Veblen Prize (2013); Fellow of the Royal Society (2018),ICM Invited Speaker (2014)
"Bridson, Martin R.",51,1993,2026,4,Journal of the American Mathematical Society: 1; Annals of Mathematics: 2; Inventiones Mathematicae: 1,154,"Oxford U., U.K.",,https://www.maths.ox.ac.uk/people/martin.bridson https://people.maths.ox.ac.uk/~bridson/,https://mathscinet.ams.org/mathscinet/MRAuthorID/324657,https://zbmath.org/authors/bridson.martin-r,https://www.mathgenealogy.org/id.php?id=24021,https://orcid.org/0000-0002-0080-9059,https://en.wikipedia.org/wiki/Martin_Bridson,Whitehead Prize (1999); Fellow of the Royal Society (2016),ICM Invited Speaker (2006)
"Sisto, Alessandro",44,2012,2026,0,,87,"Maxwell Institute and Department of Mathematics, Heriot-Watt University, Edinburgh, UK",arXiv:2609.40240 (2026),https://people.math.ethz.ch/~alsisto/,https://mathscinet.ams.org/mathscinet/MRAuthorID/881750,https://zbmath.org/authors/sisto.alessandro,https://www.mathgenealogy.org/id.php?id=175551,,,,
"Rafi, Kasra",42,2005,2026,1,Inventiones Mathematicae: 1,59,"Department of Mathematics, University of Toronto",arXiv:2605.03833 (2026),https://www.math.toronto.edu/~rafi/,,https://zbmath.org/authors/rafi.kasra,,,,,
"Bestvina, Mladen",41,1987,2026,11,Journal of the American Mathematical Society: 2; Annals of Mathematics: 3; Inventiones Mathematicae: 5; Publications Mathématiques de l'IHÉS: 1,98,U. Utah,,https://www.math.utah.edu/~bestvina/,https://mathscinet.ams.org/mathscinet/MRAuthorID/36095,https://zbmath.org/authors/bestvina.mladen,https://www.mathgenealogy.org/id.php?id=3879,https://orcid.org/0000-0002-6506-4211,https://en.wikipedia.org/wiki/Mladen_Bestvina,,ICM Plenary Speaker (2022); ICM Invited Speaker (2002)
"Leininger, Christopher J.",41,2002,2026,1,Inventiones Mathematicae: 1,77,"Department of Mathematics, University of Notre Dame, 255 Hurley Bldg Notre Dame, IN 46556 USA",arXiv:2609.08849 (2026),https://sites.google.com/view/chris-leiningers-webpage/home,,https://zbmath.org/authors/leininger.christopher-j,,https://orcid.org/0000-0002-8937-0678,,,
"Minsky, Yair N.",40,1992,2026,7,Journal of the American Mathematical Society: 1; Annals of Mathematics: 4; Inventiones Mathematicae: 2,71,"Department of Mathematics, Yale University",arXiv:2510.24609 (2025),https://www.math.yale.edu/users/yair/,https://mathscinet.ams.org/mathscinet/MRAuthorID/308303,https://zbmath.org/authors/minsky.yair-n,https://www.mathgenealogy.org/id.php?id=25191,,https://en.wikipedia.org/wiki/Yair_Minsky,,ICM Invited Speaker (2006)
"Mj, Mahan",38,1997,2026,1,Annals of Mathematics: 1,106,"School of Mathematics, Tata Institute of Fundamental Research, 1, Homi Bhabha Road, Mumbai-400005, India",arXiv:2607.29571 (2026),https://mathweb.tifr.res.in/~mahan/ https://www.math.tifr.res.in/~mahan/,https://mathscinet.ams.org/mathscinet/MRAuthorID/606917,https://zbmath.org/authors/mj.mahan,https://www.mathgenealogy.org/id.php?id=31504,https://orcid.org/0000-0002-1316-0906,https://en.wikipedia.org/wiki/Mahan_Mj,Shanti Swarup Bhatnagar Prize (2011),ICM Invited Speaker (2018)
"Reid, Alan W.",35,1991,2026,1,Annals of Mathematics: 1,140,"Department of Mathematics, Rice University, Houston, TX 77005. School of Mathematics, Korea Institute for Advanced Study (KIAS), Seoul…",arXiv:2602.15463 (2026),https://math.rice.edu/~ar99/,https://mathscinet.ams.org/mathscinet/MRAuthorID/146355,https://zbmath.org/authors/reid.alan-w,https://www.mathgenealogy.org/id.php?id=36986,https://orcid.org/0000-0003-0367-9453,https://en.wikipedia.org/wiki/Alan_Reid_(mathematician),,ICM Invited Speaker (2018)
"Purcell, Jessica Shepherd",32,2007,2026,0,,81,"School of Mathematics, Monash University, Clayton, VIC 3800, Australia",arXiv:2607.08473 (2026),https://users.monash.edu/~jpurcell/,https://mathscinet.ams.org/mathscinet/MRAuthorID/807518,https://zbmath.org/authors/purcell.jessica-shepherd,https://www.mathgenealogy.org/id.php?id=85909,https://orcid.org/0000-0002-0618-2840,https://en.wikipedia.org/wiki/Jessica_Purcell,,
"Calegari, Danny Matthew Cornelius",31,1999,2026,6,Inventiones Mathematicae: 2; Journal of the American Mathematical Society: 4,102,"Department of Mathematics University of Chicago Chicago, Illinois, 60637",arXiv:2609.17879 (2026),https://math.uchicago.edu/~dannyc/,https://mathscinet.ams.org/mathscinet/MRAuthorID/605373,https://zbmath.org/authors/calegari.danny,https://www.mathgenealogy.org/id.php?id=46274,,https://en.wikipedia.org/wiki/Danny_Calegari,Clay Research Award (2009),ICM Invited Speaker (2022)
"Kapovich, Ilya",31,1997,2025,0,,96,"Department of Mathematics and Statistics, Hunter College of CUNY 695 Park Ave, New York, NY 10065 http://math.hunter.cuny.edu/ilyakapo/",arXiv:2608.17238 (2026),https://math.hunter.cuny.edu/ilyakapo/,https://mathscinet.ams.org/mathscinet/MRAuthorID/600076,https://zbmath.org/authors/kapovich.ilya,https://www.mathgenealogy.org/id.php?id=35543,,https://en.wikipedia.org/wiki/Ilya_Kapovich,,
"Masur, Howard A.",31,1975,2026,7,Inventiones Mathematicae: 2; Publications Mathématiques de l'IHÉS: 1; Annals of Mathematics: 2; Acta Mathematica: 1; Journal of the American Mathematical Society: 1,90,"Department of Mathematics, University of Chicago, Chicago, Il",arXiv:2412.08727 (2024),https://math.uchicago.edu/~masur/  https://math.uchicago.edu/~masur/,https://mathscinet.ams.org/mathscinet/MRAuthorID/219274,https://zbmath.org/authors/masur.howard-a,https://www.mathgenealogy.org/id.php?id=2458,https://orcid.org/0000-0002-3100-0279,https://en.wikipedia.org/wiki/Howard_Masur,,ICM Invited Speaker (1994)
"Vogtmann, Karen",31,1982,2025,1,Inventiones Mathematicae: 1,70,Department of Mathematics University of Warwick Coventry CV4 7AL UK,arXiv:2308.09222 (2023),https://warwick.ac.uk/fac/sci/maths/people/staff/karen_vogtmann/,https://mathscinet.ams.org/mathscinet/MRAuthorID/179085,https://zbmath.org/authors/vogtmann.karen,https://www.mathgenealogy.org/id.php?id=24015,https://orcid.org/0000-0002-6518-1290,https://en.wikipedia.org/wiki/Karen_Vogtmann,Fellow of the Royal Society (2021); Pólya Prize,ICM Emmy Noether Lecture (2026); ICM Invited Speaker (2006)
"Bowditch, Brian H.",30,1991,2020,3,Journal of the American Mathematical Society: 1; Acta Mathematica: 1; Inventiones Mathematicae: 1,65,"U. Warwick, U.K.",,https://bhbowditch.com/,https://mathscinet.ams.org/mathscinet/MRAuthorID/251280,https://zbmath.org/authors/bowditch.brian-h,https://www.mathgenealogy.org/id.php?id=82884,,https://en.wikipedia.org/wiki/Brian_Bowditch,Whitehead Prize (1997),
"Fujiwara, Koji",29,1998,2025,2,Publications Mathématiques de l'IHÉS: 1; Inventiones Mathematicae: 1,71,"OIST, Okinawa, 904-0497, Japan, KUIAS and RIMS, Kyoto University, Kyoto, 606-8502, Japan",arXiv:2607.17444 (2026),https://www.math.kyoto-u.ac.jp/~kfujiwara/,https://mathscinet.ams.org/mathscinet/MRAuthorID/267217,https://zbmath.org/authors/fujiwara.koji.1,https://www.mathgenealogy.org/id.php?id=169579,,,,ICM Invited Speaker (2018)
"Hagen, Mark F.",29,2010,2026,0,,47,"School of Mathematics, University of Bristol, Bristol BS8 1UG, UK",arXiv:2608.01513 (2026),https://www.wescac.net/,https://mathscinet.ams.org/mathscinet/MRAuthorID/902628,https://zbmath.org/authors/hagen.mark-f,https://www.mathgenealogy.org/id.php?id=165336,https://orcid.org/0000-0002-2541-3077,,,
"Canary, Richard D.",28,1991,2020,3,Journal of the American Mathematical Society: 1; Annals of Mathematics: 2,74,U. Michigan,,https://dept.math.lsa.umich.edu/~canary/ https://www.math.lsa.umich.edu/~canary/,https://mathscinet.ams.org/mathscinet/MRAuthorID/248015,https://zbmath.org/authors/canary.richard-d,https://www.mathgenealogy.org/id.php?id=14984,https://orcid.org/0000-0001-9432-5460,https://en.wikipedia.org/wiki/Richard_Canary,,ICM Invited Speaker (2026)
"McMullen, Curtis Tracy",28,1988,2022,14,Journal of the American Mathematical Society: 3; Annals of Mathematics: 4; Inventiones Mathematicae: 6; Acta Mathematica: 1,98,Harvard U.,,http://www.math.harvard.edu/~ctm/ https://math.harvard.edu/~ctm/ http://abel.math.harvard.edu/~ctm/index.html,https://mathscinet.ams.org/mathscinet/MRAuthorID/214995,https://zbmath.org/authors/mcmullen.curtis-t,https://www.mathgenealogy.org/id.php?id=12029,https://orcid.org/0000-0001-8417-9500,https://en.wikipedia.org/wiki/Curtis_T._McMullen,Salem Prize (1991); Fields Medal (1998),"ICM Invited Speaker (1990, 1998)"
"Taylor, Samuel Joseph",28,2014,2026,0,,43,Temple U.,,https://math.temple.edu/~tue38263/,https://mathscinet.ams.org/mathscinet/MRAuthorID/905553,https://zbmath.org/authors/taylor.samuel-joseph,https://www.mathgenealogy.org/id.php?id=233691,,,,
"Šarić, Dragomir",28,2004,2025,0,,54,"Mathematics PhD. Program, Graduate Center of the City University of New York, 365 Fifth Avenue, New York, NY 10016-4309",arXiv:2609.12217 (2026),https://dragomirsaric.com/,https://mathscinet.ams.org/mathscinet/MRAuthorID/695566,https://zbmath.org/authors/saric.dragomir,https://www.mathgenealogy.org/id.php?id=89042,,,,
"Guirardel, Vincent",27,1998,2024,0,,48,,,https://perso.univ-rennes1.fr/vincent.guirardel/,https://mathscinet.ams.org/mathscinet/MRAuthorID/631341,https://zbmath.org/authors/guirardel.vincent,https://www.mathgenealogy.org/id.php?id=95161,,,,
"Long, Darren D.",27,1985,2020,2,Inventiones Mathematicae: 2,98,U. California - Santa Barbara,,https://www.math.ucsb.edu/~long/ https://web.math.ucsb.edu/~long/,https://mathscinet.ams.org/mathscinet/MRAuthorID/201087,https://zbmath.org/authors/long.darren-d,https://www.mathgenealogy.org/id.php?id=16829,,,,
"Möller, Martin",27,2006,2025,8,Journal of the American Mathematical Society: 2; Inventiones Mathematicae: 3; Annals of Mathematics: 1; Acta Mathematica: 1; Publications Mathématiques de l'IHÉS: 1,74,"M. M.Institut für Mathematik, Goethe–Universität Frankfurt, Robert-Mayer-Str. 6–8, 60325 Frankfurt am Main, Germany",arXiv:2609.26922 (2026),https://www.uni-frankfurt.de/49952390/Moeller,https://mathscinet.ams.org/mathscinet/MRAuthorID/754522,https://zbmath.org/authors/moller.martin,https://www.mathgenealogy.org/id.php?id=106314,,,,ICM Invited Speaker (2018)
"Shalen, Peter B.",27,1976,2025,6,Journal of the American Mathematical Society: 1; Inventiones Mathematicae: 2; Annals of Mathematics: 3,89,"Department of Mathematics, Statistics, and Computer Science (M/C 249) University of Illinois at Chicago 851 S. Morgan St. Chicago, IL…",arXiv:2609.16212 (2026),http://homepages.math.uic.edu/~shalen/ https://www.math.uic.edu/~shalen/,https://mathscinet.ams.org/mathscinet/MRAuthorID/159535,https://zbmath.org/authors/shalen.peter-b,https://www.mathgenealogy.org/id.php?id=33560,,https://en.wikipedia.org/wiki/Peter_Shalen,,ICM Invited Speaker (1986)
"Birman, Joan S.",26,1969,2017,3,Annals of Mathematics: 2; Inventiones Mathematicae: 1,119,Columbia U.,,https://www.math.columbia.edu/~jb/,https://mathscinet.ams.org/mathscinet/MRAuthorID/37175,https://zbmath.org/authors/birman.joan-s,https://www.mathgenealogy.org/id.php?id=24360,,https://en.wikipedia.org/wiki/Joan_Birman,,
"Dahmani, François",26,2003,2025,2,Publications Mathématiques de l'IHÉS: 1; Inventiones Mathematicae: 1,48,"Institut Fourier, Laboratoire de Mathématiques, Université Grenoble Alpes, CS 40700, 38058 Grenoble cedex 9, France",arXiv:2509.22346 (2025),https://www-fourier.ujf-grenoble.fr/~dahmani/,https://mathscinet.ams.org/mathscinet/MRAuthorID/714038,https://zbmath.org/authors/dahmani.francois,https://www.mathgenealogy.org/id.php?id=67269,https://orcid.org/0000-0003-3874-7436,,,
"Kapovich, Michael",26,1993,2025,5,Inventiones Mathematicae: 3; Annals of Mathematics: 1; Publications Mathématiques de l'IHÉS: 1,108,"Department of Mathematics 1 Shields Ave. University of California, Davis CA 95616, USA",arXiv:2607.22920 (2026),http://www.math.ucdavis.edu/~kapovich/,https://mathscinet.ams.org/mathscinet/MRAuthorID/98110,https://zbmath.org/authors/kapovich.michael,https://www.mathgenealogy.org/id.php?id=40826,,https://en.wikipedia.org/wiki/Michael_Kapovich,,ICM Invited Speaker (2006)
"Osin, Denis V.",26,2002,2026,2,Inventiones Mathematicae: 1; Annals of Mathematics: 1,84,Vanderbilt U.,,https://as.vanderbilt.edu/math/bio/?who=denis-osin,https://mathscinet.ams.org/mathscinet/MRAuthorID/649248,https://zbmath.org/authors/osin.denis-v,https://www.mathgenealogy.org/id.php?id=122712,,https://en.wikipedia.org/wiki/Denis_Osin,,ICM Invited Speaker (2018)
"Paris, Luis",26,1999,2025,1,Inventiones Mathematicae: 1,89,"Université Bourgogne Europe, CNRS, IMB, UMR 5584, 21000 Dijon, France",arXiv:2609.25940 (2026),http://lparis.perso.math.cnrs.fr/ https://lparis.perso.math.cnrs.fr,https://mathscinet.ams.org/mathscinet/MRAuthorID/249743,https://zbmath.org/authors/paris.luis,https://www.mathgenealogy.org/id.php?id=65098,,,,
"Schleimer, Saul",26,2004,2024,1,Journal of the American Mathematical Society: 1,69,"Mathematics Institute University of Warwick Coventry CV4 7AL, United Kingdom",arXiv:2609.14598 (2026),http://homepages.warwick.ac.uk/~masgar/ https://www.warwick.ac.uk/~masgar/ https://sschleimer.warwick.ac.uk/,https://mathscinet.ams.org/mathscinet/MRAuthorID/689853,https://zbmath.org/authors/schleimer.saul,https://www.mathgenealogy.org/id.php?id=59778,https://orcid.org/0000-0003-3362-7822,,,
"Wolpert, Scott A.",26,1975,2018,7,Inventiones Mathematicae: 3; Annals of Mathematics: 4,69,University of Maryland,,http://www.math.umd.edu/~saw,https://mathscinet.ams.org/mathscinet/MRAuthorID/184255,https://zbmath.org/authors/wolpert.scott-a,https://www.mathgenealogy.org/id.php?id=26986,,https://en.wikipedia.org/wiki/Scott_A._Wolpert,,ICM Invited Speaker (1986)
"Brock, Jeffrey F.",25,2000,2023,7,Inventiones Mathematicae: 2; Journal of the American Mathematical Society: 1; Publications Mathématiques de l'IHÉS: 1; Acta Mathematica: 2; Annals of Mathematics: 1,39,Yale U.,,https://jeffbrock.net/,https://mathscinet.ams.org/mathscinet/MRAuthorID/328097,https://zbmath.org/authors/brock.jeffrey-f,https://www.mathgenealogy.org/id.php?id=32226,,https://en.wikipedia.org/wiki/Jeffrey_Brock,,
"Groves, Daniel P.",25,2005,2025,1,Publications Mathématiques de l'IHÉS: 1,48,"Department of Mathematics, Statistics, and Computer Science, University of Illinois at Chicago, 322 Science and Engineering Offices (M/C…",arXiv:2604.13898 (2026),https://homepages.math.uic.edu/~groves/ https://www.math.uic.edu/~groves/,https://mathscinet.ams.org/mathscinet/MRAuthorID/642547,https://zbmath.org/authors/groves.daniel-p,https://www.mathgenealogy.org/id.php?id=46102,,,,
"Bromberg, Kenneth W.",24,2001,2025,6,Journal of the American Mathematical Society: 1; Publications Mathématiques de l'IHÉS: 2; Acta Mathematica: 2; Annals of Mathematics: 1,40,U. Utah,,https://www.math.utah.edu/~bromberg/,https://mathscinet.ams.org/mathscinet/MRAuthorID/687266,https://zbmath.org/authors/bromberg.kenneth-w,https://www.mathgenealogy.org/id.php?id=32222,,,,
"Cooper, Daryl",24,1987,2020,1,Inventiones Mathematicae: 1,74,U. California - Santa Barbara,,http://www.math.ucsb.edu/~cooper/ https://www.math.ucsb.edu/~cooper/ https://web.math.ucsb.edu/~cooper/,https://mathscinet.ams.org/mathscinet/MRAuthorID/239760,https://zbmath.org/authors/cooper.daryl,https://www.mathgenealogy.org/id.php?id=16926,,,,
"Farb, Benson",24,1994,2013,7,Journal of the American Mathematical Society: 1; Inventiones Mathematicae: 4; Acta Mathematica: 1; Publications Mathématiques de l'IHÉS: 1,107,U. Chicago,,https://math.uchicago.edu/~farb/ https://www.math.uchicago.edu/~farb/ http://math.uchicago.edu/~farb/,https://mathscinet.ams.org/mathscinet/MRAuthorID/329207,https://zbmath.org/authors/farb.benson,https://www.mathgenealogy.org/id.php?id=18914,,https://en.wikipedia.org/wiki/Benson_Farb,,ICM Invited Speaker (2014)
"Margalit, Dan",24,2002,2026,4,Inventiones Mathematicae: 2; Journal of the American Mathematical Society: 2,55,"Department of Mathematics, Vanderbilt University, 1326 Stevenson Center Ln, Nashville, TN 37240, USA",arXiv:2608.26001 (2026),https://dmargalit7.math.gatech.edu/index.shtml https://as.vanderbilt.edu/math/bio/?who=dan-margalit,https://mathscinet.ams.org/mathscinet/MRAuthorID/706322,https://zbmath.org/authors/margalit.dan,https://www.mathgenealogy.org/id.php?id=75109,,https://en.wikipedia.org/wiki/Dan_Margalit_(mathematician),,
"Souto, Juan",24,2002,2023,2,Publications Mathématiques de l'IHÉS: 1; Acta Mathematica: 1,81,"CNRS, Rennes",arXiv:2607.12977 (2026),https://sites.google.com/site/jsoutoc/,https://mathscinet.ams.org/mathscinet/MRAuthorID/698455,https://zbmath.org/authors/souto.juan,https://www.mathgenealogy.org/id.php?id=59211,,,,
"Behrstock, Jason A.",23,2006,2025,1,Annals of Mathematics: 1,35,"Lehman College and The Graduate Center, CUNY, New York, New York, USA",arXiv:2305.16906 (2023),https://comet.lehman.cuny.edu/behrstock/ http://comet.lehman.cuny.edu/behrstock/,https://mathscinet.ams.org/mathscinet/MRAuthorID/789183,https://zbmath.org/authors/behrstock.jason-a,https://www.mathgenealogy.org/id.php?id=86328,,https://en.wikipedia.org/wiki/Jason_Behrstock,,
"Kleiner, Bruce",23,2000,2023,3,Inventiones Mathematicae: 1; Journal of the American Mathematical Society: 1; Acta Mathematica: 1,87,"Courant Institute of Mathematical Sciences, New York University, USA",arXiv:2603.05979 (2026),https://www.math.yale.edu/~bk255/,,https://zbmath.org/authors/kleiner.bruce,,,,,"ICM Invited Speaker (2006, 2022)"
"Markovic, Vladimir",23,2000,2026,5,Annals of Mathematics: 4; Inventiones Mathematicae: 1,64,"YMSC Tsinghua University Beijing, China",arXiv:2608.29761 (2026),http://www.its.caltech.edu/~markovic/,https://mathscinet.ams.org/mathscinet/MRAuthorID/620832,https://zbmath.org/authors/markovic.vladimir,https://www.mathgenealogy.org/id.php?id=53943,https://orcid.org/0000-0003-3075-7226,https://en.wikipedia.org/wiki/Vladimir_Markovic,Whitehead Prize (2004); Clay Research Award (2012); Fellow of the Royal Society (2014),ICM Invited Speaker (2014)
"Przytycki, Piotr",23,2008,2022,1,Journal of the American Mathematical Society: 1,49,"Department of Mathematics and Statistics, McGill University, Burnside Hall, 805 Sherbrooke Street West, Montreal, QC, H3A 0B9, Canada",arXiv:2509.25674 (2025),https://www.math.mcgill.ca/pprzytyc/,,https://zbmath.org/authors/przytycki.piotr,,,,,
"Putman, Andrew",23,2007,2024,1,Inventiones Mathematicae: 1,58,"Department of Mathematics, University of Notre Dame, 255 Hurley Hall, Notre Dame, IN 46556, USA",arXiv:2608.26001 (2026),https://www3.nd.edu/~andyp/,https://mathscinet.ams.org/mathscinet/MRAuthorID/794071,https://zbmath.org/authors/putman.andrew,https://www.mathgenealogy.org/id.php?id=122946,,https://en.wikipedia.org/wiki/Andrew_Putman,,
"Boyer, Steven",22,1990,2026,2,Journal of the American Mathematical Society: 1; Annals of Mathematics: 1,56,"Département de Mathématiques, Université du Québec à Montréal, 201 President Kennedy Avenue, Montréal, Qc., Canada H2X 3Y7",arXiv:2607.10529 (2026),https://www.cirget.uqam.ca/boyer/boyer.html,https://mathscinet.ams.org/mathscinet/MRAuthorID/219677,https://zbmath.org/authors/boyer.steven,https://www.mathgenealogy.org/id.php?id=58693,,,,
"Charney, Ruth Michele",22,1984,2026,1,Journal of the American Mathematical Society: 1,69,"Department of Mathematics, Brandeis University, Waltham, MA, USA",arXiv:2405.17572 (2024),https://people.brandeis.edu/~charney/,https://mathscinet.ams.org/mathscinet/MRAuthorID/47560,https://zbmath.org/authors/charney.ruth-m,https://www.mathgenealogy.org/id.php?id=12020,,https://en.wikipedia.org/wiki/Ruth_Charney,,
"Gabai, David",22,1985,2020,8,Annals of Mathematics: 2; Journal of the American Mathematical Society: 4; Inventiones Mathematicae: 1; Acta Mathematica: 1,79,"Department of Mathematics Princeton University Princeton, NJ 08544",arXiv:2505.12088 (2025),https://www.math.princeton.edu/people/david-gabai https://www.math.princeton.edu/faculty.html,https://mathscinet.ams.org/mathscinet/MRAuthorID/195365,https://zbmath.org/authors/gabai.david,https://www.mathgenealogy.org/id.php?id=11750,,https://en.wikipedia.org/wiki/David_Gabai,Veblen Prize (2004); Clay Research Award (2009),"ICM Invited Speaker (1990, 2010)"
"Levitt, Gilbert",22,1982,2025,0,,69,"U. Caen, France",,https://levitt.users.lmno.cnrs.fr/,,https://zbmath.org/authors/levitt.gilbert,,,,,
"Mosher, Lee",22,1988,2019,6,Inventiones Mathematicae: 3; Annals of Mathematics: 2; Acta Mathematica: 1,63,Rutgers - Newark,,https://andromeda.rutgers.edu/~mosher/,,https://zbmath.org/authors/mosher.lee,,,,,
"Osajda, Damian L.",22,2007,2026,2,Acta Mathematica: 1; Inventiones Mathematicae: 1,40,"Institut for Matematiske Fag, University of Copenhagen, 2100 Copenhagen, Denmark",arXiv:2602.16472 (2026),http://www.math.uni.wroc.pl/~dosaj/ https://www.mat.univie.ac.at/~dosaj,https://mathscinet.ams.org/mathscinet/MRAuthorID/813959,https://zbmath.org/authors/osajda.damian-l,https://www.mathgenealogy.org/id.php?id=138640,,,,
"Wang, Shi Cheng",22,1993,2024,0,,117,Peking University,,,https://mathscinet.ams.org/mathscinet/MRAuthorID/195488,https://zbmath.org/authors/wang.shi-cheng,https://www.mathgenealogy.org/id.php?id=39928,,,,
"Futer, David",21,2007,2022,0,,49,"Department of Mathematics Temple University Philadelphia, PA 19147",arXiv:2609.16212 (2026),https://math.temple.edu/~dfuter/,https://mathscinet.ams.org/mathscinet/MRAuthorID/671567,https://zbmath.org/authors/futer.david,https://www.mathgenealogy.org/id.php?id=92497,,,,
"Genevois, Anthony",21,2018,2026,1,Inventiones Mathematicae: 1,69,,,https://sites.google.com/view/agenevois,,https://zbmath.org/authors/genevois.anthony,,,,,
"Horbez, Camille",21,2012,2026,1,Inventiones Mathematicae: 1,39,"Université Paris-Saclay (Laboratoire de Mathématiques d'Orsay), France",institution web page,https://www.imo.universite-paris-saclay.fr/~horbez/page-anglais.html,https://mathscinet.ams.org/mathscinet/MRAuthorID/1008174,https://zbmath.org/authors/horbez.camille,https://www.mathgenealogy.org/id.php?id=220638,,,,
"Hamenstädt, Ursula",20,2009,2026,2,Inventiones Mathematicae: 2,108,"Mathematisches Institut der Universität Bonn, Endenicher Allee 60, 53115 Bonn, Germany, AMS subject classification: 53C25, 53C24, 22E40…",arXiv:2605.01027 (2026),https://www.math.uni-bonn.de/people/ursula/,https://mathscinet.ams.org/mathscinet/MRAuthorID/243357,https://zbmath.org/authors/hamenstadt.ursula,https://www.mathgenealogy.org/id.php?id=23543,,https://en.wikipedia.org/wiki/Ursula_Hamenst%C3%A4dt,,ICM Invited Speaker (2010)
"Huang, Jingyin",20,2016,2026,3,Inventiones Mathematicae: 3,41,"Department of Mathematics, The Ohio State University, 231 W. 18th Ave, Columbus, OH 43210",arXiv:2606.24135 (2026),https://sites.google.com/site/huangmath0/ https://math.osu.edu/people/huang.929,https://mathscinet.ams.org/mathscinet/MRAuthorID/1175153,https://zbmath.org/authors/huang.jingyin,https://www.mathgenealogy.org/id.php?id=223192,,,,
"Kielak, Dawid",20,2013,2026,2,Inventiones Mathematicae: 1; Journal of the American Mathematical Society: 1,37,"Mathematical Institute, Andrew Wiles Building, Observatory Quarter, University of Oxford, Oxford, OX2 6GG, United Kingdom",arXiv:2506.14666 (2025),https://people.maths.ox.ac.uk/kielak/,https://mathscinet.ams.org/mathscinet/MRAuthorID/1027989,https://zbmath.org/authors/kielak.dawid,https://www.mathgenealogy.org/id.php?id=167457,https://orcid.org/0000-0002-5536-9070,https://en.wikipedia.org/wiki/Dawid_Kielak,,ICM Invited Speaker (2026)
"Manning, Jason Fox",20,2002,2026,0,,40,"Department of Mathematics Cornell University Ithaca, New York, 14853, United States",arXiv:2609.14598 (2026),https://www.math.cornell.edu/~jfmanning/,https://mathscinet.ams.org/mathscinet/MRAuthorID/690777,https://zbmath.org/authors/manning.jason-fox,https://www.mathgenealogy.org/id.php?id=73770,,,,
"Parlier, Hugo",20,2008,2025,0,,90,"University of Luxembourg, Luxembourg",institution web page,https://math.uni.lu/parlier/,https://mathscinet.ams.org/mathscinet/MRAuthorID/767561,https://zbmath.org/authors/parlier.hugo,https://www.mathgenealogy.org/id.php?id=85135,,,,
"Rubinstein, J. Hyam",20,1992,2026,2,Inventiones Mathematicae: 2,172,University of Melbourne,,http://www.ms.unimelb.edu.au/~rubin/,https://mathscinet.ams.org/mathscinet/MRAuthorID/151465,https://zbmath.org/authors/rubinstein.j-hyam,https://www.mathgenealogy.org/id.php?id=32644,https://orcid.org/0000-0002-5712-0113,https://en.wikipedia.org/wiki/J._Hyam_Rubinstein,,ICM Invited Speaker (1994)
"Wiest, Bertold",20,1999,2024,0,,45,"U. Rennes, France",,http://perso.univ-rennes1.fr/bertold.wiest https://perso.univ-rennes1.fr/bertold.wiest,https://mathscinet.ams.org/mathscinet/MRAuthorID/631096,https://zbmath.org/authors/wiest.bert,https://www.mathgenealogy.org/id.php?id=53438,,,,
"Zaremsky, Matthew Curtis Burkholder",20,2013,2026,1,Inventiones Mathematicae: 1,59,"Department of Mathematics and Statistics, University at Albany (SUNY), Albany, NY",arXiv:2608.25614 (2026),https://www.albany.edu/~mz498674/,,https://zbmath.org/authors/zaremsky.matthew-curtis-burkholder,,,,,
"Bonahon, Francis",19,1983,2021,4,Annals of Mathematics: 2; Inventiones Mathematicae: 1; Acta Mathematica: 1,55,"University of Southern California, Los Angeles, CA 90089-2532, U.S.A",arXiv:2409.04905 (2024),https://almaak.usc.edu/%7Efbonahon/,https://mathscinet.ams.org/mathscinet/MRAuthorID/39080,https://zbmath.org/authors/bonahon.francis,https://www.mathgenealogy.org/id.php?id=23186,https://orcid.org/0000-0001-9159-4067,https://en.wikipedia.org/wiki/Francis_Bonahon,,ICM Invited Speaker (1990)
"Brady, Noel",19,1997,2026,1,Inventiones Mathematicae: 1,40,"University of Oklahoma, Norman, OK 73019-3103, USA",arXiv:2509.09939 (2025),http://www2.math.ou.edu/~nbrady/ https://aftermath.math.ou.edu/~nbrady/,https://mathscinet.ams.org/mathscinet/MRAuthorID/367888,https://zbmath.org/authors/brady.noel,https://www.mathgenealogy.org/id.php?id=32651,,,,
"Clay, Matt T.",19,2005,2026,0,,39,"Department of Mathematical Sciences University of Arkansas Fayetteville, AR 72701",arXiv:2507.23666 (2025),https://mattclay.hosted.uark.edu/ https://comp.uark.edu/~mattclay/,https://mathscinet.ams.org/mathscinet/MRAuthorID/773750,https://zbmath.org/authors/clay.matt-t,https://www.mathgenealogy.org/id.php?id=109885,https://orcid.org/0000-0003-4295-7911,,,
"Culler, Marc",19,1983,2012,4,Journal of the American Mathematical Society: 1; Inventiones Mathematicae: 2; Annals of Mathematics: 1,36,U. Illinois - Chicago,,https://www.math.uic.edu/~culler/,https://mathscinet.ams.org/mathscinet/MRAuthorID/53270,https://zbmath.org/authors/culler.marc,https://www.mathgenealogy.org/id.php?id=32646,,https://en.wikipedia.org/wiki/Marc_Culler,,
"Honda, Ko",19,2000,2024,4,Annals of Mathematics: 2; Inventiones Mathematicae: 2,61,"University of California, Los Angeles, Los Angeles, CA 90095",arXiv:2607.11572 (2026),http://www.math.ucla.edu/~honda/ https://www.math.ucla.edu/~honda/,https://mathscinet.ams.org/mathscinet/MRAuthorID/638082,https://zbmath.org/authors/honda.ko,https://www.mathgenealogy.org/id.php?id=119114,,,,ICM Invited Speaker (2006)
"Lustig, Martin",19,1989,2020,1,Inventiones Mathematicae: 1,77,"U. Aix Marseille III, France",,https://junon.u-3mrs.fr/lustig/,,https://zbmath.org/authors/lustig.martin,,,,,
"Tessera, Romain",19,2008,2026,1,Inventiones Mathematicae: 1,82,"U. Paris VI, France",,http://www.normalesup.org/~tessera/ https://www.normalesup.org/~tessera/,https://mathscinet.ams.org/mathscinet/MRAuthorID/800491,https://zbmath.org/authors/tessera.romain,https://www.mathgenealogy.org/id.php?id=118363,,,,
"Wright, Alex",19,2013,2025,4,Annals of Mathematics: 2; Inventiones Mathematicae: 1; Journal of the American Mathematical Society: 1,40,"University of Michigan, USA",institution web page,http://www-personal.umich.edu/~alexmw/,,https://zbmath.org/authors/wright.alex,,,,,
"Agol, Ian",18,2000,2026,1,Journal of the American Mathematical Society: 1,52,"Department of Mathematics, University of California, Berkeley, Berkeley, CA 94720, USA",arXiv:2603.10884 (2026),http://math.berkeley.edu/~ianagol/ https://math.berkeley.edu/~ianagol/ https://math.berkeley.edu/people/faculty/ian-agol,https://mathscinet.ams.org/mathscinet/MRAuthorID/671767,https://zbmath.org/authors/agol.ian,https://www.mathgenealogy.org/id.php?id=39962,https://orcid.org/0000-0002-4254-8483,https://en.wikipedia.org/wiki/Ian_Agol,Clay Research Award (2009); Senior Berwick Prize (2012); Veblen Prize (2013); Breakthrough Prize in Mathematics (2015),ICM Plenary Speaker (2014); ICM Invited Speaker (2006)
"Leary, Ian James",18,1999,2025,1,Inventiones Mathematicae: 1,64,School of Mathematical Sciences University of Southampton Southampton SO17 1B UK,arXiv:2606.31254 (2026),https://www.soton.ac.uk/maths/about/staff/ijl1y09.page,https://mathscinet.ams.org/mathscinet/MRAuthorID/309283,https://zbmath.org/authors/leary.ian-james,https://www.mathgenealogy.org/id.php?id=70057,,,,
"Maher, Joseph",18,2003,2024,0,,26,CUNY,,https://www.math.csi.cuny.edu/~maher/,,https://zbmath.org/authors/maher.joseph,,,,,
"Neumann, Walter David",18,1977,2016,6,Inventiones Mathematicae: 4; Annals of Mathematics: 1; Acta Mathematica: 1,138,Columbia U.,,https://www.math.columbia.edu/~neumann/,https://mathscinet.ams.org/mathscinet/MRAuthorID/130560,https://zbmath.org/authors/neumann.walter-d,https://www.mathgenealogy.org/id.php?id=15877,https://orcid.org/0000-0001-6916-1935,https://en.wikipedia.org/wiki/Walter_Neumann,,
"Penner, Robert C.",18,1987,2023,0,,93,"Institut des Hautes Études Scientifiques 35 route des Chartres Le Bois Marie 91440 Bures-sur-Yvette France and Mathematics Department, UCLA…",arXiv:2309.13710 (2023),,,https://zbmath.org/authors/penner.robert-c,,,,,
"Sapir, Mark Valentinovich",18,1999,2025,3,Annals of Mathematics: 2; Journal of the American Mathematical Society: 1,139,Vanderbilt University,,https://math.vanderbilt.edu/sapirmv/,https://mathscinet.ams.org/mathscinet/MRAuthorID/189574,https://zbmath.org/authors/sapir.mark-v,https://www.mathgenealogy.org/id.php?id=58912,https://orcid.org/0000-0002-7096-9904,https://en.wikipedia.org/wiki/Mark_Sapir,,ICM Invited Speaker (2006)
"Sun, Hongbin",18,2010,2026,0,,38,"Department of Mathematics, Rutgers University - New Brunswick, Hill Center, Busch Campus, Piscataway, NJ 08854, USA",arXiv:2607.04326 (2026),http://sites.math.rutgers.edu/~hs735/,https://mathscinet.ams.org/mathscinet/MRAuthorID/898463,https://zbmath.org/authors/sun.hongbin,https://www.mathgenealogy.org/id.php?id=184955,,,,
"Wilton, Henry John Rutley",18,2007,2025,3,Inventiones Mathematicae: 2; Journal of the American Mathematical Society: 1,48,"U. College London, U.K.",,https://www.dpmms.cam.ac.uk/~hjrw2/ https://www.homepages.ucl.ac.uk/~ucahhjr/,https://mathscinet.ams.org/mathscinet/MRAuthorID/814406,https://zbmath.org/authors/wilton.henry,https://www.mathgenealogy.org/id.php?id=97373,https://orcid.org/0000-0001-6369-9478,,,
"Wolf, Michael",18,1989,2026,4,Journal of the American Mathematical Society: 2; Annals of Mathematics: 1; Acta Mathematica: 1,49,Georgia Tech.,,http://math.rice.edu/~mwolf/ https://mwolf40.math.gatech.edu/,https://mathscinet.ams.org/mathscinet/MRAuthorID/184085,https://zbmath.org/authors/wolf.michael.1,https://www.mathgenealogy.org/id.php?id=74055,https://orcid.org/0000-0001-8804-198X,,,
"Świątkowski, Jacek",18,1995,2021,0,,40,"Instytut Matematyczny, Uniwersytet Wrocławski pl. Grunwaldzki 2/4, 50–384 Wrocław, Poland",arXiv:2312.15827 (2023),https://www.math.uni.wroc.pl/~swiatkow/,https://mathscinet.ams.org/mathscinet/MRAuthorID/321718,https://zbmath.org/authors/swiatkowski.jacek,https://www.mathgenealogy.org/id.php?id=138779,,,,
"Aougab, Tarik",17,2009,2026,0,,37,"Haverford College. 370 Lancaster Ave, Haverford, PA 19041",arXiv:2601.17929 (2026),https://sites.google.com/view/tarikaougab/home,,https://zbmath.org/authors/aougab.tarik,https://www.mathgenealogy.org/id.php?id=271864,,,,
"Bartholdi, Laurent",17,2006,2025,2,Acta Mathematica: 1; Inventiones Mathematicae: 1,130,"LB: Institut Camille Jordan, Université de Lyon 1 and Section de Mathématiques, Université de Genève",arXiv:2609.37562 (2026),https://bartholdi.pages.math.cnrs.fr/,,https://zbmath.org/authors/bartholdi.laurent,,,,,
"Caprace, Pierre-Emmanuel",17,2006,2023,2,Inventiones Mathematicae: 1; Journal of the American Mathematical Society: 1,93,"U. Catholique de Louvain, Belgium",,https://perso.uclouvain.be/pierre-emmanuel.caprace/,https://mathscinet.ams.org/mathscinet/MRAuthorID/752356,https://zbmath.org/authors/caprace.pierre-emmanuel,https://www.mathgenealogy.org/id.php?id=104202,https://orcid.org/0000-0001-5294-2006,,Berwick Prize (2015),ICM Invited Speaker (2022)
"Earle, Clifford J.",17,1964,2003,3,Acta Mathematica: 2; Annals of Mathematics: 1,90,Cornell University,,https://www.math.cornell.edu/m/People/bynetid/cje4,https://mathscinet.ams.org/mathscinet/MRAuthorID/61370,https://zbmath.org/authors/earle.clifford-j,https://www.mathgenealogy.org/id.php?id=1358,,https://en.wikipedia.org/wiki/Clifford_John_Earle_Jr.,,
"Handel, Michael",17,1981,2025,5,Annals of Mathematics: 3; Inventiones Mathematicae: 1; Publications Mathématiques de l'IHÉS: 1,64,CUNY - Lehman C.,,https://comet.lehman.cuny.edu/mathdept/faculty.html,,https://zbmath.org/authors/handel.michael,,,,,
"Martin, Alexandre",17,2014,2026,0,,25,"Department of Mathematics, Heriot-Watt University and Maxwell Institute for Mathematical Sciences, Edinburgh, UK",arXiv:2503.20620 (2025),http://www.macs.hw.ac.uk/~am258,https://mathscinet.ams.org/mathscinet/MRAuthorID/1050505,https://zbmath.org/authors/martin.alexandre,https://www.mathgenealogy.org/id.php?id=187062,,,,
"Matsuzaki, Katsuhiko",17,2004,2026,0,,119,"Department of Mathematics, School of Education, Waseda University, Tokyo 169-8050, Japan",arXiv:2609.19733 (2026),http://www.f.waseda.jp/matsuzak/,,https://zbmath.org/authors/matsuzaki.katsuhiko,,,,,
"Minasyan, Ashot",17,2009,2026,0,,45,"CGTA, School of Mathematical Sciences, University of Southampton, Highfield, Southampton, SO17 1BJ, United Kingdom",arXiv:2603.17596 (2026),https://www.personal.soton.ac.uk/am4x07/index.html,,https://zbmath.org/authors/minasyan.ashot,,,,,
"Nguyen, Duc-Manh",17,2010,2024,0,,30,"Université de Tours, Université d’Orléans, CNRS, IDP, UMR 7013, Parc de Grandmont, 37200 Tours, France",arXiv:2602.19901 (2026),https://www.math.u-bordeaux.fr/~ducnguye/index.html,,https://zbmath.org/authors/nguyen.duc-manh,https://www.mathgenealogy.org/id.php?id=130440,,,,
"Papadopoulos, Athanase",17,1986,2026,0,,256,"Institut de Recherche Mathématique Avancée (Université de Strasbourg et CNRS), 7 rue René Descartes, 67084 Strasbourg Cedex France and…",arXiv:2607.29263 (2026),https://irma.math.unistra.fr/~papadop/ https://www-irma.u-strasbg.fr/~papadop/,https://mathscinet.ams.org/mathscinet/MRAuthorID/135835,https://zbmath.org/authors/papadopoulos.athanase,https://www.mathgenealogy.org/id.php?id=87982,https://orcid.org/0000-0002-0880-0307,,,
"Porti, Joan",17,2001,2025,2,Annals of Mathematics: 1; Inventiones Mathematicae: 1,70,"Departament de Matemàtiques Universitat Autònoma de Barcelona and Centre de Recerca Matemàtica (CRM) Cerdanyola del Vallès, Spain…",arXiv:2602.00976 (2026),https://mat.uab.cat/~porti/,https://mathscinet.ams.org/mathscinet/MRAuthorID/360380,https://zbmath.org/authors/porti.joan,https://www.mathgenealogy.org/id.php?id=80684,https://orcid.org/0000-0003-2554-3709,,,
"Aramayona, Javier",16,2009,2025,0,,50,"Instituto de Ciencias Matemáticas, ICMAT (CSIC-UAM-UC3M-UCM). Nicolás Cabrera, 13–15. 28049, Madrid, Spain",arXiv:2609.08849 (2026),https://sites.google.com/view/javier-aramayona/inicio,,https://zbmath.org/authors/aramayona.javier,,,,,
"Bridgeman, Martin J.",16,1998,2025,1,Inventiones Mathematicae: 1,46,Boston College,arXiv:2602.20146 (2026),https://sites.google.com/bc.edu/martin-bridgeman/home https://www2.bc.edu/~bridgem/,https://mathscinet.ams.org/mathscinet/MRAuthorID/360507,https://zbmath.org/authors/bridgeman.martin-j,https://www.mathgenealogy.org/id.php?id=18913,https://orcid.org/0000-0003-3878-355X,,,
"Gordon, Cameron McA.",16,1998,2026,0,,115,"Department of Mathematics, University of Texas at Austin, 1 University Station, Austin, TX 78712, USA",arXiv:2607.10529 (2026),https://www.ma.utexas.edu/component/cobalt/item/353-gordon-cameron-m?Itemid=1259 https://www.ma.utexas.edu/text/webpages/gordon.html,https://mathscinet.ams.org/mathscinet/MRAuthorID/75435,https://zbmath.org/authors/gordon.cameron-mca,https://www.mathgenealogy.org/id.php?id=13159,,https://en.wikipedia.org/wiki/Cameron_Gordon_(mathematician),,ICM Invited Speaker (1990)
"Martelli, Bruno",16,2003,2024,1,Inventiones Mathematicae: 1,46,"University of Pisa, Italy",institution web page,http://people.dm.unipi.it/martelli/,https://mathscinet.ams.org/mathscinet/MRAuthorID/680643,https://zbmath.org/authors/martelli.bruno,https://www.mathgenealogy.org/id.php?id=168710,,,,
"Suciu, Alexander I.",16,1995,2017,0,,122,"Northeastern University, USA",institution web page,https://suciu.sites.northeastern.edu,https://mathscinet.ams.org/mathscinet/MRAuthorID/168600,https://zbmath.org/authors/suciu.alexander-i,https://www.mathgenealogy.org/id.php?id=37530,https://orcid.org/0000-0002-5060-7754,,,
"Arzhantseva, Goulnara N.",15,2002,2025,0,,52,"Universität Wien, Fakultät für Mathematik, Oskar-Morgenstern-Platz 1, 1090 Wien, Austria",arXiv:2606.20456 (2026),https://www.mat.univie.ac.at/~arjantseva,https://mathscinet.ams.org/mathscinet/MRAuthorID/618671,https://zbmath.org/authors/arzhantseva.goulnara-n,https://www.mathgenealogy.org/id.php?id=122711,,,,
"Davis, Michael W.",15,1995,2021,1,Journal of the American Mathematical Society: 1,80,"Department of Mathematics, Math Tower Ohio State University Columbus, OH 43210",arXiv:2411.19400 (2024),https://people.math.osu.edu/davis.12/ https://www.math.ohio-state.edu/~mdavis/,https://mathscinet.ams.org/mathscinet/MRAuthorID/209782,https://zbmath.org/authors/davis.michael-w,https://www.mathgenealogy.org/id.php?id=12021,,https://en.wikipedia.org/wiki/Michael_W._Davis,,
"Erschler, Anna",15,2000,2023,2,Annals of Mathematics: 1; Inventiones Mathematicae: 1,51,"A.E.: C.N.R.S., LPSM, Sorbonne University, CNRS, Paris, France",arXiv:2508.20296 (2025),https://sites.google.com/site/annaerschler/anna-erschler https://sites.google.com/site/annaerschler/home https://sites.google.com/site/annaerschler/,https://mathscinet.ams.org/mathscinet/MRAuthorID/648657,https://zbmath.org/authors/erschler.anna,https://www.mathgenealogy.org/id.php?id=58660,https://orcid.org/0000-0002-7510-9890,https://en.wikipedia.org/wiki/Anna_Erschler,,ICM Invited Speaker (2010)
"Eskin, Alex",15,1997,2022,9,Journal of the American Mathematical Society: 3; Inventiones Mathematicae: 1; Publications Mathématiques de l'IHÉS: 2; Annals of Mathematics: 3,64,"Department of Mathematics University of Chicago 5734 S University Ave Chicago, IL 60637",arXiv:2502.14042 (2025),https://www.math.uchicago.edu/~eskin/ https://zaphod.uchicago.edu/~eskin/ http://math.uchicago.edu/~eskin/,https://mathscinet.ams.org/mathscinet/MRAuthorID/253227,https://zbmath.org/authors/eskin.alex,https://www.mathgenealogy.org/id.php?id=53170,https://orcid.org/0009-0007-6779-9143,https://en.wikipedia.org/wiki/Alex_Eskin,Clay Research Award (2007); Breakthrough Prize in Mathematics (2020),"ICM Invited Speaker (1998, 2010)"
"Feighn, Mark E.",15,1992,2025,4,Inventiones Mathematicae: 2; Annals of Mathematics: 2,30,Rutgers - Newark,,https://andromeda.rutgers.edu/~feighn/,,https://zbmath.org/authors/feighn.mark-e,,,,,
"Fioravanti, Elia",15,2019,2026,0,,23,"Institute of Algebra and Geometry, Karlsruhe Institute of Technology",arXiv:2608.28348 (2026),https://www.eliafioravanti.com/,,https://zbmath.org/authors/fioravanti.elia,,,,,
"Gonçalves, Daciberg Lima",15,2003,2024,0,,233,"Departamento de Matemática – IME – USP, Rua do Matão, 1010, Cidade Universitária, CEP: 05508-090, São Paulo - SP, Brazil",arXiv:2609.34013 (2026),http://www.ime.usp.br/~dlgoncal/,https://mathscinet.ams.org/mathscinet/MRAuthorID/190954,https://zbmath.org/authors/goncalves.daciberg-lima,https://www.mathgenealogy.org/id.php?id=168036,https://orcid.org/0000-0003-4032-7078,,,
"Koberda, Thomas",15,2012,2024,2,Inventiones Mathematicae: 2,71,"Department of Mathematics, University of Virginia, Charlottesville, VA 22904-4137, USA",arXiv:2608.12168 (2026),https://sites.google.com/view/koberdat,,https://zbmath.org/authors/koberda.thomas,,,,,
"Lanneau, Erwan",15,2004,2025,0,,34,"UMR CNRS 5582, Univ. Grenoble Alpes, CNRS, Institut Fourier, F-38000 Grenoble, France",arXiv:2510.09584 (2025),https://www-fourier.ujf-grenoble.fr/~lanneau/,https://mathscinet.ams.org/mathscinet/MRAuthorID/734873,https://zbmath.org/authors/lanneau.erwan,https://www.mathgenealogy.org/id.php?id=79207,,,,
"Liu, Yi",15,2012,2026,3,Journal of the American Mathematical Society: 2; Inventiones Mathematicae: 1,29,"Beijing International Center for Mathematical Research, Peking University, Beijing 100871, China P.R",arXiv:2609.25683 (2026),http://scholar.pku.edu.cn/liuyi,https://mathscinet.ams.org/mathscinet/MRAuthorID/945775,https://zbmath.org/authors/liu.yi,https://www.mathgenealogy.org/id.php?id=165815,,,,ICM Invited Speaker (2022)
"Luo, Feng",15,1988,2017,0,,113,Rutgers U.,,https://sites.math.rutgers.edu/~fluo/ https://www.math.rutgers.edu/~fluo/,https://mathscinet.ams.org/mathscinet/MRAuthorID/251419,https://zbmath.org/authors/luo.feng,https://www.mathgenealogy.org/id.php?id=15117,,,,
"Ohshika, Ken'ichi",15,1990,2026,1,Inventiones Mathematicae: 1,93,Gakushuin University,,https://www.math.gakushuin.ac.jp/%E3%83%A1%E3%83%B3%E3%83%90%E3%83%BC/%E6%95%99%E5%93%A1/%E5%A4%A7%E9%B9%BF-%E5%81%A5%E4%B8%80/,https://mathscinet.ams.org/mathscinet/MRAuthorID/215829,https://zbmath.org/authors/ohshika.kenichi,https://www.mathgenealogy.org/id.php?id=211059,,,,
"Papasoglu, Panos",15,1995,2023,2,Inventiones Mathematicae: 1; Annals of Mathematics: 1,39,"Mathematical Institute, University of Oxford, Woodstock Road, Oxford OX2 6GG, U.K",arXiv:2609.15917 (2026),,https://mathscinet.ams.org/mathscinet/MRAuthorID/361717,https://zbmath.org/authors/papasoglu.panos,https://www.mathgenealogy.org/id.php?id=37545,,https://en.wikipedia.org/wiki/Panos_Papasoglu,,
"Salter, Nick",15,2016,2026,1,Inventiones Mathematicae: 1,38,"Department of Mathematics, University of Notre Dame, 255 Hurley Building, Notre Dame, IN 46556",arXiv:2512.04018 (2025),https://nsalter.science.nd.edu/ https://math.nd.edu/people/faculty/nick-salter/,,https://zbmath.org/authors/salter.nick,https://www.mathgenealogy.org/id.php?id=220738,,,,
"Satoh, Takao",15,2006,2026,0,,42,"Department of Mathematics, Faculty of Science Division II, Tokyo University of Science, 1-3, Kagurazaka, Shinjuku-ku, Tokyo 162-8601, Japan",arXiv:2511.16866 (2025),https://www.rs.tus.ac.jp/math2/math2/tsatoh/tsatoh-homepage/,,https://zbmath.org/authors/satoh.takao,,,,,
"Schreve, Kevin",15,2014,2026,1,Inventiones Mathematicae: 1,27,"Department of Mathematics, Louisiana State University, Baton Rouge, LA 70806",arXiv:2605.02887 (2026),https://sites.google.com/site/kevinschreve/home,https://mathscinet.ams.org/mathscinet/MRAuthorID/1071747,https://zbmath.org/authors/schreve.kevin,https://www.mathgenealogy.org/id.php?id=192567,,,,
"Tillmann, Stephan",15,2004,2025,0,,73,"School of Mathematics and Statistics F07, The University of Sydney, NSW 2006 Australia —–",arXiv:2606.14413 (2026),http://www.maths.usyd.edu.au/u/tillmann/ https://www.maths.uq.edu.au/~tillmann,https://mathscinet.ams.org/mathscinet/MRAuthorID/663011,https://zbmath.org/authors/tillmann.stephan,https://www.mathgenealogy.org/id.php?id=61439,https://orcid.org/0000-0001-6731-0327,,,
"Yang, Wenyuan",15,2011,2025,1,Inventiones Mathematicae: 1,44,"Beijing International Center for Mathematical Research, Peking University, Beijing 100871, P.R. China",arXiv:2607.25555 (2026),http://faculty.bicmr.pku.edu.cn/~wyang/,,https://zbmath.org/authors/yang.wenyuan,,,,,
"Adams, Colin Conrad",14,1994,2025,0,,119,"Department of Mathematics, Williams College, Williamstown, MA 01267",arXiv:2603.00771 (2026),https://sites.williams.edu/cadams/cv/ https://www.williams.edu/Mathematics/cadams/,https://mathscinet.ams.org/mathscinet/MRAuthorID/22975,https://zbmath.org/authors/adams.colin-c,https://www.mathgenealogy.org/id.php?id=9763,https://orcid.org/0000-0002-9244-8368,https://en.wikipedia.org/wiki/Colin_Adams_(mathematician),,
"Boileau, Michel Charles",14,2002,2019,2,Annals of Mathematics: 1; Inventiones Mathematicae: 1,79,"Aix Marseille University, CNRS, UMR 7373 (I2M) 3 Pl. Victor Hugo, 13003 Marseille France",arXiv:2606.02968 (2026),https://www.i2m.univ-amu.fr/spip.php?page=pageperso&id_user=213&lang=fr,https://mathscinet.ams.org/mathscinet/MRAuthorID/38785,https://zbmath.org/authors/boileau.michel,https://www.mathgenealogy.org/id.php?id=53680,,,,
"Dowdall, Spencer",14,2011,2026,0,,22,"Department of Mathematics, Vanderbilt University, Nashville, TN, USA",arXiv:2609.40240 (2026),https://math.vanderbilt.edu/dowdalsd/,https://mathscinet.ams.org/mathscinet/MRAuthorID/960056,https://zbmath.org/authors/dowdall.spencer,https://www.mathgenealogy.org/id.php?id=161142,,,,
"Druţu, Cornelia",14,2005,2025,0,,40,"Mathematical Institute University of Oxford Oxford, UK",arXiv:2605.29837 (2026),http://people.maths.ox.ac.uk/~drutu/,https://mathscinet.ams.org/mathscinet/MRAuthorID/343378,https://zbmath.org/authors/drutu.cornelia,https://www.mathgenealogy.org/id.php?id=53429,https://orcid.org/0000-0003-3466-8124,https://en.wikipedia.org/wiki/Cornelia_Dru%C8%9Bu,Whitehead Prize (2009),
"Frigerio, Roberto",14,2003,2024,0,,47,"Dipartimento di Matematica, Largo Pontecorvo 5, 56127 Pisa, Italy",arXiv:2609.01830 (2026),https://people.dm.unipi.it/frigerio/,https://mathscinet.ams.org/mathscinet/MRAuthorID/717335,https://zbmath.org/authors/frigerio.roberto,https://www.mathgenealogy.org/id.php?id=161940,https://orcid.org/0000-0001-8242-4648,,,
"Funar, Louis",14,1999,2023,0,,91,"Univ. Grenoble Alpes, CNRS, Institut Fourier, 38000 Grenoble, France",arXiv:2503.22470 (2025),https://www-fourier.ujf-grenoble.fr/~funar/,,https://zbmath.org/authors/funar.louis,,,,,
"Gersten, Stephen M.",14,1983,2006,2,Annals of Mathematics: 1; Inventiones Mathematicae: 1,80,,,,,https://zbmath.org/authors/gersten.stephen-m,,,,,ICM Invited Speaker (1974)
"Hensel, Sebastian Wolfgang",14,2011,2026,1,Journal of the American Mathematical Society: 1,41,"Universität Leipzig, Fakultät für Mathematik und Informatik, Neues Augusteum, Augustusplatz 10, 04109 Leipzig, Germany",arXiv:2606.17172 (2026),https://www.mathematik.uni-muenchen.de/~hensel/forschung.php,https://mathscinet.ams.org/mathscinet/MRAuthorID/938076,https://zbmath.org/authors/hensel.sebastian-wolfgang,https://www.mathgenealogy.org/id.php?id=167267,https://orcid.org/0000-0002-9369-4173,,,
"Hilion, Arnaud",14,2007,2025,0,,24,"Institut de Mathématiques de Toulouse, UMR 5219, Université de Toulouse, UPS F-31062 Toulouse Cedex 9, France",arXiv:2211.11235 (2022),https://www.i2m.univ-amu.fr/user/arnaud.hilion/,https://mathscinet.ams.org/mathscinet/MRAuthorID/794100,https://zbmath.org/authors/hilion.arnaud,https://www.mathgenealogy.org/id.php?id=95162,,,,
"Howie, James",14,1979,2025,2,Inventiones Mathematicae: 1; Annals of Mathematics: 1,101,Department of Mathematics and Maxwell Institute for Mathematical Sciences Heriot–Watt University Edinburgh EH14 4AS,arXiv:2405.13644 (2024),http://www.macs.hw.ac.uk/staff-directory/jim-howie.htm https://www.ma.hw.ac.uk/~jim/,https://mathscinet.ams.org/mathscinet/MRAuthorID/190253,https://zbmath.org/authors/howie.james,https://www.mathgenealogy.org/id.php?id=167645,,,,
"Kazez, William H.",14,1985,2017,3,Inventiones Mathematicae: 3,29,"Department of Mathematics, University of Georgia, Athens, GA 30602",arXiv:1605.03020 (2016),,,https://zbmath.org/authors/kazez.william-h,,,,,
"Kent, Autumn Exum",14,2005,2025,0,,28,U. Wisconsin,,http://www.math.wisc.edu/~kent/ https://www.math.wisc.edu/~kent/,https://mathscinet.ams.org/mathscinet/MRAuthorID/695970,https://zbmath.org/authors/kent.autumn-exum,https://www.mathgenealogy.org/id.php?id=116135,https://orcid.org/0000-0003-1410-8453,https://en.wikipedia.org/wiki/Autumn_Kent,,
"Kim, Sang-Hyun",14,2008,2025,1,Inventiones Mathematicae: 1,47,"School of Mathematics, Korea Institute for Advanced Study (KIAS), Seoul, 02455, Korea",arXiv:2608.12168 (2026),http://cayley.kr https://cayley.kr/wiki/Sang-hyun_Kim https://www.cayley.kr/,https://mathscinet.ams.org/mathscinet/MRAuthorID/849667,https://zbmath.org/authors/kim.sang-hyun,https://www.mathgenealogy.org/id.php?id=126015,https://orcid.org/0000-0002-7759-8210,,,
"Lazarovich, Nir",14,2016,2025,0,,37,"Department of Mathematics Technion Haifa, 32000 Israel",arXiv:2608.15747 (2026),,,https://zbmath.org/authors/lazarovich.nir,,,,,
"Leeb, Bernhard",14,1995,2025,3,Inventiones Mathematicae: 2; Annals of Mathematics: 1,44,,,https://www.mathematik.uni-muenchen.de/~leeb/,https://mathscinet.ams.org/mathscinet/MRAuthorID/340147,https://zbmath.org/authors/leeb.bernhard,https://www.mathgenealogy.org/id.php?id=39710,,,,
"Miyachi, Hideki",14,2002,2026,0,,67,"School of Mathematics and Physics, College of Science and Engineering, Kanazawa University, Kakuma-machi, Kanazawa, Ishikawa, 920-1192…",arXiv:2608.13354 (2026),https://ridb.kanazawa-u.ac.jp/public/detail_en.php?id=4673&amp,,https://zbmath.org/authors/miyachi.hideki,,,,,
"Sageev, Michah",14,1995,2024,2,Inventiones Mathematicae: 1; Annals of Mathematics: 1,32,"The Technion, Israel",,https://math-faculty.net.technion.ac.il/sageev/,,https://zbmath.org/authors/sageev.michah,,,,,
"Schlenker, Jean-Marc",14,2009,2026,1,Inventiones Mathematicae: 1,99,"University of Luxembourg, FSTM, Department of Mathematics, Maison du nombre, 6 avenue de la Fonte, L-4364 Esch-sur-Alzette, Luxembourg",arXiv:2609.32300 (2026),https://math.uni.lu/schlenker/,https://mathscinet.ams.org/mathscinet/MRAuthorID/362432,https://zbmath.org/authors/schlenker.jean-marc,https://www.mathgenealogy.org/id.php?id=76009,https://orcid.org/0000-0002-0853-4512,,,ICM Invited Speaker (2026)
"Scott, G. Peter",14,1973,2014,0,,65,,,,https://mathscinet.ams.org/mathscinet/MRAuthorID/190277,https://zbmath.org/authors/scott.g-peter,https://www.mathgenealogy.org/id.php?id=7934,,https://en.wikipedia.org/wiki/G._Peter_Scott,Senior Berwick Prize (1986),
"Series, Caroline",14,1981,2017,1,Acta Mathematica: 1,78,"U. Warwick, U.K.",,http://homepages.warwick.ac.uk/~masbb/ https://www.maths.warwick.ac.uk/~cms/,https://mathscinet.ams.org/mathscinet/MRAuthorID/158880,https://zbmath.org/authors/series.caroline,https://www.mathgenealogy.org/id.php?id=75406,,https://en.wikipedia.org/wiki/Caroline_Series,Whitehead Prize (1987); Fellow of the Royal Society (2016),ICM Invited Speaker (1986)
"Tan, Ser Peow",14,1994,2025,0,,59,"Department of Mathematics, National University of Singapore, Singapore",arXiv:2601.01324 (2026),http://www.math.nus.edu.sg/~mattansp/,https://mathscinet.ams.org/mathscinet/MRAuthorID/331663,https://zbmath.org/authors/tan.ser-peow,https://www.mathgenealogy.org/id.php?id=40065,,,,
"Wu, Yunhui",14,2014,2025,1,Inventiones Mathematicae: 1,38,"Tsinghua University, China",institution web page,https://math.tsinghua.edu.cn/info/1125/1901.htm,https://mathscinet.ams.org/mathscinet/MRAuthorID/866790,https://zbmath.org/authors/wu.yunhui,https://www.mathgenealogy.org/id.php?id=170465,,,,
"Young, Robert",14,2009,2025,4,Annals of Mathematics: 3; Acta Mathematica: 1,38,"New York University, Courant Institute of Mathematical Sciences, 251 Mercer Street, 10012, New York, USA",arXiv:2605.15987 (2026),https://math.nyu.edu/people/profiles/YOUNG_Robert.html,https://mathscinet.ams.org/mathscinet/MRAuthorID/776357,https://zbmath.org/authors/young.robert,https://www.mathgenealogy.org/id.php?id=139206,https://orcid.org/0000-0003-1163-4108,,,ICM Invited Speaker (2022)
"Zimmermann, Bruno P.",14,1977,2018,0,,117,"University of Trieste, Italy",institution web page,http://www.dmi.units.it/~zimmerma/,https://mathscinet.ams.org/mathscinet/MRAuthorID/187280,https://zbmath.org/authors/zimmermann.bruno-p,https://www.mathgenealogy.org/id.php?id=23852,,,,
"Abbott, Carolyn R.",13,2016,2026,0,,31,Brandeis U.,,https://www.carolynrabbott.com/,,https://zbmath.org/authors/abbott.carolyn-r,,,,,
"Bux, Kai-Uwe",13,1999,2024,3,Inventiones Mathematicae: 1; Journal of the American Mathematical Society: 1; Annals of Mathematics: 1,41,"Faculty of Mathematics, Bielefeld Univeristy, D-33501 Bielefeld, Germany",arXiv:2408.05673 (2024),https://www.math.uni-bielefeld.de/~bux/,https://mathscinet.ams.org/mathscinet/MRAuthorID/621144,https://zbmath.org/authors/bux.kai-uwe,https://www.mathgenealogy.org/id.php?id=27372,,,,
"Chen, Dawei",13,2011,2025,2,Journal of the American Mathematical Society: 1; Inventiones Mathematicae: 1,64,"Department of Mathematics, Boston College, Chestnut Hill, MA 02467, USA",arXiv:2606.24135 (2026),https://sites.google.com/bc.edu/dawei-chen,https://mathscinet.ams.org/mathscinet/MRAuthorID/848983,https://zbmath.org/authors/chen.dawei,https://www.mathgenealogy.org/id.php?id=128144,https://orcid.org/0000-0002-3926-2636,,,
"Cleary, Sean",13,2001,2026,0,,54,CUNY,,https://www.sci.ccny.cuny.edu/~cleary/,,https://zbmath.org/authors/cleary.sean,,,,,
"Dehornoy, Patrick",13,1994,2015,0,,115,"U. Caen, France",,https://www.math.unicaen.fr/~dehornoy/ https://www.lmno.cnrs.fr/archives/dehornoy/,https://mathscinet.ams.org/mathscinet/MRAuthorID/56075,https://zbmath.org/authors/dehornoy.patrick,https://www.mathgenealogy.org/id.php?id=22593,https://orcid.org/0000-0003-4024-2728,https://en.wikipedia.org/wiki/Patrick_Dehornoy,,
"Delzant, Thomas",13,1995,2026,0,,35,"IRMA, Strasbourg, France",,https://www-irma.u-strasbg.fr/~delzant/,,https://zbmath.org/authors/delzant.thomas,,,,,
"Fenley, Sérgio R.",13,1995,2024,0,,58,"Department of Mathematics, Florida State University, United States",arXiv:2607.28139 (2026),https://www.math.fsu.edu/~fenley/,https://mathscinet.ams.org/mathscinet/MRAuthorID/325629,https://zbmath.org/authors/fenley.sergio-r,https://www.mathgenealogy.org/id.php?id=15683,,,,
"Goldman, William M.",13,1984,2014,3,Annals of Mathematics: 1; Inventiones Mathematicae: 2,111,"Department of Mathematics, University of Maryland, College Park, MD 20742, USA and Simons-Laufer Mathematical Sciences Institute, Berkeley…",arXiv:2605.11298 (2026),http://www2.math.umd.edu/~wmg/ https://www.math.umd.edu/~wmg/,https://mathscinet.ams.org/mathscinet/MRAuthorID/74725,https://zbmath.org/authors/goldman.william-m,https://www.mathgenealogy.org/id.php?id=14983,,https://en.wikipedia.org/wiki/William_Goldman_(mathematician),,ICM Invited Speaker (2010)
"González-Meneses, Juan",13,2002,2021,0,,45,"Dpto. Álgebra, Facultad de Matemáticas, Instituto de Matemáticas (IMUS), Universidad de Sevilla, Av. Reina Mercedes s/n, 41012 Sevilla…",arXiv:2604.15243 (2026),https://personal.us.es/meneses/,https://mathscinet.ams.org/mathscinet/MRAuthorID/677168,https://zbmath.org/authors/gonzalez-meneses.juan,https://www.mathgenealogy.org/id.php?id=65113,https://orcid.org/0000-0002-2520-2755,,,
"Gupta, Subhojoy",13,2014,2025,0,,34,"Department of Mathematics, Indian Institute of Science, Bangalore 560012, India",arXiv:2608.27939 (2026),https://sites.google.com/view/subhojoy/home,https://mathscinet.ams.org/mathscinet/MRAuthorID/1001472,https://zbmath.org/authors/gupta.subhojoy,https://www.mathgenealogy.org/id.php?id=164722,,,,
"Haettel, Thomas",13,2010,2025,0,,25,"Université de Montpellier (IMAG), France",institution web page,https://imag.umontpellier.fr/~haettel/,,https://zbmath.org/authors/haettel.thomas,,,,,
"Hatcher, Allen Edward",13,1992,2016,0,,54,Cornell U.,,https://pi.math.cornell.edu/~hatcher/ https://www.math.cornell.edu/~hatcher,https://mathscinet.ams.org/mathscinet/MRAuthorID/82385,https://zbmath.org/authors/hatcher.allen-e,https://www.mathgenealogy.org/id.php?id=23358,,https://en.wikipedia.org/wiki/Allen_Hatcher,,ICM Invited Speaker (1978)
"Hruska, G. Christopher",13,2004,2025,0,,23,University of Wisconsin–Milwaukee,,https://sites.uwm.edu/chruska/,https://mathscinet.ams.org/mathscinet/MRAuthorID/680331,https://zbmath.org/authors/hruska.g-christopher,https://www.mathgenealogy.org/id.php?id=69819,,,,
"Januszkiewicz, Tadeusz",13,2001,2024,0,,47,Polish Acad. Sciences,,https://www.impan.pl/~tjan/,https://mathscinet.ams.org/mathscinet/MRAuthorID/93735,https://zbmath.org/authors/januszkiewicz.tadeusz,https://www.mathgenealogy.org/id.php?id=138636,https://orcid.org/0000-0002-6570-0281,,,ICM Invited Speaker (2010)
"Korkmaz, Mustafa",13,1998,2023,0,,42,"Department of Mathematics, Middle East Technical University, 06800 Ankara, Turkey",arXiv:2302.06702 (2023),https://users.metu.edu.tr/korkmaz/,https://mathscinet.ams.org/mathscinet/MRAuthorID/630787,https://zbmath.org/authors/korkmaz.mustafa,https://www.mathgenealogy.org/id.php?id=15550,,,,
"Kropholler, Robert P.",13,2016,2025,0,,29,"Mathematics Institute, Zeeman Building, University of Warwick, Coventry CV4 7AL, United Kingdom",arXiv:2501.01688 (2025),,,https://zbmath.org/authors/kropholler.robert-p,,,,,
"Lackenby, Marc",13,1998,2024,3,Inventiones Mathematicae: 3,69,"Mathematical Institute, University of Oxford, Woodstock Road, Oxford OX2 6GG, United Kingdom",arXiv:2607.23350 (2026),https://www.maths.ox.ac.uk/~lackenby/,https://mathscinet.ams.org/mathscinet/MRAuthorID/609099,https://zbmath.org/authors/lackenby.marc,https://www.mathgenealogy.org/id.php?id=70120,,https://en.wikipedia.org/wiki/Marc_Lackenby,Whitehead Prize (2003),ICM Invited Speaker (2010)
"Lafont, Jean-François",13,2004,2025,1,Inventiones Mathematicae: 1,63,"The Ohio State University, 231 W. 18th Ave., Columbus OH 43210",arXiv:2511.00364 (2025),https://www.math.ohio-state.edu/~jlafont/,,https://zbmath.org/authors/lafont.jean-francois,,,,,
"Mackay, John M.",13,2010,2026,1,Inventiones Mathematicae: 1,28,"School of Mathematics, University of Bristol, Bristol, BS8 1UG, UK",arXiv:2605.03040 (2026),https://people.maths.bris.ac.uk/~jm13806/,,https://zbmath.org/authors/mackay.john-m,,,,,
"Meier, John",13,1995,2015,0,,48,Lafayette C.,,https://math.lafayette.edu/people/john-meier/ https://sites.lafayette.edu/meierj/,https://mathscinet.ams.org/mathscinet/MRAuthorID/310217,https://zbmath.org/authors/meier.john,https://www.mathgenealogy.org/id.php?id=39549,,,,
"Mihalik, Michael L.",13,1987,2024,0,,56,"Department of Mathematics Vanderbilt University Nashville, TN 32340",arXiv:2507.17574 (2025),https://sitemason.vanderbilt.edu/site/eLjwli,,https://zbmath.org/authors/mihalik.michael-l,,,,,
"Niblo, Graham A.",13,1991,2021,0,,50,"School of Mathematical Sciences, University of Southampton, Highfield, SO17 1BJ, United Kingdom",arXiv:2405.06438 (2024),https://www.maths.soton.ac.uk/staff/Niblo/,https://mathscinet.ams.org/mathscinet/MRAuthorID/272714,https://zbmath.org/authors/niblo.graham-a,https://www.mathgenealogy.org/id.php?id=42464,https://orcid.org/0000-0003-0648-7027,,,
"Oh, Hee",13,2011,2025,2,Journal of the American Mathematical Society: 2,108,"Department of Mathematics, Yale University, New Haven, CT 06511",arXiv:2607.18037 (2026),https://gauss.math.yale.edu/~ho2/ https://campuspress.yale.edu/heeoh/,https://mathscinet.ams.org/mathscinet/MRAuthorID/615083,https://zbmath.org/authors/oh.hee,https://www.mathgenealogy.org/id.php?id=14939,,https://en.wikipedia.org/wiki/Hee_Oh,Satter Prize (2015),ICM Plenary Speaker (2026); ICM Invited Speaker (2010)
"Okun, Boris L.",13,2001,2025,1,Inventiones Mathematicae: 1,28,"Department of Mathematical Sciences, University of Wisconsin–Milwaukee, Milwaukee, WI 53201",arXiv:2403.16102 (2024),https://sites.uwm.edu/okun/,,https://zbmath.org/authors/okun.boris-l,,,,,
"Riley, Timothy R.",13,2003,2026,0,,45,Cornell U.,,https://www.math.cornell.edu/~riley/index.html,,https://zbmath.org/authors/riley.timothy-r,,,,,
"Stark, Emily R.",13,2018,2026,0,,24,"Department of Mathematics, Wesleyan University, 265 Church St., Middletown, CT 06459",arXiv:2604.13898 (2026),https://estark.net/,,https://zbmath.org/authors/stark.emily-r,,,,,
"Swenson, Eric L.",13,1998,2021,1,Inventiones Mathematicae: 1,27,"Department of Mathematics, Brigham Young University, 275 TMCB, Provo, UT 84602, U.S.A",arXiv:2609.15917 (2026),https://www.math.byu.edu/~eric/,,https://zbmath.org/authors/swenson.eric-l,,,,,
"Woodhouse, Daniel J.",13,2017,2026,0,,17,,,,,https://zbmath.org/authors/woodhouse.daniel-j,,,,,
"Zhang, Xingru",13,1996,2014,2,Journal of the American Mathematical Society: 1; Annals of Mathematics: 1,52,"Department of Mathematics, University at Buffalo, Buffalo, NY, 14214-3093, USA",arXiv:2603.10235 (2026),https://www.buffalo.edu/cas/math/people/faculty/zhang.html,https://mathscinet.ams.org/mathscinet/MRAuthorID/346629,https://zbmath.org/authors/zhang.xingru,https://www.mathgenealogy.org/id.php?id=17606,,,,
"Biswas, Indranil",12,1996,2022,1,Acta Mathematica: 1,751,"Department of Mathematics, Shiv Nadar University, NH91, Tehsil Dadri, Greater Noida, Uttar Pradesh 201314, India",arXiv:2609.38040 (2026),https://fellows.ias.ac.in/profile/v/FL2003002,,https://zbmath.org/authors/biswas.indranil,https://www.mathgenealogy.org/id.php?id=234666,,https://en.wikipedia.org/wiki/Indranil_Biswas,Shanti Swarup Bhatnagar Prize (2006),
"Dumas, David",12,2006,2020,1,Acta Mathematica: 1,20,,,,,https://zbmath.org/authors/dumas.david,,,,,
"Dunfield, Nathan M.",12,1999,2022,5,Inventiones Mathematicae: 5,48,"Dept. of Mathematics, University of Illinois Urbana-Champaign, Urbana, IL 61801, USA",arXiv:2608.27811 (2026),https://www.math.uiuc.edu/~nmd/ https://nmd.web.illinois.edu/,https://mathscinet.ams.org/mathscinet/MRAuthorID/341957,https://zbmath.org/authors/dunfield.nathan-m,https://www.mathgenealogy.org/id.php?id=38330,https://orcid.org/0000-0002-9152-6598,https://en.wikipedia.org/wiki/Nathan_Dunfield,,
"Durham, Matthew Gentry",12,2015,2026,0,,20,"Department of Mathematics and Statistics, CUNY Hunter College, New York, NY, USA",arXiv:2609.40240 (2026),https://sites.google.com/view/mgdurham/home,,https://zbmath.org/authors/durham.matthew-gentry,,https://orcid.org/0000-0003-2116-0321,,,
"Forester, Max",12,2002,2024,0,,22,"Department of Mathematics University of Oklahoma Norman, OK 73019",arXiv:2409.04862 (2024),https://www.math.ou.edu/~forester,,https://zbmath.org/authors/forester.max,,,,,
"Guéritaud, François",12,2006,2025,1,Inventiones Mathematicae: 1,34,"CNRS and IRMA, Université de Strasbourg, 7 rue René Descartes, 67084 Strasbourg Cedex, France",arXiv:2512.04684 (2025),https://irma.math.unistra.fr/~gueritaud/,https://mathscinet.ams.org/mathscinet/MRAuthorID/710778,https://zbmath.org/authors/gueritaud.francois,https://www.mathgenealogy.org/id.php?id=111865,,,,
"Li, Tao",12,2002,2024,3,Journal of the American Mathematical Society: 2; Inventiones Mathematicae: 1,24,Boston C.,,https://sites.google.com/bc.edu/tao-li/ https://www2.bc.edu/~taoli/,https://mathscinet.ams.org/mathscinet/MRAuthorID/693731,https://zbmath.org/authors/li.tao,https://www.mathgenealogy.org/id.php?id=46138,,,,ICM Invited Speaker (2014)
"Llosa Isenrich, Claudio",12,2019,2024,1,Inventiones Mathematicae: 1,25,"Karlsruhe Institute of Technology, Englerstr. 2, 76131 Karlsruhe, Germany",arXiv:2510.01952 (2025),https://www.claudiollosa.com/,,https://zbmath.org/authors/llosa-isenrich.claudio,,,,,
"Papadima, Ștefan",12,2001,2022,1,Annals of Mathematics: 1,78,"Institute of Mathematics of the Romanian Academy (IMAR), Romania",institution web page,https://www.imar.ro/~spapadim/,https://mathscinet.ams.org/mathscinet/MRAuthorID/190377,https://zbmath.org/authors/papadima.stefan,https://www.mathgenealogy.org/id.php?id=148712,,,,
"Sela, Zlil",12,1994,2023,5,Inventiones Mathematicae: 2; Annals of Mathematics: 2; Publications Mathématiques de l'IHÉS: 1,34,"Hebrew U., Israel",,https://www.ma.huji.ac.il/~zlil/ http://www.ma.huji.ac.il/~zlil/,https://mathscinet.ams.org/mathscinet/MRAuthorID/289988,https://zbmath.org/authors/sela.zlil,https://www.mathgenealogy.org/id.php?id=118496,https://orcid.org/0000-0002-7729-2203,https://en.wikipedia.org/wiki/Zlil_Sela,,ICM Invited Speaker (2002)
"Shen, Yuliang",12,1996,2026,0,,71,"Department of Mathematics, Soochow University, Suzhou 215006, P. R. China",arXiv:2609.08539 (2026),,,https://zbmath.org/authors/shen.yuliang,,,,,
"Soma, Teruhiko",12,1992,2025,0,,74,,,,,https://zbmath.org/authors/soma.teruhiko,,,,,
"Stover, Matthew",12,2013,2025,1,Inventiones Mathematicae: 1,52,"Dept. of Mathematics, Temple University, Philadelphia, PA 19122, USA",arXiv:2605.16658 (2026),https://sites.temple.edu/mstover/,https://mathscinet.ams.org/mathscinet/MRAuthorID/828977,https://zbmath.org/authors/stover.matthew,https://www.mathgenealogy.org/id.php?id=144222,,,,
Tran Cong Hung,12,2015,2026,0,,23,University of Georgia,,https://www.math.uga.edu/directory/people/hung-cong-tran,https://mathscinet.ams.org/mathscinet/MRAuthorID/1046743,https://zbmath.org/authors/tran-cong-hung.,https://www.mathgenealogy.org/id.php?id=208039,,,,
"Wade, Richard D.",12,2011,2025,0,,21,"N. Andrew, R. WadeMathematical Institute, Andrew Wiles Building, Observatory Quarter, University of Oxford, Oxford OX2 6GG, UK",arXiv:2502.21177 (2025),https://www.maths.ox.ac.uk/people/richard.wade,,https://zbmath.org/authors/wade.richard-d,,,,,
"Witzel, Stefan",12,2013,2024,2,Annals of Mathematics: 1; Inventiones Mathematicae: 1,32,"Mathematisches Institut, JLU Gießen, Arndtstr. 2, D-35392 Gießen, Germany",arXiv:2605.06163 (2026),https://www.switzel.eu/,https://mathscinet.ams.org/mathscinet/MRAuthorID/1001020,https://zbmath.org/authors/witzel.stefan,https://www.mathgenealogy.org/id.php?id=150764,,,,
"Baik, Hyungryul",11,2016,2025,0,,45,"Department of Mathematical Sciences, KAIST, 291 Daehak-ro, Yuseong-gu, 34141 Daejeon, South Korea",arXiv:2603.04197 (2026),https://www.hbaik.org/home,,https://zbmath.org/authors/baik.hyungryul,,,,,
"Biringer, Ian",11,2009,2026,0,,25,"Boston College, 140 Commonwealth Ave, Chestnut Hill, MA 02467",arXiv:2409.03967 (2024),https://www2.bc.edu/ian-p-biringer/,,https://zbmath.org/authors/biringer.ian,,,,,
"Bonsante, Francesco",11,2009,2023,1,Inventiones Mathematicae: 1,33,"Dipartimento di Matematica “Felice Casorati"", Università degli Studi di Pavia, Via Ferrata 5, 27100, Pavia, Italy",arXiv:2207.10019 (2022),https://mate.unipv.it/~bonsante/,https://mathscinet.ams.org/mathscinet/MRAuthorID/769339,https://zbmath.org/authors/bonsante.francesco,https://www.mathgenealogy.org/id.php?id=228522,https://orcid.org/0000-0002-8091-5301,,,
"Bregman, Corey",11,2018,2026,0,,25,"Department of Mathematics, Tufts University, Medford, MA 02155, USA",arXiv:2604.02099 (2026),https://usm.maine.edu/math/corey-bregman,,https://zbmath.org/authors/bregman.corey,,,,,
"Brendle, Tara E.",11,2001,2024,2,Inventiones Mathematicae: 1; Journal of the American Mathematical Society: 1,21,"School of Mathematics & Statistics, University of Glasgow, University Place, Glasgow G12 8QQ, UK",arXiv:2608.26001 (2026),https://www.maths.gla.ac.uk/~tbrendle/,https://mathscinet.ams.org/mathscinet/MRAuthorID/683339,https://zbmath.org/authors/brendle.tara-e,https://www.mathgenealogy.org/id.php?id=24564,,https://en.wikipedia.org/wiki/Tara_E._Brendle,,
"Cashen, Christopher H.",11,2010,2026,0,,25,TU Wien Institute of Discrete Mathematics and Geometry Wiedener Hauptstrasse 8-10 1040 Vienna Austria 0000-0002-6340-469X,arXiv:2608.17036 (2026),https://www.mat.univie.ac.at/~cashen,https://mathscinet.ams.org/mathscinet/MRAuthorID/902549,https://zbmath.org/authors/cashen.christopher-h,https://www.mathgenealogy.org/id.php?id=113980,https://orcid.org/0000-0002-6340-469X,,,
"Ciobanu, Laura",11,2009,2024,0,,50,"1Technische Universität Berlin, Institut für Mathematik, 10623 Berlin, Germany and Heriot-Watt University, Department of Mathematics, EH14…",arXiv:2605.06023 (2026),https://homeweb1.unifr.ch/ciobanul/pub/ https://www.macs.hw.ac.uk/~lc45/,https://mathscinet.ams.org/mathscinet/MRAuthorID/797163,https://zbmath.org/authors/ciobanu.laura,https://www.mathgenealogy.org/id.php?id=34129,https://orcid.org/0000-0002-9451-1471,,,
"Cordes, Matthew",11,2017,2025,0,,16,"Department of Mathematics, Heriot-Watt University and Maxwell Institute for Mathematical Sciences, Edinburgh, United Kingdom",arXiv:2503.14085 (2025),https://www.mcordes.com/,,https://zbmath.org/authors/cordes.matthew,,,,,
"Dani, Pallavi",11,2007,2026,0,,21,"Department of Mathematics, Louisiana State University, Baton Rouge, LA 70803–4918, USA fill up the line 0000-0001-7653-2618",arXiv:2510.03430 (2025),https://www.math.lsu.edu/~pdani/ https://www.math.lsu.edu/~pdani/index.html,https://mathscinet.ams.org/mathscinet/MRAuthorID/815549,https://zbmath.org/authors/dani.pallavi,https://www.mathgenealogy.org/id.php?id=32234,,https://en.wikipedia.org/wiki/Pallavi_Dani,,
"Gardiner, Frederick P.",11,1968,2013,1,Acta Mathematica: 1,65,,,http://userhome.brooklyn.cuny.edu/gardiner/,,https://zbmath.org/authors/gardiner.frederick-p,,,,,
"Gay, David T.",11,2002,2020,0,,38,"Department of Mathematics, University of Georgia, Athens, GA 30602",arXiv:2604.00448 (2026),http://www.euclidlab.org/david-gay/,,https://zbmath.org/authors/gay.david-t,https://www.mathgenealogy.org/id.php?id=32549,,,,
"Guaschi, John",11,2004,2024,0,,62,"Normandie Univ., UNICAEN, CNRS, LMNO, 14000 Caen, France",arXiv:2509.02707 (2025),https://www.picard.ups-tlse.fr/~guaschi/,,https://zbmath.org/authors/guaschi.john,,,,,
"Hubert, Pascal",11,2001,2017,0,,82,Institut de Mathématiques de Marseille 39 rue F. Joliot-Curie 13453 Marseille Cedex 20 France,arXiv:2603.19401 (2026),https://www.i2m.univ-amu.fr/user/pascal.hubert/,https://mathscinet.ams.org/mathscinet/MRAuthorID/364664,https://zbmath.org/authors/hubert.pascal,https://www.mathgenealogy.org/id.php?id=133964,,,,
"Jankiewicz, Kasia",11,2016,2026,0,,25,"Department of Mathematics, University of British Columbia, Vancouver, BC, Canada V6T 1Z2",arXiv:2605.02887 (2026),https://people.ucsc.edu/~kjankiew/,,https://zbmath.org/authors/jankiewicz.kasia,,,,,
"Kalfagianni, Efstratia",11,2004,2026,0,,62,"Department of Mathematics, Michigan State University, East Lansing, MI, 48824, USA",arXiv:2608.12668 (2026),https://users.math.msu.edu/users/kalfagia/,,https://zbmath.org/authors/kalfagianni.efstratia,,,,,
"Kochloukova, Dessislava Hristova",11,2010,2026,0,,109,"UNICAMP (IMECC), Brazil",institution web page,https://www.ime.unicamp.br/~desi/,,https://zbmath.org/authors/kochloukova.dessislava-hristova,,,,,
"Kra, Irwin",11,1969,1994,3,Acta Mathematica: 2; Journal of the American Mathematical Society: 1,103,,,,https://mathscinet.ams.org/mathscinet/MRAuthorID/105975,https://zbmath.org/authors/kra.irwin,https://www.mathgenealogy.org/id.php?id=11630,,https://en.wikipedia.org/wiki/Irwin_Kra,,
"Lubotzky, Alexander",11,1983,2026,1,Inventiones Mathematicae: 1,195,Department of Mathematics Weizmann Institute of Science Rehovot Israel,arXiv:2607.17578 (2026),https://www.ma.huji.ac.il/~alexlub/,https://mathscinet.ams.org/mathscinet/MRAuthorID/116480,https://zbmath.org/authors/lubotzky.alexander,https://www.mathgenealogy.org/id.php?id=22528,https://orcid.org/0000-0001-7281-1142,https://en.wikipedia.org/wiki/Alexander_Lubotzky,,ICM Plenary Speaker (2018); ICM Invited Speaker (1994)
"Martínez-Pérez, Conchita",11,2012,2026,0,,59,"Departamento de Matemáticas Universidad de Zaragoza 50009 Zaragoza, Spain",arXiv:2510.13038 (2025),https://personal.unizar.es/conchita-martinez/Personal.html,,https://zbmath.org/authors/martinez-perez.conchita,,,,,
"McCullough, Darryl",11,1980,2013,1,Annals of Mathematics: 1,71,University of Oklahoma (former),,,https://mathscinet.ams.org/mathscinet/MRAuthorID/122260,https://zbmath.org/authors/mccullough.darryl,https://www.mathgenealogy.org/id.php?id=7259,,,,
"Mirzakhani, Maryam",11,2007,2022,4,Inventiones Mathematicae: 2; Journal of the American Mathematical Society: 1; Annals of Mathematics: 1,25,,,http://mmirzakhani.com,https://mathscinet.ams.org/mathscinet/MRAuthorID/602134,https://zbmath.org/authors/mirzakhani.maryam,https://www.mathgenealogy.org/id.php?id=91093,https://orcid.org/0000-0001-8327-4434,https://en.wikipedia.org/wiki/Maryam_Mirzakhani,Satter Prize (2013); Clay Research Award (2014); Fields Medal (2014),ICM Plenary Speaker (2014); ICM Invited Speaker (2010)
"Ol'shanskiĭ, Aleksandr Yur'evich",11,1996,2026,1,Annals of Mathematics: 1,153,Vanderbilt U.,,https://www.math.vanderbilt.edu/~olsh/,https://mathscinet.ams.org/mathscinet/MRAuthorID/196218,https://zbmath.org/authors/olshanskii.alexander-yu,https://www.mathgenealogy.org/id.php?id=96715,,https://en.wikipedia.org/wiki/Alexander_Olshanskii,,
"Petrosyan, Nansen",11,2013,2026,0,,36,"School of Mathematics, University of Southampton, Southampton SO17 1BJ, UK",arXiv:2605.07853 (2026),https://www.southampton.ac.uk/maths/about/staff/np3u12.page,https://mathscinet.ams.org/mathscinet/MRAuthorID/774786,https://zbmath.org/authors/petrosyan.nansen,https://www.mathgenealogy.org/id.php?id=102988,,,,
"Pozzetti, Maria Beatrice",11,2015,2026,0,,32,,,https://www.mathi.uni-heidelberg.de/~pozzetti/,,https://zbmath.org/authors/pozzetti.maria-beatrice,,,,,
"Qing, Yulan",11,2017,2026,0,,27,"Department of Mathematics, University of Tennessee at Knoxville, Knoxville, TN, USA",arXiv:2603.24423 (2026),https://web.math.utk.edu/~yqing/,,https://zbmath.org/authors/qing.yulan,,,,,
"Rolfsen, Dale",11,1997,2023,1,Inventiones Mathematicae: 1,74,"Department of Mathematics, University of British Columbia, Vancouver, BC, Canada V6T 1Z2",arXiv:2406.18876 (2024),https://www.math.ubc.ca/~rolfsen/ https://personal.math.ubc.ca/~rolfsen/,https://mathscinet.ams.org/mathscinet/MRAuthorID/149960,https://zbmath.org/authors/rolfsen.dale,https://www.mathgenealogy.org/id.php?id=760,,,,
"Tao, Jing",11,2013,2025,0,,23,"University of Oklahoma Department of Mathematics 601 Elm Avenue Room 423 Norman, OK 73019",arXiv:2608.22461 (2026),https://math.ou.edu/~jing/ https://www2.math.ou.edu/~jing/,https://mathscinet.ams.org/mathscinet/MRAuthorID/984248,https://zbmath.org/authors/tao.jing,https://www.mathgenealogy.org/id.php?id=158808,,https://en.wikipedia.org/wiki/Jing_Tao,,
"Zalesskii, Pavel",11,2011,2025,0,,139,"Universidade de Brasília, Departamento de Matemática, 70910-900 Brasília, Brazil",arXiv:2607.23875 (2026),http://pz.mat.unb.br/,https://mathscinet.ams.org/mathscinet/MRAuthorID/245312,https://zbmath.org/authors/zalesskij.pavel-a,https://www.mathgenealogy.org/id.php?id=108799,https://orcid.org/0000-0002-2015-239X,,,
"Antolín, Yago",10,2015,2022,0,,32,"Department of Mathematical Sciences, University of Copenhagen, Copenhagen, Denmark",arXiv:2410.19086 (2024),https://sites.google.com/site/yagoanpi/,https://mathscinet.ams.org/mathscinet/MRAuthorID/920021,https://zbmath.org/authors/antolin.yago,https://www.mathgenealogy.org/id.php?id=145815,https://orcid.org/0000-0002-6716-8508,,,
"Bader, Uri",10,2006,2025,5,Inventiones Mathematicae: 4; Journal of the American Mathematical Society: 1,60,"university of Maryland, College Park, USA and Weizmann Institute of Science, Rehovot, Israel",arXiv:2609.08652 (2026),https://www.weizmann.ac.il/math/uribader/home,https://mathscinet.ams.org/mathscinet/MRAuthorID/707409,https://zbmath.org/authors/bader.uri,https://www.mathgenealogy.org/id.php?id=103056,,,,ICM Invited Speaker (2026)
"Baykur, Refik İnanç",10,2006,2024,0,,53,"Department of Mathematics and Statistics, University of Massachusetts, Amherst, MA 01003, USA",arXiv:2607.27751 (2026),http://www.math.umass.edu/~baykur/,https://mathscinet.ams.org/mathscinet/MRAuthorID/794751,https://zbmath.org/authors/baykur.refik-inanc,https://www.mathgenealogy.org/id.php?id=112259,,,,
"Bleak, Collin",10,2008,2026,0,,41,"U. St. Andrews, Scotland",,https://www.mcs.st-andrews.ac.uk/homepages/cb211.html https://risweb.st-andrews.ac.uk:443/portal/en/persons/collin-patrick-bleak(e4a98978-bb1b-40fb-98f1-1e42c31f78f7).html,https://mathscinet.ams.org/mathscinet/MRAuthorID/831679,https://zbmath.org/authors/bleak.collin,https://www.mathgenealogy.org/id.php?id=96052,https://orcid.org/0000-0001-5790-1940,,,
"Calderon, Aaron",10,2020,2026,1,Inventiones Mathematicae: 1,17,"Department of Mathematics, University of Chicago",arXiv:2510.19930 (2025),https://aacalderon.com/,,https://zbmath.org/authors/calderon.aaron,https://www.mathgenealogy.org/id.php?id=290489,,,,
"Cantrell, Stephen",10,2021,2026,0,,19,"Mathematical Institute, University of St Andrews, North Haugh, St Andrews, KY16 9SS, Scotland",arXiv:2605.02585 (2026),https://sjcantrell.github.io/,,https://zbmath.org/authors/cantrell.stephen,https://www.mathgenealogy.org/id.php?id=267143,,,,
"Cohen, Daniel C.",10,1995,2015,0,,52,"Louisiana State University, USA",institution web page,https://www.math.lsu.edu/~cohen/,https://mathscinet.ams.org/mathscinet/MRAuthorID/290411,https://zbmath.org/authors/cohen.daniel-c,https://www.mathgenealogy.org/id.php?id=30211,,,,
"Crisp, John Studley",10,2000,2009,1,Inventiones Mathematicae: 1,26,,,,https://mathscinet.ams.org/mathscinet/MRAuthorID/633155,https://zbmath.org/authors/crisp.john-studley,https://www.mathgenealogy.org/id.php?id=64384,,,,
"Danciger, Jeffrey",10,2013,2025,1,Inventiones Mathematicae: 1,23,"Department of Mathematics, The University of Texas at Austin, 1 University Station C1200, Austin, TX 78712, USA",arXiv:2512.04684 (2025),https://web.ma.utexas.edu/users/jdanciger/,https://mathscinet.ams.org/mathscinet/MRAuthorID/772278,https://zbmath.org/authors/danciger.jeffrey,https://www.mathgenealogy.org/id.php?id=165814,,,,
"Day, Matthew B.",10,2007,2021,0,,17,U. Arkansas,,https://comp.uark.edu/~matthewd/,https://mathscinet.ams.org/mathscinet/MRAuthorID/823398,https://zbmath.org/authors/day.matthew-b,https://www.mathgenealogy.org/id.php?id=137859,,,,
"Francaviglia, Stefano",10,2004,2025,0,,31,Dipartimento di Matematica of the University of Bologna,arXiv:2311.04010 (2023),https://www.dm.unibo.it/~francavi/,https://mathscinet.ams.org/mathscinet/MRAuthorID/677681,https://zbmath.org/authors/francaviglia.stefano,https://www.mathgenealogy.org/id.php?id=180813,https://orcid.org/0000-0001-5732-3191,,,
"Gadre, Vaibhav S.",10,2011,2024,0,,23,School of Mathematics and Statistics University of Glasgow University Place Glasgow G12 8QQ United Kingdom,arXiv:2311.09973 (2023),http://www.math.harvard.edu/~vaibhav/,https://mathscinet.ams.org/mathscinet/MRAuthorID/948082,https://zbmath.org/authors/gadre.vaibhav-s,https://www.mathgenealogy.org/id.php?id=145060,,,,
"Geoghegan, Ross",10,1975,2021,2,Annals of Mathematics: 1; Inventiones Mathematicae: 1,86,SUNY - Binghamton,,https://www.math.binghamton.edu/ross/ https://people.math.binghamton.edu/ross/,https://mathscinet.ams.org/mathscinet/MRAuthorID/192562,https://zbmath.org/authors/geoghegan.ross,https://www.mathgenealogy.org/id.php?id=695,,,,
"Holt, Derek F.",10,2001,2024,0,,150,"Mathematics Institute, University of Warwick",arXiv:2610.01312 (2026),https://warwick.ac.uk/fac/sci/maths/people/staff/derek_holt/ https://www.maths.warwick.ac.uk/~dfh/,https://mathscinet.ams.org/mathscinet/MRAuthorID/87690,https://zbmath.org/authors/holt.derek-f,https://www.mathgenealogy.org/id.php?id=85851,,,,
"Hume, David",10,2013,2025,0,,24,"University of Birmingham, UK",arXiv:2604.24462 (2026),https://people.maths.bris.ac.uk/~cb20249/ https://people.maths.bris.ac.uk/~cb20249/index.html,https://mathscinet.ams.org/mathscinet/MRAuthorID/1029452,https://zbmath.org/authors/hume.david.1,https://www.mathgenealogy.org/id.php?id=183801,,,,
"Ito, Tetsuya",10,2011,2023,0,,91,"Department of Mathematics, Kyoto University, Kyoto 606-8502, JAPAN",arXiv:2606.18776 (2026),https://www.math.kyoto-u.ac.jp/en/people/profile/tetitoh,,https://zbmath.org/authors/ito.tetsuya,,,,,
"Kharlampovich, Olga G.",10,1998,2025,0,,99,CUNY - Hunter C.,,http://math.hunter.cuny.edu/olgak/ https://math.hunter.cuny.edu/olgak/ ,https://mathscinet.ams.org/mathscinet/MRAuthorID/191704,https://zbmath.org/authors/kharlampovich.olga-g,https://www.mathgenealogy.org/id.php?id=67884,https://orcid.org/0000-0002-4891-5838,https://en.wikipedia.org/wiki/Olga_Kharlampovich,,ICM Invited Speaker (2014)
"Kolpakov, Alexander A.",10,2013,2025,0,,69,"U. Neuchatel, Switzerland",,https://sashakolpakov.wordpress.com/,https://mathscinet.ams.org/mathscinet/MRAuthorID/774696,https://zbmath.org/authors/kolpakov.alexander-a,https://www.mathgenealogy.org/id.php?id=169067,https://orcid.org/0000-0002-6764-8894,,,
"Labourie, François",10,2006,2024,4,Inventiones Mathematicae: 1; Publications Mathématiques de l'IHÉS: 1; Annals of Mathematics: 1; Acta Mathematica: 1,70,"EPF Lausanne, SB-SCI-FL, Station 8, CH-1015 Lausanne, Switzerland",arXiv:2609.06440 (2026),https://math.unice.fr/~labourie/,https://mathscinet.ams.org/mathscinet/MRAuthorID/108970,https://zbmath.org/authors/labourie.francois,https://www.mathgenealogy.org/id.php?id=56575,,https://en.wikipedia.org/wiki/Fran%C3%A7ois_Labourie,EMS Prize (1992),ICM Invited Speaker (1998)
"Marin, Ivan",10,2003,2021,0,,58,"LAMFA, UMR CNRS 7352, Université de Picardie-Jules Verne, Amiens, France, and IMJ-PRG, UMR CNRS 7586, Paris",arXiv:2303.02974 (2023),https://www.lamfa.u-picardie.fr/marin/,,https://zbmath.org/authors/marin.ivan,,,,,
"Marquis, Ludovic",10,2010,2026,0,,24,"Univ Rennes, CNRS, IRMAR - UMR 6625, F-35000 Rennes, France",arXiv:2607.07150 (2026),https://marquis.pages.math.cnrs.fr/ludo-marquis/,,https://zbmath.org/authors/marquis.ludovic,,,,,
"Martínez-Pedroza, Eduardo",10,2009,2026,0,,38,"Department of Mathematics and Statistics, Memorial University of Newfoundland, St. John’s, NL, Canada",arXiv:2603.29158 (2026),https://www.math.mun.ca/~emartinezped/,https://mathscinet.ams.org/mathscinet/MRAuthorID/865209,https://zbmath.org/authors/martinez-pedroza.eduardo,https://www.mathgenealogy.org/id.php?id=130212,,,,
"Matheus, Carlos",10,2014,2026,1,Inventiones Mathematicae: 1,105,"CMLS, CNRS, École polytechnique, Institut Polytechnique de Paris, 91128 Palaiseau Cedex, France",arXiv:2605.11298 (2026),http://carlos.matheus.perso.math.cnrs.fr/index2.html,https://mathscinet.ams.org/mathscinet/MRAuthorID/730493,https://zbmath.org/authors/matheus.carlos,https://www.mathgenealogy.org/id.php?id=80140,,https://en.wikipedia.org/wiki/Carlos_Matheus,,
"Matucci, Francesco",10,2012,2026,0,,39,"Università degli Studi di Milano–Bicocca, Milan, Italy",arXiv:2408.13070 (2024),https://sites.google.com/site/francescomatucci/,,https://zbmath.org/authors/matucci.francesco,,https://orcid.org/0000-0003-4762-5684,,,
"Mondello, Gabriele",10,2009,2024,0,,29,"Sapienza Università di Roma, Department of Mathematics “Guido Castelnuovo” - piazzale Aldo Moro 5, Roma 00185 Italy",arXiv:2602.14806 (2026),https://www1.mat.uniroma1.it/people/mondello/,,https://zbmath.org/authors/mondello.gabriele,,https://orcid.org/0000-0003-2135-4687,,,
"Monod, Nicolas",10,2006,2023,2,Journal of the American Mathematical Society: 1; Inventiones Mathematicae: 1,83,"EPFL, Switzerland",arXiv:2603.16819 (2026),https://sites.google.com/view/monod https://egg.epfl.ch,https://mathscinet.ams.org/mathscinet/MRAuthorID/648787,https://zbmath.org/authors/monod.nicolas,https://www.mathgenealogy.org/id.php?id=54356,https://orcid.org/0000-0003-1726-4523,https://en.wikipedia.org/wiki/Nicolas_Monod,Berwick Prize (2015),ICM Invited Speaker (2006)
"Naor, Assaf",10,2006,2022,3,Acta Mathematica: 2; Annals of Mathematics: 1,163,,,http://web.math.princeton.edu/~naor/,https://mathscinet.ams.org/mathscinet/MRAuthorID/677528,https://zbmath.org/authors/naor.assaf,https://www.mathgenealogy.org/id.php?id=110094,,https://en.wikipedia.org/wiki/Assaf_Naor,EMS Prize (2008); Salem Prize (2008); Bôcher Prize (2011); Nemmers Prize (2018); Ostrowski Prize (2019),ICM Plenary Speaker (2018); ICM Invited Speaker (2010)
"Patel, Priyam",10,2014,2025,0,,20,"Department of Mathematics University of Utah Salt Lake City, UT 84112",arXiv:2606.23963 (2026),https://www.patelp.com/,https://mathscinet.ams.org/mathscinet/MRAuthorID/1064668,https://zbmath.org/authors/patel.priyam,https://www.mathgenealogy.org/id.php?id=173048,,,,
"Potyagailo, Leonid",10,1998,2021,1,Inventiones Mathematicae: 1,29,"UFR de Mathématiques, Université de Lille, 59655 Villeneuve d’Ascq cedex, France",arXiv:2507.22005 (2025),https://www-gat.univ-lille1.fr/~potyag/,https://mathscinet.ams.org/mathscinet/MRAuthorID/141565,https://zbmath.org/authors/potyagailo.leonid,https://www.mathgenealogy.org/id.php?id=150871,,,,
"Randal-Williams, Oscar",10,2008,2025,1,Publications Mathématiques de l'IHÉS: 1,72,Centre for Mathematical Sciences Wilberforce Road Cambridge CB3 0WB UK,arXiv:2610.01888 (2026),https://www.dpmms.cam.ac.uk/~or257/ https://www.dpmms.cam.ac.uk/~or257/index.html,https://mathscinet.ams.org/mathscinet/MRAuthorID/852236,https://zbmath.org/authors/randal-williams.oscar,https://www.mathgenealogy.org/id.php?id=144052,https://orcid.org/0000-0002-7479-2878,https://en.wikipedia.org/wiki/Oscar_Randal-Williams,Whitehead Prize (2017); Fellow of the Royal Society (2024),ICM Invited Speaker (2022)
"Roberts, Rachel",10,1995,2021,1,Journal of the American Mathematical Society: 1,19,Washington University in St. Louis,,https://wumath.wustl.edu/people/roberts_rachel https://www.math.wustl.edu/~roberts/,https://mathscinet.ams.org/mathscinet/MRAuthorID/600757,https://zbmath.org/authors/roberts.rachel,https://www.mathgenealogy.org/id.php?id=19481,,https://en.wikipedia.org/wiki/Rachel_Roberts_(mathematician),,
"Sato, Masatoshi",10,2008,2026,0,,53,"Department of Mathematics and Data Science, Tokyo Denki University, 5 Senjuasahi-cho, Adachi-ku, Tokyo 120-8551, Japan",arXiv:2508.19041 (2025),https://www.cck.dendai.ac.jp/math/~msato/index-e.html,,https://zbmath.org/authors/sato.masatoshi,,,,,
"Seppi, Andrea",10,2016,2024,0,,37,"Dipartimento di Matematica “Giuseppe Peano”, Università di Torino Via Carlo Alberto 10, 10123 Torino, Italy",arXiv:2607.05662 (2026),http://seppi.perso.math.cnrs.fr/,https://mathscinet.ams.org/mathscinet/MRAuthorID/1134288,https://zbmath.org/authors/seppi.andrea,https://www.mathgenealogy.org/id.php?id=228524,https://orcid.org/0000-0002-4750-9184,,,
"Tiozzo, Giulio",10,2016,2024,0,,47,"U. Toronto, Canada",,https://www.math.toronto.edu/tiozzo/,,https://zbmath.org/authors/tiozzo.giulio,https://www.mathgenealogy.org/id.php?id=176413,https://orcid.org/0000-0003-1075-2890,,,
"Tomova, Maggy",10,2006,2018,0,,34,"University of Central Florida 4000 Central Florida Blvd. Orlando, FL 32816",arXiv:2401.01834 (2024),https://sciences.ucf.edu/math/person/maggy-tomova/,https://mathscinet.ams.org/mathscinet/MRAuthorID/785014,https://zbmath.org/authors/tomova.maggy,https://www.mathgenealogy.org/id.php?id=93619,,,,
"Wahl, Nathalie",10,2004,2017,1,Inventiones Mathematicae: 1,33,University of Copenhagen,,http://web.math.ku.dk/~wahl/,https://mathscinet.ams.org/mathscinet/MRAuthorID/677027,https://zbmath.org/authors/wahl.nathalie,https://www.mathgenealogy.org/id.php?id=78175,https://orcid.org/0000-0003-2063-9234,https://en.wikipedia.org/wiki/Nathalie_Wahl,,ICM Invited Speaker (2022)
"Xie, Xiangdong",10,2004,2020,0,,45,"Department of Mathematics and Statistics, Bowling Green State University, USA",arXiv:2603.05979 (2026),https://www.bgsu.edu/arts-and-sciences/mathematics-and-statistics/faculty-and-staff/xiangdong-xie.html https://personal.bgsu.edu/~xiex/,https://mathscinet.ams.org/mathscinet/MRAuthorID/624250,https://zbmath.org/authors/xie.xiangdong,https://www.mathgenealogy.org/id.php?id=74918,,,,
"Zalloum, Abdul",10,2022,2026,0,,16,"Queen’s University, Kingston, Ontario",arXiv:2605.12837 (2026),https://sites.google.com/view/abdulzalloum,,https://zbmath.org/authors/zalloum.abdul,,,,,
"Zorich, Anton Vladimirovich",10,2003,2022,4,Inventiones Mathematicae: 2; Publications Mathématiques de l'IHÉS: 2,54,"Institut de Mathématiques de Jussieu – Paris Rive Gauche, Case 7012, 8 Place Aurélie Nemours, 75205 PARIS Cedex 13, France",arXiv:2304.02567 (2023),https://webusers.imj-prg.fr/~anton.zorich/,https://mathscinet.ams.org/mathscinet/MRAuthorID/223602,https://zbmath.org/authors/zorich.anton-vladimirovich,https://www.mathgenealogy.org/id.php?id=62907,https://orcid.org/0000-0001-6040-5753,https://en.wikipedia.org/wiki/Anton_Zorich,,ICM Invited Speaker (2006)
"de Cornulier, Yves",10,2007,2019,0,,85,"CNRS / Université de Nantes (Laboratoire Jean Leray), France",institution web page,https://www.normalesup.org/~cornulier/,https://mathscinet.ams.org/mathscinet/MRAuthorID/766953,https://zbmath.org/authors/de-cornulier.yves,https://www.mathgenealogy.org/id.php?id=94756,,,,
"Apisa, Paul",9,2018,2025,0,,21,University of Wisconsin–Madison,,https://people.math.wisc.edu/~apisa/,https://mathscinet.ams.org/mathscinet/MRAuthorID/1048596,https://zbmath.org/authors/apisa.paul,https://www.mathgenealogy.org/id.php?id=261119,,,,
"Boggi, Marco",9,2000,2025,0,,30,"UFF - Instituto de Matemática e Estatística - Niterói - RJ 24210-200, Brazil",arXiv:2507.01560 (2025),http://lattes.cnpq.br/9904800361119607,https://mathscinet.ams.org/mathscinet/MRAuthorID/658865,https://zbmath.org/authors/boggi.marco,https://www.mathgenealogy.org/id.php?id=75160,https://orcid.org/0000-0003-4527-3152,,,
"Burillo, José",9,1999,2026,0,,40,"Departament de Matemàtiques, Universitat Politècnica de Catalunya, Jordi Girona 1-3, 08034 Barcelona, Spain",arXiv:2605.09763 (2026),https://www-ma4.upc.es/~burillo/,,https://zbmath.org/authors/burillo.jose,,,,,
"Chen, Lei",9,2018,2025,0,,28,,,https://sites.google.com/site/alicemath1991/home,,https://zbmath.org/authors/chen.lei.3,https://www.mathgenealogy.org/id.php?id=238195,,,,
"Chifan, Ionuţ",9,2011,2026,0,,49,"The University of Iowa, Mathematics Department, 14 MacLean Hall, Iowa City, IA, 52240, USA",arXiv:2609.24923 (2026),,https://mathscinet.ams.org/mathscinet/MRAuthorID/856117,https://zbmath.org/authors/chifan.ionut,https://www.mathgenealogy.org/id.php?id=136783,,,,
"Coulon, Rémi",9,2011,2022,0,,33,"Université Bourgogne Europe, CNRS, IMB UMR 5584, 21000 Dijon, France",arXiv:2607.02147 (2026),http://rcoulon.perso.math.cnrs.fr/ https://rcoulon.perso.math.cnrs.fr,https://mathscinet.ams.org/mathscinet/MRAuthorID/904463,https://zbmath.org/authors/coulon.remi,https://www.mathgenealogy.org/id.php?id=179028,https://orcid.org/0000-0003-0233-5974,,,
"Derbez, Pierre",9,2003,2024,0,,15,,,,,https://zbmath.org/authors/derbez.pierre,,,,,
"Etnyre, John B.",9,1999,2012,2,Annals of Mathematics: 2,98,"School of Mathematics Georgia Institute of Technology Atlanta, Georgia",arXiv:2604.15536 (2026),https://etnyre.math.gatech.edu/,https://mathscinet.ams.org/mathscinet/MRAuthorID/619395,https://zbmath.org/authors/etnyre.john-b,https://www.mathgenealogy.org/id.php?id=30245,,https://en.wikipedia.org/wiki/John_Etnyre,,ICM Invited Speaker (2026)
"Gaster, Jonah",9,2016,2026,0,,23,"Department of mathematical sciences University of Wisconsin-Milwaukee Milwaukee, WI 53211",arXiv:2508.05555 (2025),https://sites.google.com/view/jonah-gaster/home,https://mathscinet.ams.org/mathscinet/MRAuthorID/1145432,https://zbmath.org/authors/gaster.jonah,https://www.mathgenealogy.org/id.php?id=198752,,,,
"Gekhtman, Ilya",9,2018,2025,1,Inventiones Mathematicae: 1,27,"Department of Mathematics, Technion – Israel Institute of Technology, Haifa, Israel",arXiv:2607.25065 (2026),https://sites.google.com/site/ilyagekhtman/,,https://zbmath.org/authors/gekhtman.ilya,,,,,
"Gruber, Dominik",9,2015,2021,0,,11,"Department of Mathematics ETH Zurich Zurich, CH",arXiv:1810.01805 (2018),https://people.math.ethz.ch/~dgruber/,,https://zbmath.org/authors/gruber.dominik,,,,,
"Haglund, Frédéric",9,2006,2024,1,Annals of Mathematics: 1,18,"Paris-Sud, France",,https://www.math.u-psud.fr/~haglund/,,https://zbmath.org/authors/haglund.frederic,,,,,
"Hermiller, Susan M.",9,1997,2023,0,,41,U. Nebraska - Lincoln,,http://www.math.unl.edu/~shermiller2/ https://shermiller.github.io/Susan_Hermiller/,https://mathscinet.ams.org/mathscinet/MRAuthorID/311019,https://zbmath.org/authors/hermiller.susan-m,https://www.mathgenealogy.org/id.php?id=39551,,https://en.wikipedia.org/wiki/Susan_Hermiller,,
"Hughes, Sam",9,2022,2026,0,,38,"Rheinische Friedrich-Wilhelms-Universität Bonn, Mathematical Institute, Endenicher Allee 60, 53115 Bonn, Germany",arXiv:2609.27171 (2026),https://samhughesmaths.github.io/,,https://zbmath.org/authors/hughes.sam,https://www.mathgenealogy.org/id.php?id=280902,https://orcid.org/0000-0002-9992-4443,,,
"Johnson, Jesse Edward",9,2006,2017,0,,36,Oklahoma State University,,https://jessejohnson.wordpress.com/about/,https://mathscinet.ams.org/mathscinet/MRAuthorID/773569,https://zbmath.org/authors/johnson.jesse-edward,https://www.mathgenealogy.org/id.php?id=109576,,,,
"Kahn, Jeremy Adam",9,2010,2026,3,Annals of Mathematics: 2; Acta Mathematica: 1,27,"Department of Mathematics, Brown University, Providence, RI 02912",arXiv:2607.27552 (2026),https://mathematics.brown.edu/people/jeremy-kahn,https://mathscinet.ams.org/mathscinet/MRAuthorID/318273,https://zbmath.org/authors/kahn.jeremy-a,https://www.mathgenealogy.org/id.php?id=32225,,https://en.wikipedia.org/wiki/Jeremy_Kahn,Clay Research Award (2012),ICM Invited Speaker (2014)
"Kerckhoff, Steven P.",9,1983,2012,3,Annals of Mathematics: 2; Inventiones Mathematicae: 1,23,Stanford University,,https://mathematics.stanford.edu/people/steven-kerckhoff,https://mathscinet.ams.org/mathscinet/MRAuthorID/100420,https://zbmath.org/authors/kerckhoff.steven-p,https://www.mathgenealogy.org/id.php?id=44029,,https://en.wikipedia.org/wiki/Steven_Kerckhoff,,ICM Invited Speaker (1983)
"Lee, Gye-Seon",9,2015,2026,0,,19,"Department of Mathematical Sciences and Research Institute of Mathematics, Seoul National University, Seoul 08826, South Korea",arXiv:2604.00466 (2026),https://www.math.snu.ac.kr/~gyeseonlee/,https://mathscinet.ams.org/mathscinet/MRAuthorID/832440,https://zbmath.org/authors/lee.gye-seon,https://www.mathgenealogy.org/id.php?id=167751,,,,
"Lee, Sangyop",9,2003,2018,0,,35,"Department of Mathematics, Chung-Ang University, 84 Heukseok-ro, Dongjak-gu, Seoul 06974, Korea",arXiv:2108.10641 (2021),http://cau.ac.kr/~sylee/,https://mathscinet.ams.org/mathscinet/MRAuthorID/696815,https://zbmath.org/authors/lee.sangyop,https://www.mathgenealogy.org/id.php?id=51673,,,,
"Levcovitz, Ivan",9,2018,2024,0,,12,Tufts University,arXiv:2210.11418 (2022),,,https://zbmath.org/authors/levcovitz.ivan,,,,,
"Lisca, Paolo",9,1997,2016,1,Inventiones Mathematicae: 1,50,,,,,https://zbmath.org/authors/lisca.paolo,,,,,
"Lück, Wolfgang",9,1995,2026,2,Inventiones Mathematicae: 1; Annals of Mathematics: 1,178,"Mathematicians Institut der Universität Bonn Endenicher Allee 60 53115 Bonn, Germany",arXiv:2606.31254 (2026),http://131.220.77.52/lueck/,https://mathscinet.ams.org/mathscinet/MRAuthorID/116630,https://zbmath.org/authors/luck.wolfgang,https://www.mathgenealogy.org/id.php?id=23789,,https://en.wikipedia.org/wiki/Wolfgang_L%C3%BCck,,ICM Invited Speaker (2010)
"Magee, Michael",9,2019,2026,1,Inventiones Mathematicae: 1,36,Durham University,,https://www.mmagee.net/,https://mathscinet.ams.org/mathscinet/MRAuthorID/1096416,https://zbmath.org/authors/magee.michael,https://www.mathgenealogy.org/id.php?id=194819,https://orcid.org/0000-0003-4148-2301,,,
"Matić, Gordana",9,1997,2009,3,Inventiones Mathematicae: 3,28,"Department of Mathematics, University of Georgia",arXiv:2502.02403 (2025),https://www.math.uga.edu/directory/people/gordana-matic,,https://zbmath.org/authors/matic.gordana,,,,,
"McCammond, Jon",9,2004,2026,1,Inventiones Mathematicae: 1,52,"Department of Mathematics, UC Santa Barbara, Santa Barbara, CA 93106",arXiv:2604.14383 (2026),https://web.math.ucsb.edu/~jon.mccammond/,,https://zbmath.org/authors/mccammond.jon,,,,,
"Menasco, William W.",9,1992,2026,0,,54,SUNY-Buffalo,,https://www.math.buffalo.edu/~menasco/index.html https://www.math.buffalo.edu/~menasco/,,https://zbmath.org/authors/menasco.william-w,,,,,
"Mohammadi, Amir",9,2010,2023,1,Journal of the American Mathematical Society: 1,47,"University of California San Diego, USA",institution web page,https://mathweb.ucsd.edu/~ammohamm/ https://math.berkeley.edu/~amirmo/,https://mathscinet.ams.org/mathscinet/MRAuthorID/886399,https://zbmath.org/authors/mohammadi.amir,https://www.mathgenealogy.org/id.php?id=182134,,https://en.wikipedia.org/wiki/Amir_Mohammadi,,ICM Invited Speaker (2022)
"Petri, Bram",9,2017,2026,0,,30,"Institut de Mathématiques de Jussieu–Paris Rive Gauche and Institut universitaire de France , Sorbonne Université and Université Paris…",arXiv:2605.02686 (2026),https://webusers.imj-prg.fr/~bram.petri/,,https://zbmath.org/authors/petri.bram,,,,,
"Potrie, Rafael",9,2017,2026,1,Inventiones Mathematicae: 1,62,"CMAT, Facultad de Ciencias, Universidad de la República, Uruguay and IRL2030 ’Laboratorio del Plata’ CNRS",arXiv:2605.25082 (2026),http://www.cmat.edu.uy/~rpotrie/,https://mathscinet.ams.org/mathscinet/MRAuthorID/863652,https://zbmath.org/authors/potrie.rafael,https://www.mathgenealogy.org/id.php?id=165686,https://orcid.org/0000-0002-4185-3005,,,ICM Invited Speaker (2018)
"Rasmussen, Alexander J.",9,2020,2024,0,,15,,,https://www.ajrasmussen.com/,,https://zbmath.org/authors/rasmussen.alexander-j,https://www.mathgenealogy.org/id.php?id=273641,https://orcid.org/0009-0000-2542-6276,,,
"Scharlemann, Martin G.",9,1982,2025,0,,105,"Mathematics Department University of California Santa Barbara, CA 93106-3080 USA",arXiv:2409.16148 (2024),https://web.math.ucsb.edu/~mgscharl/ https://www.math.ucsb.edu/~mgscharl/,https://mathscinet.ams.org/mathscinet/MRAuthorID/155620,https://zbmath.org/authors/scharlemann.martin-g,https://www.mathgenealogy.org/id.php?id=16934,,https://en.wikipedia.org/wiki/Martin_Scharlemann,,
"Shepherd, Sam",9,2022,2026,0,,15,"Institut für Mathematische Logik und Grundlagenforschung, Fachbereich Mathematik und Informatik, Universität Münster, Einsteinstraße 62…",arXiv:2502.06974 (2025),https://sites.google.com/view/samshepherd/home,,https://zbmath.org/authors/shepherd.sam,,,,,
"Short, Hamish",9,1985,2025,3,Annals of Mathematics: 2; Inventiones Mathematicae: 1,43,"L.A.T.P., U.M.R. 6632 C.M.I., 39 Rue Joliot–Curie Université de Provence, F–13453 Marseille cedex 13, France",arXiv:2312.08913 (2023),https://www.latp.univ-mrs.fr/~hamish/,https://mathscinet.ams.org/mathscinet/MRAuthorID/161160,https://zbmath.org/authors/short.hamish,https://www.mathgenealogy.org/id.php?id=34255,,,,
"Tamburelli, Andrea",9,2020,2026,0,,26,"Department of Mathematics, Università di Pisa, Pisa, Italy",arXiv:2607.20334 (2026),https://math.rice.edu/~at52/,https://mathscinet.ams.org/mathscinet/MRAuthorID/1236547,https://zbmath.org/authors/tamburelli.andrea,https://www.mathgenealogy.org/id.php?id=235406,https://orcid.org/0000-0003-4799-9213,,,
"Tillmann, Ulrike",9,1997,2016,3,Inventiones Mathematicae: 2; Journal of the American Mathematical Society: 1,56,University of Oxford,,https://people.maths.ox.ac.uk/tillmann/,https://mathscinet.ams.org/mathscinet/MRAuthorID/259247,https://zbmath.org/authors/tillmann.ulrike,https://www.mathgenealogy.org/id.php?id=39171,https://orcid.org/0000-0002-8076-7660,https://en.wikipedia.org/wiki/Ulrike_Tillmann,Whitehead Prize (2004); Fellow of the Royal Society (2008),ICM Invited Speaker (2002)
"Vlamis, Nicholas G.",9,2015,2025,0,,27,"Department of Mathematics, CUNY Graduate Center New York, NY 10016, and Department of Mathematics CUNY Queens College Flushing, NY 11367",arXiv:2608.27218 (2026),https://vlamis.nyc,https://mathscinet.ams.org/mathscinet/MRAuthorID/1101607,https://zbmath.org/authors/vlamis.nicholas-g,https://www.mathgenealogy.org/id.php?id=206532,https://orcid.org/0000-0001-8151-6567,,,
"Wienhard, Anna Katharina",9,2008,2025,3,Annals of Mathematics: 1; Inventiones Mathematicae: 2,54,"Max Planck Institute for Mathematics in the Sciences Inselstr. 22 04103 Leipzig, Germany",arXiv:2608.27284 (2026),https://www.mis.mpg.de/people/anna-wienhard,https://mathscinet.ams.org/mathscinet/MRAuthorID/714875,https://zbmath.org/authors/wienhard.anna-katharina,https://www.mathgenealogy.org/id.php?id=98035,,https://en.wikipedia.org/wiki/Anna_Wienhard,,ICM Invited Speaker (2018)
"Wu, Jie",9,2002,2014,1,Journal of the American Mathematical Society: 1,154,"BIMSA (Beijing Institute of Mathematical Sciences and Applications), China",institution web page,https://www.bimsa.cn/detail/jiewu.html,https://mathscinet.ams.org/mathscinet/MRAuthorID/320397,https://zbmath.org/authors/wu.jie.2,https://www.mathgenealogy.org/id.php?id=39449,https://orcid.org/0000-0003-2445-6750,,,
"Wu, Xiaolei",9,2019,2025,0,,35,"Shanghai Center for Mathematical Sciences, Jiangwan Campus, Fudan University, No. 2005 Songhu Road, Shanghai, 200438, P.R. China",arXiv:2608.13978 (2026),https://wuxiaolei.org/,https://mathscinet.ams.org/mathscinet/MRAuthorID/1071753,https://zbmath.org/authors/wu.xiaolei,https://www.mathgenealogy.org/id.php?id=187137,,,,
"Allcock, Daniel Jonathan",8,1998,2025,1,Inventiones Mathematicae: 1,58,"Department of Mathematics, UT Austin, Austin, TX",arXiv:2609.05349 (2026),http://www.ma.utexas.edu/users/allcock/ https://www.ma.utexas.edu/~allcock/,https://mathscinet.ams.org/mathscinet/MRAuthorID/620316,https://zbmath.org/authors/allcock.daniel,https://www.mathgenealogy.org/id.php?id=31501,,https://en.wikipedia.org/wiki/Daniel_Allcock,,
"Anderson, James W.",8,1995,2016,1,Annals of Mathematics: 1,41,"U. Southampton, U.K.",,https://www.southampton.ac.uk/people/5wy5k9/professor-jim-anderson https://www.maths.soton.ac.uk/staff/Anderson/homepage.html,https://mathscinet.ams.org/mathscinet/MRAuthorID/313556,https://zbmath.org/authors/anderson.james-w,https://www.mathgenealogy.org/id.php?id=1227,https://orcid.org/0000-0002-7849-144X,,,
"André, Simon",8,2020,2025,0,,14,"Sorbonne Université and Université Paris Cité, CNRS, IMJ-PRG, F-75005 Paris, France",arXiv:2407.01164 (2024),,,https://zbmath.org/authors/andre.simon,,,,,
"Arana-Herrera, Francisco",8,2020,2026,1,Inventiones Mathematicae: 1,18,"Department of Mathematics, Rice University, Herman Brown Hall for Mathematical Sciences 6100 Main Street Houston, TX 77005",arXiv:2608.05897 (2026),https://farana.rice.edu/,,https://zbmath.org/authors/arana-herrera.francisco,https://www.mathgenealogy.org/id.php?id=279432,,,,
"Baba, Shinpei",8,2010,2025,0,,11,University of Osaka,arXiv:2502.11322 (2025),http://www4.math.sci.osaka-u.ac.jp/~baba/,,https://zbmath.org/authors/baba.shinpei,,,,,
"Ballas, Samuel A.",8,2014,2024,0,,16,"Department of Mathematics, Florida State University, Tallahassee, FL 32306",arXiv:2312.13488 (2023),https://www.math.fsu.edu/~ballas/,https://mathscinet.ams.org/mathscinet/MRAuthorID/1084949,https://zbmath.org/authors/ballas.samuel-a,https://www.mathgenealogy.org/id.php?id=183601,,,,
"Basmajian, Ara S.",8,1993,2025,0,,46,"CUNY Graduate Center and Hunter College, USA",institution web page,https://www.hunter.cuny.edu/people/ara-basmajian/,,https://zbmath.org/authors/basmajian.ara-s,,,,,
"Belk, James M.",8,2015,2026,0,,35,"School of Mathematics & Statistics, University of Glasgow, Glasgow, Scotland",arXiv:2503.21882 (2025),https://jimbelk.github.io/web/,https://mathscinet.ams.org/mathscinet/MRAuthorID/760112,https://zbmath.org/authors/belk.james-m,https://www.mathgenealogy.org/id.php?id=90255,,,,
"Bers, Lipman",8,1970,1986,4,Annals of Mathematics: 1; Acta Mathematica: 3,124,,,,https://mathscinet.ams.org/mathscinet/MRAuthorID/35800,https://zbmath.org/authors/bers.lipman,https://www.mathgenealogy.org/id.php?id=8010,,https://en.wikipedia.org/wiki/Lipman_Bers,Steele Prize (1975),ICM Invited Speaker (1958)
"Bieri, Robert",8,1987,2022,1,Inventiones Mathematicae: 1,59,"Department of Mathematics and Statistics, The State University of New York, Binghamton, New York 13902-6000",arXiv:2607.28893 (2026),https://www.fb12.uni-frankfurt.de/115636381/Prof__Dr__Robert_Bieri https://www.math.uni-frankfurt.de/~bieri/,https://mathscinet.ams.org/mathscinet/MRAuthorID/36785,https://zbmath.org/authors/bieri.robert,https://www.mathgenealogy.org/id.php?id=18391,,,,
"Blair, Ryan C.",8,2010,2026,0,,36,,,https://www.csulb.edu/mathematics-statistics/page/ryan-blair-phd,https://mathscinet.ams.org/mathscinet/MRAuthorID/862647,https://zbmath.org/authors/blair.ryan-c,https://www.mathgenealogy.org/id.php?id=144721,,,,
"Brandenbursky, Michael",8,2013,2026,0,,31,"Department of Mathematics, Ben Gurion University, Israel",arXiv:2512.15375 (2025),https://www.math.bgu.ac.il/~brandens/,,https://zbmath.org/authors/brandenbursky.michael,,,,,
"Choi, Inhyeok",8,2022,2026,2,Inventiones Mathematicae: 2,25,"School of Mathematics, KIAS, Hoegi-ro 85, Dongdaemun-gu, Seoul 02455, South Korea Simons Laufer Mathematical Sciences Institute, Berkeley…",arXiv:2605.13064 (2026),,,https://zbmath.org/authors/choi.inhyeok,,,,,
"Conant, James",8,2003,2016,0,,44,Gem Inst. of America,,https://www.math.utk.edu/~jconant/ https://www.gia.edu/gia-researcher-jim-conant,https://mathscinet.ams.org/mathscinet/MRAuthorID/708520,https://zbmath.org/authors/conant.james,https://www.mathgenealogy.org/id.php?id=43200,,,,
"Duchin, Moon",8,2009,2021,1,Inventiones Mathematicae: 1,34,U. Chicago,,https://mduchin.math.tufts.edu/ https://mggg.org/people/mduchin/,https://mathscinet.ams.org/mathscinet/MRAuthorID/822577,https://zbmath.org/authors/duchin.moon,https://www.mathgenealogy.org/id.php?id=33220,https://orcid.org/0000-0003-4498-4067,https://en.wikipedia.org/wiki/Moon_Duchin,,
"Farre, James",8,2020,2026,0,,16,Max Planck Institute for mathematics in the sciences (MPI Mis) in Leipzig,arXiv:2510.24609 (2025),https://sites.google.com/site/jamesfarremath/,,https://zbmath.org/authors/farre.james,https://www.mathgenealogy.org/id.php?id=250609,,,,
"Farrell, F. Thomas",8,1977,2018,1,Annals of Mathematics: 1,136,,,https://www2.math.binghamton.edu/p/people/farrell/start,https://mathscinet.ams.org/mathscinet/MRAuthorID/65305,https://zbmath.org/authors/farrell.f-thomas,https://www.mathgenealogy.org/id.php?id=7649,,https://en.wikipedia.org/wiki/F._Thomas_Farrell,,ICM Invited Speaker (1970)
"Friedl, Stefan",8,2014,2020,0,,138,Universität Regensburg,arXiv:2607.10216 (2026),https://friedl.app.uni-regensburg.de/,https://mathscinet.ams.org/mathscinet/MRAuthorID/746949,https://zbmath.org/authors/friedl.stefan,https://www.mathgenealogy.org/id.php?id=76013,,,,
"Garoufalidis, Stavros",8,1997,2026,2,Inventiones Mathematicae: 2,167,"International Center for Mathematics, Department of Mathematics Southern University of Science and Technology Shenzhen, China…",arXiv:2609.01506 (2026),https://people.mpim-bonn.mpg.de/stavros/,https://mathscinet.ams.org/mathscinet/MRAuthorID/606995,https://zbmath.org/authors/garoufalidis.stavros,https://www.mathgenealogy.org/id.php?id=56507,https://orcid.org/0000-0001-5381-1593,,,
"Hillman, Jonathan Arthur",8,1981,2012,0,,170,,,https://www.maths.usyd.edu.au/u/jonh/,https://mathscinet.ams.org/mathscinet/MRAuthorID/86015,https://zbmath.org/authors/hillman.jonathan-arthur,https://www.mathgenealogy.org/id.php?id=34147,https://orcid.org/0000-0002-8167-6226,,,
"Hoda, Nima",8,2022,2026,0,,17,"Instytut Matematyczny, Uniwersytet Wrocławski, pl. Grunwaldzki 2, 50–384 Wrocław, Poland",arXiv:2602.17983 (2026),https://nimahoda.net/,https://mathscinet.ams.org/mathscinet/MRAuthorID/1121947,https://zbmath.org/authors/hoda.nima,https://www.mathgenealogy.org/id.php?id=246609,https://orcid.org/0000-0002-6308-7751,,,
"Jaco, William H.",8,1971,2025,2,Inventiones Mathematicae: 2,50,"Department of Mathematics, Oklahoma State University, Stillwater, OK 74078",arXiv:2006.14701 (2020),https://www.mathdept.okstate.edu/users/jaco,https://mathscinet.ams.org/mathscinet/MRAuthorID/92630,https://zbmath.org/authors/jaco.william-h,https://www.mathgenealogy.org/id.php?id=677,https://orcid.org/0000-0002-8181-5177,https://en.wikipedia.org/wiki/William_Jaco,,
"Kassel, Fanny",8,2015,2025,1,Inventiones Mathematicae: 1,33,"CNRS and Laboratoire Alexander Grothendieck, Institut des Hautes Études Scientifiques, Université Paris-Saclay, 35 route de Chartres, 91440…",arXiv:2601.05857 (2026),https://www.ihes.fr/~/kassel/english.html https://www.ihes.fr/~kassel/english.html,https://mathscinet.ams.org/mathscinet/MRAuthorID/870875,https://zbmath.org/authors/kassel.fanny,https://www.mathgenealogy.org/id.php?id=187745,https://orcid.org/0000-0003-0511-910X,https://en.wikipedia.org/wiki/Fanny_Kassel,,ICM Invited Speaker (2018)
"Lecuire, Cyril",8,2006,2026,2,Inventiones Mathematicae: 2,19,UMPA UMR 5669 CNRS ENS de Lyon Site Monod 46 Allée d’Italie 69364 Lyon Cedex 07 France,arXiv:2510.07087 (2025),https://lecuire.perso.math.cnrs.fr/,,https://zbmath.org/authors/lecuire.cyril,,,,,
"Lelièvre, Samuel",8,2005,2016,0,,19,,,https://lelievre.perso.math.cnrs.fr/,https://mathscinet.ams.org/mathscinet/MRAuthorID/678735,https://zbmath.org/authors/lelievre.samuel,https://www.mathgenealogy.org/id.php?id=133967,https://orcid.org/0000-0002-7275-0965,,,
"Mangahas, Johanna",8,2010,2025,0,,12,"University at Buffalo (SUNY), USA",institution web page,https://www.buffalo.edu/cas/math/people/faculty/mangahas.html,,https://zbmath.org/authors/mangahas.johanna,,,,,
"Margolis, Alexander J.",8,2018,2026,0,,12,"Department of Mathematics, The Ohio State University, Mathematics Tower, 231 W 18th Ave, Columbus, OH 43210, USA",arXiv:2411.04745 (2024),https://sites.google.com/view/alexmargolis/,,https://zbmath.org/authors/margolis.alexander-j,,,,,
"Martino, Armando",8,2009,2025,0,,46,"Mathematical Sciences, University of Southampton, University Road, Southampton SO17 1BJ, United Kingdom",arXiv:2511.20787 (2025),https://www.soton.ac.uk/maths/people/profiles/pure/martino.html,https://mathscinet.ams.org/mathscinet/MRAuthorID/646503,https://zbmath.org/authors/martino.armando,https://www.mathgenealogy.org/id.php?id=82520,,,,
"McCarthy, John D.",8,1983,2001,3,Inventiones Mathematicae: 3,28,,,,https://mathscinet.ams.org/mathscinet/MRAuthorID/122100,https://zbmath.org/authors/mccarthy.john-d,https://www.mathgenealogy.org/id.php?id=24565,,,,
"Meyerhoff, Robert",8,1990,2013,4,Inventiones Mathematicae: 2; Annals of Mathematics: 1; Journal of the American Mathematical Society: 1,27,Boston College,,https://sites.google.com/bc.edu/robert-meyerhoff,https://mathscinet.ams.org/mathscinet/MRAuthorID/224643,https://zbmath.org/authors/meyerhoff.robert,https://www.mathgenealogy.org/id.php?id=15134,,,,
"Monden, Naoyuki",8,2013,2026,0,,26,"Department of Mathematics, Faculty of Science, Okayama University, Okayama 700-8530, Japan",arXiv:2505.07284 (2025),https://soran.cc.okayama-u.ac.jp/html/87c5a43235d3b1f874506e4da22f6611_en.html,,https://zbmath.org/authors/monden.naoyuki,,,,,
"Nguyen, Hoang Thanh",8,2019,2026,0,,23,,,https://sites.google.com/site/nthoangmath/home,https://mathscinet.ams.org/mathscinet/MRAuthorID/1310129,https://zbmath.org/authors/nguyen.hoang-thanh,https://www.mathgenealogy.org/id.php?id=253558,,,,
"Ni, Yi",8,2007,2026,1,Inventiones Mathematicae: 1,53,"Department of Mathematics, California Institute of Technology, Pasadena, CA 91125, USA",arXiv:2606.29268 (2026),http://www.its.caltech.edu/~yini/,https://mathscinet.ams.org/mathscinet/MRAuthorID/737604,https://zbmath.org/authors/ni.yi,https://www.mathgenealogy.org/id.php?id=108041,,,,
"Oppenheim, Izhar",8,2014,2025,1,Inventiones Mathematicae: 1,34,"Department of Mathematics, Ben-Gurion University of the Negev, Be’er Sheva, Israel",arXiv:2609.21255 (2026),https://izhar-oppenheim.com/,https://mathscinet.ams.org/mathscinet/MRAuthorID/1072172,https://zbmath.org/authors/oppenheim.izhar,https://www.mathgenealogy.org/id.php?id=175549,,,,
"Oversteegen, Lex G.",8,1990,2020,1,Annals of Mathematics: 1,125,University of Alabama at Birmingham,,https://www.uab.edu/cas/mathematics/people/faculty-directory/lex-g-oversteegen,https://mathscinet.ams.org/mathscinet/MRAuthorID/134850,https://zbmath.org/authors/oversteegen.lex-g,https://www.mathgenealogy.org/id.php?id=37079,https://orcid.org/0000-0003-0091-0197,,,
"Petyt, Harry",8,2022,2026,0,,19,"Mathematics Institute, University of Warwick, UK",arXiv:2609.17285 (2026),https://hpetyt.github.io/,,https://zbmath.org/authors/petyt.harry,,,,,
"Reni, Marco",8,1993,2002,0,,24,,,,https://mathscinet.ams.org/mathscinet/MRAuthorID/247696,https://zbmath.org/authors/reni.marco,https://www.mathgenealogy.org/id.php?id=127760,,,,
"Riolo, Stefano",8,2018,2024,0,,16,"Dipartimento di Matematica, Università di Bologna Piazza di Porta San Donato 5, 40126 Bologna, Italy",arXiv:2607.05662 (2026),http://people.dm.unipi.it/riolo/ https://people.dm.unipi.it/riolo/,https://mathscinet.ams.org/mathscinet/MRAuthorID/1238464,https://zbmath.org/authors/riolo.stefano,https://www.mathgenealogy.org/id.php?id=260831,https://orcid.org/0000-0001-7187-3392,,,
"Russell, Jacob",8,2022,2025,0,,20,"Department of Mathematics and Statistics, Swarthmore College, Swarthmore, PA, USA",arXiv:2609.40240 (2026),https://profiles.rice.edu/faculty/jacob-russell,,https://zbmath.org/authors/russell.jacob,,,,,
"Salvetti, Mario",8,1999,2024,1,Inventiones Mathematicae: 1,51,"Department of Mathematics, University of Pisa, Italy",arXiv:2206.14518 (2022),http://www.dm.unipi.it/~salvetti/,,https://zbmath.org/authors/salvetti.mario,https://www.mathgenealogy.org/id.php?id=113260,,,,
"Schupp, Paul E.",8,1972,2009,1,Inventiones Mathematicae: 1,72,U. Illinois - Urbana-Champaign,,http://www.math.uiuc.edu/People/schupp.html https://www.math.uiuc.edu/People/schupp.html,https://mathscinet.ams.org/mathscinet/MRAuthorID/157275,https://zbmath.org/authors/schupp.paul-e,https://www.mathgenealogy.org/id.php?id=928,,https://en.wikipedia.org/wiki/Paul_Schupp,,
"Sklinos, Rizos",8,2012,2025,0,,30,,,,,https://zbmath.org/authors/sklinos.rizos,,,,,
"Spriano, Davide",8,2022,2025,0,,21,"Mathematics Institute University of Warwick Coventry, UK",arXiv:2605.29837 (2026),https://www.maths.ox.ac.uk/people/davide.spriano,,https://zbmath.org/authors/spriano.davide,,,,,
"Stipsicz, András I.",8,2000,2021,0,,135,"Rényi Institute of Mathematics H-1053 Budapest Reáltanoda utca 13–15, Hungary",arXiv:2609.26450 (2026),https://users.renyi.hu/~stipsicz/,https://mathscinet.ams.org/mathscinet/MRAuthorID/346634,https://zbmath.org/authors/stipsicz.andras-i,https://www.mathgenealogy.org/id.php?id=6250,https://orcid.org/0000-0002-4629-2454,,,ICM Invited Speaker (2010)
"Su, Weixu",8,2011,2023,0,,40,,,,https://mathscinet.ams.org/mathscinet/MRAuthorID/838920,https://zbmath.org/authors/su.weixu,https://www.mathgenealogy.org/id.php?id=190907,,,,
"Thurston, Dylan Paul",8,2006,2025,1,Acta Mathematica: 1,66,"Department of Mathematics Boston College Chestnut Hill, Mass. 02467-3806 USA",arXiv:2605.04031 (2026),https://www.bc.edu/bc-web/schools/morrissey/departments/math/people/faculty-directory/dylan-thurston.html,https://mathscinet.ams.org/mathscinet/MRAuthorID/672424,https://zbmath.org/authors/thurston.dylan-paul,https://www.mathgenealogy.org/id.php?id=46286,https://orcid.org/0000-0003-4610-9792,,,
"Walsh, Genevieve S.",8,2006,2026,0,,33,"Department of Mathematics, Tufts University, Joyce Cummings Center, Medford, MA 02155",arXiv:2604.13898 (2026),https://www.tufts.edu/~gwalsh01/,https://mathscinet.ams.org/mathscinet/MRAuthorID/720923,https://zbmath.org/authors/walsh.genevieve-s,https://www.mathgenealogy.org/id.php?id=73884,,,,
"Weiss, Barak",8,2002,2024,1,Inventiones Mathematicae: 1,77,"Department of Mathematics, Tel Aviv University",arXiv:2502.19552 (2025),http://www.math.tau.ac.il/~barakw/,https://mathscinet.ams.org/mathscinet/MRAuthorID/335552,https://zbmath.org/authors/weiss.barak,https://www.mathgenealogy.org/id.php?id=22529,https://orcid.org/0000-0002-9296-3343,,,ICM Invited Speaker (2022)
"Wolff, Maxime",8,2011,2026,0,,18,"Institut de Mathématiques de Toulouse, UMR5219, UPS, F-31062 Toulouse Cedex 9, France",arXiv:2407.01042 (2024),https://webusers.imj-prg.fr/~maxime.wolff/,https://mathscinet.ams.org/mathscinet/MRAuthorID/699046,https://zbmath.org/authors/wolff.maxime,https://www.mathgenealogy.org/id.php?id=123175,,,,
"Wright, Nick J.",8,2007,2021,0,,27,"U. Southampton, U.K.",,http://www.southampton.ac.uk/maths/about/staff/wright.page https://www.personal.soton.ac.uk/wright/index.html,https://mathscinet.ams.org/mathscinet/MRAuthorID/710374,https://zbmath.org/authors/wright.nick-j,https://www.mathgenealogy.org/id.php?id=59730,,,,
"Wu, Yingqing",8,1992,2011,0,,53,,,http://homepage.divms.uiowa.edu/~wu/,,https://zbmath.org/authors/wu.yingqing,,,,,
"Zbinden, Stefanie",8,2024,2026,0,,16,"Mathematical Institute University of Bonn Bonn, Germany",arXiv:2605.29837 (2026),https://www.stefaniezbinden.ch/,,https://zbmath.org/authors/zbinden.stefanie,,,,,
"Zimmer, Andrew M.",8,2021,2026,0,,72,University of Wisconsin-Madison,arXiv:2607.25773 (2026),https://people.math.wisc.edu/~amzimmer2/,,https://zbmath.org/authors/zimmer.andrew-m,,,,,
"Akbulut, Selman",7,1998,2018,0,,150,Michigan State University,,https://selmanakbulut.com/index.html,https://mathscinet.ams.org/mathscinet/MRAuthorID/23925,https://zbmath.org/authors/akbulut.selman,https://www.mathgenealogy.org/id.php?id=15608,,https://en.wikipedia.org/wiki/Selman_Akbulut,,
"Alessandrini, Daniele",7,2008,2025,0,,23,"Department of Mathematics, Columbia University",arXiv:2303.10786 (2023),https://www.stevens.edu/profile/dalessan,,https://zbmath.org/authors/alessandrini.daniele,,,,,
"Bainbridge, Matt",7,2007,2023,2,Acta Mathematica: 1; Publications Mathématiques de l'IHÉS: 1,14,"Department of Mathematics, Indiana University, Bloomington, IN 47405, USA",arXiv:2204.05257 (2022),https://math.indiana.edu/about/faculty/bainbridge-matt.html,,https://zbmath.org/authors/bainbridge.matt,https://www.mathgenealogy.org/id.php?id=109038,,,,
"Baker, Mark D.",7,1996,2023,0,,24,,,https://perso.univ-rennes1.fr/mark.baker/,https://mathscinet.ams.org/mathscinet/MRAuthorID/239248,https://zbmath.org/authors/baker.mark-d,https://www.mathgenealogy.org/id.php?id=62762,,,,
"Bessis, David",7,2000,2015,2,Inventiones Mathematicae: 1; Annals of Mathematics: 1,17,"U. Claude Bernard - Lyon I, France",,https://www.dma.ens.fr/~bessis/,https://mathscinet.ams.org/mathscinet/MRAuthorID/621986,https://zbmath.org/authors/bessis.david,https://www.mathgenealogy.org/id.php?id=62209,,,,
"Beyrer, Jonas",7,2021,2026,0,,11,"LMU, Mathematisches Institut, Theresienstrasse 39, 80333 München, Germany",arXiv:2305.15031 (2023),https://sites.google.com/view/beyrerj/jonas-beyrer,,https://zbmath.org/authors/beyrer.jonas,,,,,
"Boissy, Corentin",7,2008,2024,0,,16,"Institut de Mathématiques de Toulouse Université Toulouse 3 118 route de Narbonne 31062 Toulouse, France",arXiv:2007.16086 (2020),https://www.math.univ-toulouse.fr/~cboissy/,https://mathscinet.ams.org/mathscinet/MRAuthorID/844019,https://zbmath.org/authors/boissy.corentin,https://www.mathgenealogy.org/id.php?id=124618,,,,
"Cannon, James W.",7,1973,2009,0,,81,"Department of Mathematics Brigham Young University Provo, UT 84602 U.S.A",arXiv:1612.04771 (2016),https://math.byu.edu/?mtt_page=james-w-cannon,https://mathscinet.ams.org/mathscinet/MRAuthorID/44855,https://zbmath.org/authors/cannon.james-w,https://www.mathgenealogy.org/id.php?id=741,https://orcid.org/0000-0003-0099-3236,https://en.wikipedia.org/wiki/James_W._Cannon,,ICM Invited Speaker (1978)
"Carette, Mathieu",7,2011,2018,0,,9,,,https://perso.uclouvain.be/mathieu.carette/welcome_research.htm,https://mathscinet.ams.org/mathscinet/MRAuthorID/959697,https://zbmath.org/authors/carette.mathieu,https://www.mathgenealogy.org/id.php?id=139528,,,,
"Casals-Ruiz, Montserrat",7,2015,2026,0,,29,Ikerbasque - Basque Foundation for Science and Matematika Saila,arXiv:2508.03231 (2025),https://montsecasals.wix.com/montse,,https://zbmath.org/authors/casals-ruiz.montserrat,,,,,
"Chen, Lvzhou",7,2018,2026,1,Inventiones Mathematicae: 1,15,"Department of Mathematics Purdue University West Lafayette, Indiana, USA",arXiv:2604.21059 (2026),https://lvzhouchen.github.io/,,https://zbmath.org/authors/chen.lvzhou,,,,,
"Church, Thomas",7,2010,2022,0,,25,Stanford University,,http://math.stanford.edu/~church/,https://mathscinet.ams.org/mathscinet/MRAuthorID/898499,https://zbmath.org/authors/church.thomas,https://www.mathgenealogy.org/id.php?id=158605,https://orcid.org/0000-0003-2346-8610,,,
"Cogolludo Agustín, José Ignacio",7,2003,2022,0,,66,"Universidad de Zaragoza, Spain",institution web page,https://riemann.unizar.es/~jicogo/,https://mathscinet.ams.org/mathscinet/MRAuthorID/642996,https://zbmath.org/authors/cogolludo-agustin.jose-ignacio,https://www.mathgenealogy.org/id.php?id=38181,https://orcid.org/0000-0003-1820-6755,,,
"Coulbois, Thierry",7,2008,2015,0,,20,"Institut de Mathématique de Marseille (I2M), CNRS, Aix-Marseille Université, France",arXiv:2409.15880 (2024),https://www.i2m.univ-amu.fr/perso/thierry.coulbois/ https://www.cmi.univ-mrs.fr/~coulbois/ https://old.i2m.univ-amu.fr/~coulbois/,,https://zbmath.org/authors/coulbois.thierry,,,,,
"Deblois, Jason",7,2006,2026,0,,29,"Department of Mathematics University of Pittsburgh 301 Thackeray Hall Pittsburgh, PA 15260",arXiv:2407.01708 (2024),https://www.mathematics.pitt.edu/people/jason-deblois,https://mathscinet.ams.org/mathscinet/MRAuthorID/785234,https://zbmath.org/authors/deblois.jason,https://www.mathgenealogy.org/id.php?id=124903,,,,
"Degrijse, Dieter",7,2013,2023,0,,18,,,,https://mathscinet.ams.org/mathscinet/MRAuthorID/928708,https://zbmath.org/authors/degrijse.dieter,https://www.mathgenealogy.org/id.php?id=171966,,,,
"Dey, Subhadip",7,2019,2025,0,,21,"Tata Institute of Fundamental Research, School of Mathematics, Homi Bhabha Road, Colaba, Mumbai 400005, India",arXiv:2609.37752 (2026),https://sites.google.com/view/subhadip-dey,https://mathscinet.ams.org/mathscinet/MRAuthorID/1289428,https://zbmath.org/authors/dey.subhadip,https://www.mathgenealogy.org/id.php?id=262637,,,,
"Ershov, Mikhail V.",7,2010,2023,0,,28,University of Virginia,arXiv:2601.01377 (2026),https://uva.theopenscholar.com/mikhail-ershov/,https://mathscinet.ams.org/mathscinet/MRAuthorID/653972,https://zbmath.org/authors/ershov.mikhail-v,https://www.mathgenealogy.org/id.php?id=41005,,,,
"Falbel, Elisha",7,2008,2026,0,,60,"Martin Mion-Mouton, Institut de Mathématiques de Marseille (I2M), UMR 7373",arXiv:2406.02053 (2024),https://webusers.imj-prg.fr/~elisha.falbel/,https://mathscinet.ams.org/mathscinet/MRAuthorID/321364,https://zbmath.org/authors/falbel.elisha,https://www.mathgenealogy.org/id.php?id=37812,https://orcid.org/0000-0003-3028-8925,,,
"Gerasimov, Victor N.",7,2009,2021,1,Inventiones Mathematicae: 1,26,"Victor Guerassimov (Gerasimov), Departamento de Matemática, Universidade Federal de Minas Gerais, Av. Antônio Carlos, 6627/ CEP: 31270-901.…",arXiv:2507.22005 (2025),https://www.mat.ufmg.br/,https://mathscinet.ams.org/mathscinet/MRAuthorID/215273,https://zbmath.org/authors/gerasimov.victor-n,https://www.mathgenealogy.org/id.php?id=99941,,,,
"Goujard, Elise",7,2015,2022,1,Inventiones Mathematicae: 1,18,"Institut de Mathématiques de Bordeaux, Université de Bordeaux, 351, cours de la Libération, F-33405 Talence",arXiv:2504.03025 (2025),https://www.math.u-bordeaux.fr/~egoujard/,https://mathscinet.ams.org/mathscinet/MRAuthorID/1002578,https://zbmath.org/authors/goujard.elise,https://www.mathgenealogy.org/id.php?id=264532,,,,
"Gray, Robert D.",7,2013,2026,1,Inventiones Mathematicae: 1,73,University of East Anglia,,https://archive.uea.ac.uk/~fga12juu/RobertGray.html,https://mathscinet.ams.org/mathscinet/MRAuthorID/774787,https://zbmath.org/authors/gray.robert-d,https://www.mathgenealogy.org/id.php?id=112804,,,,
"Grigorchuk, Rostislav Ivanovich",7,1997,2023,1,Inventiones Mathematicae: 1,184,Texas A & M U.,,https://people.tamu.edu/~grigorch/ https://www.math.tamu.edu/~grigorch/,https://mathscinet.ams.org/mathscinet/MRAuthorID/193739,https://zbmath.org/authors/grigorchuk.rostislav-i,https://www.mathgenealogy.org/id.php?id=110420,https://orcid.org/0000-0002-3067-5477,https://en.wikipedia.org/wiki/Rostislav_Grigorchuk,,ICM Invited Speaker (1990)
"Guentner, Erik Paul",7,2003,2026,0,,34,U. Hawaii,,http://www.math.hawaii.edu/~erik/ https://www.math.hawaii.edu/~erik/ https://math.hawaii.edu/~erik/,https://mathscinet.ams.org/mathscinet/MRAuthorID/339055,https://zbmath.org/authors/guentner.erik,https://www.mathgenealogy.org/id.php?id=39326,,,,
"Guilbault, Craig R.",7,2005,2024,0,,42,"Department of Mathematical Sciences University of Wisconsin-Milwaukee, Milwaukee, WI 53201",arXiv:2311.02852 (2023),https://www.uwm.edu/~craigg/,,https://zbmath.org/authors/guilbault.craig-r,,,,,
"Gupta, Radhika",7,2019,2025,0,,13,,,,https://mathscinet.ams.org/mathscinet/MRAuthorID/1236203,https://zbmath.org/authors/gupta.radhika,https://www.mathgenealogy.org/id.php?id=218541,,,,
"Hass, Joel",7,1985,2023,0,,83,"Department of Mathematics, University of California, Davis California 95616",arXiv:2502.08499 (2025),https://math.ucdavis.edu/~hass/,https://mathscinet.ams.org/mathscinet/MRAuthorID/190276,https://zbmath.org/authors/hass.joel,https://www.mathgenealogy.org/id.php?id=23936,,https://en.wikipedia.org/wiki/Joel_Hass,,
"Hirose, Susumu",7,2002,2026,0,,35,"Department of Mathematics, Faculty of Science and Technology, Tokyo University of Science, Noda, Chiba 278-8510, Japan",arXiv:2505.07284 (2025),https://tus.elsevierpure.com/en/persons/susumu-hirose,,https://zbmath.org/authors/hirose.susumu,,,,,
"Hull, Michael B.",7,2013,2021,0,,17,"Department of Mathematics & Statistics, University of North Carolina at Greensboro, 116 Petty Building, Greensboro, NC 27402, U.S.A",arXiv:2407.16069 (2024),https://www.uncg.edu/employees/michael-hull/,https://mathscinet.ams.org/mathscinet/MRAuthorID/928123,https://zbmath.org/authors/hull.michael-b,https://www.mathgenealogy.org/id.php?id=181389,https://orcid.org/0000-0002-0665-5468,,,
"Ishibashi, Tsukasa",7,2019,2025,0,,24,"Mathematical Institute, Tohoku University, 6-3 Aoba, Aramaki, Aoba-ku, Sendai, Miyagi 980-8578, Japan",arXiv:2609.02509 (2026),https://sites.google.com/view/tsukasa-ishibashi,,https://zbmath.org/authors/ishibashi.tsukasa,,,,,
"Islam, Mitul",7,2021,2025,0,,17,"School of Mathematics, Tata Institute of Fundamental Research, Mumbai 400005",arXiv:2607.05036 (2026),,,https://zbmath.org/authors/islam.mitul,,https://orcid.org/0000-0001-7822-6614,,,
"Kassabov, Martin D.",7,2011,2025,0,,56,"Cornell University, USA",arXiv:2601.22907 (2026),https://math.cornell.edu/martin-kassabov,https://mathscinet.ams.org/mathscinet/MRAuthorID/703218,https://zbmath.org/authors/kassabov.martin-d,https://www.mathgenealogy.org/id.php?id=77437,https://orcid.org/0000-0002-8302-2568,https://en.wikipedia.org/wiki/Martin_Kassabov,,ICM Invited Speaker (2014)
"Kawazumi, Nariya",7,1998,2024,1,Inventiones Mathematicae: 1,49,"Department of Mathematical Sciences, University of Tokyo, 3-8-1 Komaba, Meguro-ku, Tokyo 153-8914, Japan",arXiv:2604.27531 (2026),https://www.ms.u-tokyo.ac.jp/~kawazumi/index_e.html,,https://zbmath.org/authors/kawazumi.nariya,,,,,
"Kim, Inkang",7,2006,2025,1,Inventiones Mathematicae: 1,95,"School of Mathematics, Korea Institute for Advanced Study (KIAS), 85 Hoegiro, Dongdaemun-gu, Seoul 02455, Republic of Korea",arXiv:2609.15549 (2026),http://www.kias.re.kr/sub02/sub02_01_01.jsp?empid=MTAzMTQ=,https://mathscinet.ams.org/mathscinet/MRAuthorID/641828,https://zbmath.org/authors/kim.inkang,https://www.mathgenealogy.org/id.php?id=31502,https://orcid.org/0000-0003-3803-1024,,,
"Korotkin, Dmitrii A.",7,2004,2023,0,,76,"Concordia University, Canada",institution web page,https://www.concordia.ca/faculty/dmitry-korotkin.html,https://mathscinet.ams.org/mathscinet/MRAuthorID/266541,https://zbmath.org/authors/korotkin.dmitrii-a,https://www.mathgenealogy.org/id.php?id=147743,,,,
"Kulkarni, Ravindra Shripad",7,1978,1990,3,Annals of Mathematics: 1; Inventiones Mathematicae: 1; Journal of the American Mathematical Society: 1,86,City University of New York,,,https://mathscinet.ams.org/mathscinet/MRAuthorID/107695,https://zbmath.org/authors/kulkarni.ravindra-s,https://www.mathgenealogy.org/id.php?id=35492,,https://en.wikipedia.org/wiki/Ravindra_Shripad_Kulkarni,,
"Kuno, Yusuke",7,2008,2021,0,,31,"Department of Mathematics, Tsuda University, 2-1-1 Tsuda-machi, Kodaira-shi, Tokyo 187-8577, Japan",arXiv:2608.26934 (2026),https://edu.tsuda.ac.jp/~kunotti/,,https://zbmath.org/authors/kuno.yusuke,,,,,
"Liu, Lixin",7,2011,2020,0,,46,,,,https://mathscinet.ams.org/mathscinet/MRAuthorID/337701,https://zbmath.org/authors/liu.lixin,https://www.mathgenealogy.org/id.php?id=189857,,,,
"Lonjou, Anne",7,2016,2025,0,,13,"Laboratoire de mathématiques d’Orsay, Université Paris-Saclay, 91405, Orsay, France",arXiv:2510.10838 (2025),,,https://zbmath.org/authors/lonjou.anne,,,,,
"Loving, Marissa",7,2019,2026,0,,22,U. Wisconsin,,https://sites.google.com/view/lovingmath/home,https://mathscinet.ams.org/mathscinet/MRAuthorID/1096097,https://zbmath.org/authors/loving.marissa,https://www.mathgenealogy.org/id.php?id=250660,https://orcid.org/0000-0001-7334-1170,,,
"Ma, Jiming",7,2012,2025,0,,50,"School of Mathematical Sciences, Fudan University, Shanghai, 200433, P. R. China",arXiv:2608.18163 (2026),http://www.scms.fudan.edu.cn/Data/View/272.html,https://mathscinet.ams.org/mathscinet/MRAuthorID/760871,https://zbmath.org/authors/ma.jiming,https://www.mathgenealogy.org/id.php?id=193050,,,,
"Maclachlan, Colin",7,1971,2005,0,,66,,,,https://mathscinet.ams.org/mathscinet/MRAuthorID/117720,https://zbmath.org/authors/maclachlan.colin,https://www.mathgenealogy.org/id.php?id=37060,,,,
"Maillot, Sylvain",7,2001,2015,1,Inventiones Mathematicae: 1,24,,,,,https://zbmath.org/authors/maillot.sylvain,,,,,
"Maloni, Sara",7,2010,2026,0,,19,"Department of Mathematics, University of Virginia",arXiv:2607.06473 (2026),https://sites.google.com/view/sara-maloni,https://mathscinet.ams.org/mathscinet/MRAuthorID/905864,https://zbmath.org/authors/maloni.sara,https://www.mathgenealogy.org/id.php?id=181142,,,,
"Mann, Kathryn",7,2015,2026,1,Inventiones Mathematicae: 1,47,"CNRS, Institut de Mathématiques de Jussieu - Paris Rive Gauche",arXiv:2605.25082 (2026),https://math.cornell.edu/kathryn-mann https://webusers.imj-prg.fr/~kathryn.mann/,https://mathscinet.ams.org/mathscinet/MRAuthorID/978328,https://zbmath.org/authors/mann.kathryn,https://www.mathgenealogy.org/id.php?id=196473,https://orcid.org/0009-0006-9006-5239,https://en.wikipedia.org/wiki/Kathryn_Mann,,ICM Invited Speaker (2022)
"Martin, Gaven J.",7,1997,2020,2,Annals of Mathematics: 2,178,,,http://www.massey.ac.nz/massey/expertise/profile.cfm?stref=339830,https://mathscinet.ams.org/mathscinet/MRAuthorID/120465,https://zbmath.org/authors/martin.gaven-j,https://www.mathgenealogy.org/id.php?id=7311,https://orcid.org/0000-0002-9395-5855,https://en.wikipedia.org/wiki/Gaven_Martin,,ICM Invited Speaker (2010)
"McCool, James",7,1980,1997,1,Inventiones Mathematicae: 1,34,,,,https://mathscinet.ams.org/mathscinet/MRAuthorID/236727,https://zbmath.org/authors/mccool.james,https://www.mathgenealogy.org/id.php?id=19541,,,,
"McShane, Gregory",7,1998,2023,1,Inventiones Mathematicae: 1,23,,,https://macbuse.github.io/,https://mathscinet.ams.org/mathscinet/MRAuthorID/358972,https://zbmath.org/authors/mcshane.gregory,https://www.mathgenealogy.org/id.php?id=85632,https://orcid.org/0009-0005-2197-2399,,,
"Miller, Nicholas",7,2020,2026,1,Inventiones Mathematicae: 1,21,"Department of Mathematics and Statistics, Villanova University, Villanova, PA, 19085",arXiv:2609.28188 (2026),https://nickmbmiller.wixsite.com/nimimill,https://mathscinet.ams.org/mathscinet/MRAuthorID/1222359,https://zbmath.org/authors/miller.nicholas,https://www.mathgenealogy.org/id.php?id=224821,https://orcid.org/0000-0002-0913-5011,,,
"Moriah, Yoav",7,1997,2025,0,,48,"Department of Mathematics Technion Haifa, 32000 Israel",arXiv:2508.07303 (2025),https://www.math.technion.ac.il/people/ymoriah/,https://mathscinet.ams.org/mathscinet/MRAuthorID/238915,https://zbmath.org/authors/moriah.yoav,https://www.mathgenealogy.org/id.php?id=45577,,,,
"Morita, Shigeyuki",7,1987,2008,2,Inventiones Mathematicae: 2,86,,,,,https://zbmath.org/authors/morita.shigeyuki,,,,,ICM Invited Speaker (1990)
"Mutanguha, Jean Pierre",7,2020,2025,0,,10,,,https://mutanguha.com/,,https://zbmath.org/authors/mutanguha.jean-pierre,,,,,
"Nakamura, Hiroaki",7,1993,2022,1,Inventiones Mathematicae: 1,63,"Department of Mathematics, University of Osaka, Toyonaka, Osaka 560-0043, Japan",arXiv:2602.12462 (2026),http://www4.math.sci.osaka-u.ac.jp/~nakamura/,,https://zbmath.org/authors/nakamura.hiroaki.1,https://www.mathgenealogy.org/id.php?id=174548,,,,
"Nucinkis, Brita E. A.",7,2001,2026,1,Inventiones Mathematicae: 1,39,"Royal Holloway, University of London Department of Mathematics, McCrea Building, TW20 0EX Egham, UK",arXiv:2605.28963 (2026),https://pure.royalholloway.ac.uk/portal/en/persons/brita-nucinkis(1256195e-d48e-4e83-bc02-c50d77ab01a9).html,https://mathscinet.ams.org/mathscinet/MRAuthorID/627392,https://zbmath.org/authors/nucinkis.brita-e-a,https://www.mathgenealogy.org/id.php?id=151077,,,,
"Oregón-Reyes, Eduardo",7,2018,2026,0,,14,,,https://reyes-eduardo.github.io/,,https://zbmath.org/authors/oregon-reyes.eduardo,https://www.mathgenealogy.org/id.php?id=298519,,,,
"Ozawa, Narutaka",7,2004,2019,1,Inventiones Mathematicae: 1,73,"RIMS, Kyoto University, 606-8502 Japan",arXiv:2609.08892 (2026),https://www.kurims.kyoto-u.ac.jp/~narutaka/,https://mathscinet.ams.org/mathscinet/MRAuthorID/643759,https://zbmath.org/authors/ozawa.narutaka,https://www.mathgenealogy.org/id.php?id=61275,https://orcid.org/0000-0001-6529-4773,https://en.wikipedia.org/wiki/Narutaka_Ozawa,,ICM Invited Speaker (2006)
"Petronio, Carlo",7,2003,2009,0,,70,,,https://people.dm.unipi.it/petronio/,https://mathscinet.ams.org/mathscinet/MRAuthorID/294934,https://zbmath.org/authors/petronio.carlo,https://www.mathgenealogy.org/id.php?id=151078,,,,
"Pollicott, Mark",7,1996,2024,0,,233,"Department of Mathematics, Warwick University, Coventy, CV4 7AL-UK",arXiv:2606.13958 (2026),https://warwick.ac.uk/fac/sci/maths/people/staff/mark_pollicott/p1/,https://mathscinet.ams.org/mathscinet/MRAuthorID/140805,https://zbmath.org/authors/pollicott.mark,https://www.mathgenealogy.org/id.php?id=67188,https://orcid.org/0000-0002-0206-2200,https://en.wikipedia.org/wiki/Mark_Pollicott,,ICM Invited Speaker (2014)
"Qiu, Ruifeng",7,2004,2020,0,,55,"School of Mathematical Sciences, Key Laboratory of MEA(Ministry of Education) & Shanghai Key Laboratory of PMMP, East China Normal…",arXiv:2504.19118 (2025),,,https://zbmath.org/authors/qiu.ruifeng,,,,,
"Rees, Sarah",7,2001,2021,0,,72,"School of Mathematics, Statistics and Physics, Newcastle University, Newcastle upon Tyne NE1 7RU, United Kingdom",arXiv:2607.26284 (2026),https://www.mas.ncl.ac.uk/~nser/,https://mathscinet.ams.org/mathscinet/MRAuthorID/219150,https://zbmath.org/authors/rees.sarah,https://www.mathgenealogy.org/id.php?id=29548,,https://en.wikipedia.org/wiki/Sarah_Rees_(professor),,
"Sale, Andrew W.",7,2016,2024,0,,16,,,https://math.hawaii.edu/~andrew/,,https://zbmath.org/authors/sale.andrew-w,,,,,
"Sauer, Roman",7,2006,2020,1,Inventiones Mathematicae: 1,51,Karlsruhe Institute of Technology,arXiv:2609.24951 (2026),https://www.math.kit.edu/iag7/~sauer/en,https://mathscinet.ams.org/mathscinet/MRAuthorID/733693,https://zbmath.org/authors/sauer.roman,https://www.mathgenealogy.org/id.php?id=59712,https://orcid.org/0000-0002-2907-6645,,,
"Sharp, Richard W.",7,1996,2024,0,,86,"University of Warwick, UK",institution web page,https://warwick.ac.uk/fac/sci/maths/people/staff/richard_sharp/,,https://zbmath.org/authors/sharp.richard-w,,,,,
"Silver, Daniel S.",7,1993,2006,0,,87,,,https://www.southalabama.edu/mathstat/personal_pages/silver/,https://mathscinet.ams.org/mathscinet/MRAuthorID/162170,https://zbmath.org/authors/silver.daniel-s,https://www.mathgenealogy.org/id.php?id=24827,,,,
"Smirnova-Nagnibeda, Tatiana",7,1997,2025,1,Inventiones Mathematicae: 1,47,University of Geneva,,https://www.unige.ch/~tatiana/,https://mathscinet.ams.org/mathscinet/MRAuthorID/622812,https://zbmath.org/authors/smirnova-nagnibeda.tatiana,https://www.mathgenealogy.org/id.php?id=14026,https://orcid.org/0000-0002-7541-9936,,,
"Suzuki, Masaaki",7,2002,2025,0,,52,"Department of Frontier Media Science, Meiji University, 4-21-1 Nakano, Nakano-ku, Tokyo, 164-8525, Japan",arXiv:2608.17673 (2026),https://www.isc.meiji.ac.jp/~mackysuzuki/,https://mathscinet.ams.org/mathscinet/MRAuthorID/685950,https://zbmath.org/authors/suzuki.masaaki,https://www.mathgenealogy.org/id.php?id=176673,,,,
"Tang, Robert L.",7,2017,2022,0,,13,"Jiaotong U., China",,https://rob-tang.github.io/,https://mathscinet.ams.org/mathscinet/MRAuthorID/1000078,https://zbmath.org/authors/tang.robert-l,https://www.mathgenealogy.org/id.php?id=193058,https://orcid.org/0000-0001-7021-4117,,,
"Taylor, Scott A.",7,2007,2018,0,,34,Colby C.,,https://personal.colby.edu/personal/s/sataylor/home.php,https://mathscinet.ams.org/mathscinet/MRAuthorID/815293,https://zbmath.org/authors/taylor.scott-a,https://www.mathgenealogy.org/id.php?id=129470,,,,
"Tholozan, Nicolas",7,2017,2025,0,,22,"CNRS, ENS-PSL, 45 rue d’Ulm, 75005 Paris, France",arXiv:2602.14806 (2026),https://www.math.ens.fr/~tholozan/,https://mathscinet.ams.org/mathscinet/MRAuthorID/1146979,https://zbmath.org/authors/tholozan.nicolas,https://www.mathgenealogy.org/id.php?id=190001,,,,
"Thomas, Anne",7,2012,2025,0,,41,"School of Mathematics & Statistics, Carslaw Building F07, University of Sydney NSW 2006, Australia",arXiv:2605.29337 (2026),https://www.sydney.edu.au/science/about/our-people/academic-staff/anne-thomas.html https://www.maths.usyd.edu.au/u/athomas/,https://mathscinet.ams.org/mathscinet/MRAuthorID/794933,https://zbmath.org/authors/thomas.anne,https://www.mathgenealogy.org/id.php?id=122500,https://orcid.org/0000-0001-9074-4553,,,
"Thomas, Simon R.",7,1985,2008,0,,92,"Rutgers University, USA",institution web page,https://sites.math.rutgers.edu/~sthomas/,https://mathscinet.ams.org/mathscinet/MRAuthorID/195740,https://zbmath.org/authors/thomas.simon-r,https://www.mathgenealogy.org/id.php?id=6187,,,,ICM Invited Speaker (2006)
"Thurston, William Paul",7,1977,2007,4,Annals of Mathematics: 2; Inventiones Mathematicae: 2,86,"Department of Mathematics, Cornell University Ithaca, NY, 14853, USA, and King Abdulaziz University Jeddah 22254, Saudi Arabia",arXiv:1906.05324 (2019),,https://mathscinet.ams.org/mathscinet/MRAuthorID/172470,https://zbmath.org/authors/thurston.william-p,https://www.mathgenealogy.org/id.php?id=11749,,https://en.wikipedia.org/wiki/William_Thurston,Veblen Prize (1976); Fields Medal (1982),ICM Plenary Speaker (1978); ICM Invited Speaker (1974)
"Touikan, Nicholas W. M.",7,2017,2025,1,Inventiones Mathematicae: 1,20,"Department of Mathematics & Statistics, University of New Brunswick (Fredericton)",arXiv:2509.22346 (2025),https://personal.stevens.edu/~ntouikan/,,https://zbmath.org/authors/touikan.nicholas-w-m,,,,,
"Tsouvalas, Konstantinos",7,2019,2025,0,,27,"Max Planck Institute for Mathematics in the Sciences, Inselstraße 22, 04103 Leipzig, Germany",arXiv:2609.37752 (2026),https://sites.google.com/view/konstantinos-tsouvalas/home,,https://zbmath.org/authors/tsouvalas.konstantinos,,,,,
"Turaev, Vladimir Georgievich",7,1988,2021,2,Inventiones Mathematicae: 2,174,,,https://math.indiana.edu/about/faculty/touraev-vladimir.html,https://mathscinet.ams.org/mathscinet/MRAuthorID/189053,https://zbmath.org/authors/turaev.vladimir-g,https://www.mathgenealogy.org/id.php?id=56929,https://orcid.org/0000-0001-7210-8203,https://en.wikipedia.org/wiki/Vladimir_Turaev,,ICM Invited Speaker (1990)
"Urech, Christian",7,2020,2025,0,,19,"Department of Mathematics, ETH Zurich, 8092 Zurich, Switzerland",arXiv:2512.02837 (2025),https://christianurech.github.io/,,https://zbmath.org/authors/urech.christian,,,,,
"Vargas Pallete, Franco",7,2022,2026,0,,29,"IMPA - Instituto Nacional de Matemática Pura e Aplicada, Rio de Janeiro, RJ, Brasil, 22460-320",arXiv:2607.05232 (2026),https://sites.google.com/view/vargas-pallete/,,https://zbmath.org/authors/vargas-pallete.franco,,https://orcid.org/0000-0003-4180-1018,,,
"Viaggi, Gabriele",7,2021,2026,0,,15,"Department of Mathematics, University of Pisa, Pisa, Italy",arXiv:2606.27074 (2026),https://pagine.dm.unipi.it/~a058753/research.html,,https://zbmath.org/authors/viaggi.gabriele,,,,,
"Walker, Alden",7,2013,2023,1,Journal of the American Mathematical Society: 1,18,"Center for Communications Research La Jolla, CA 92121, USA",arXiv:2609.17879 (2026),http://aldenwalker.org/index.html,https://mathscinet.ams.org/mathscinet/MRAuthorID/925092,https://zbmath.org/authors/walker.alden,https://www.mathgenealogy.org/id.php?id=164420,,,,
"Webb, Richard C. H.",7,2015,2026,1,Journal of the American Mathematical Society: 1,15,"University of Manchester, UK",institution web page,https://research.manchester.ac.uk/en/persons/richard.webb,https://mathscinet.ams.org/mathscinet/MRAuthorID/1104740,https://zbmath.org/authors/webb.richard-c-h,https://www.mathgenealogy.org/id.php?id=190271,https://orcid.org/0000-0001-9161-0928,,,
"Wei, Huaying",7,2013,2026,0,,33,,,,,https://zbmath.org/authors/wei.huaying,,,,,
"Whyte, Kevin",7,1999,2013,3,Annals of Mathematics: 3,24,"Department of Mathematics, Statistics, and Computer Science, University of Illinois at Chicago, 322 Science and Engineering Offices (M/C…",arXiv:2604.13898 (2026),https://www.math.uic.edu/~kwhyte/,,https://zbmath.org/authors/whyte.kevin,,,,,
"Yang, Tian",7,2011,2026,0,,30,"Texas A&M University, USA",institution web page,https://people.tamu.edu/~yangtian//,,https://zbmath.org/authors/yang.tian,,,,,
"Yu, Bin",7,2016,2025,0,,27,,,,https://mathscinet.ams.org/mathscinet/MRAuthorID/823461,https://zbmath.org/authors/yu.bin.2,https://www.mathgenealogy.org/id.php?id=176753,,,,ICM Invited Speaker (2022)
"Zhang, Tengren",7,2015,2021,0,,23,"Department of Mathematics, National University of Singapore, Singapore",arXiv:2609.07628 (2026),https://sites.google.com/site/tengren85/,,https://zbmath.org/authors/zhang.tengren,,,,,
"Zickert, Christian K.",7,2015,2020,0,,15,University of Maryland,,https://math.umd.edu/~zickert/,https://mathscinet.ams.org/mathscinet/MRAuthorID/796093,https://zbmath.org/authors/zickert.christian-k,https://www.mathgenealogy.org/id.php?id=124270,,,,
"Abért, Miklós",6,2007,2025,0,,46,"HUN-REN Alfréd Rényi Institute of Mathematics, Budapest 1053, Hungary",arXiv:2512.22542 (2025),https://users.renyi.hu/~abert/,,https://zbmath.org/authors/abert.miklos,,,,,ICM Invited Speaker (2022)
"Athreya, Jayadev S.",6,2012,2026,0,,60,"Fordham University, Mathematics Department, 113 West 60th Street, Room 813 New York, NY 10023",arXiv:2609.23882 (2026),http://www.math.illinois.edu/~jathreya/ https://faculty.washington.edu/jathreya/,https://mathscinet.ams.org/mathscinet/MRAuthorID/663249,https://zbmath.org/authors/athreya.jayadev-s,https://www.mathgenealogy.org/id.php?id=100644,https://orcid.org/0000-0002-9317-6229,https://en.wikipedia.org/wiki/Jayadev_Athreya,,
"Aulicino, David",6,2015,2026,0,,16,"Brooklyn College, CUNY, USA",institution web page,http://userhome.brooklyn.cuny.edu/aulicino/,https://mathscinet.ams.org/mathscinet/MRAuthorID/650470,https://zbmath.org/authors/aulicino.david,https://www.mathgenealogy.org/id.php?id=195480,,,,
"Avramidi, Grigori",6,2016,2026,1,Inventiones Mathematicae: 1,20,,,https://sites.google.com/site/gavramidi/,https://mathscinet.ams.org/mathscinet/MRAuthorID/1011114,https://zbmath.org/authors/avramidi.grigori,https://www.mathgenealogy.org/id.php?id=188287,,,,
"Balasubramanya, Sahana H.",6,2017,2025,0,,16,Lafayette C.,,https://hbsahana.com/,,https://zbmath.org/authors/balasubramanya.sahana-h,,,,,
"Beeker, Benjamin",6,2015,2022,0,,8,"Department of Mathematics, Hebrew University, Jerusalem, Israel",arXiv:1701.01313 (2017),,https://mathscinet.ams.org/mathscinet/MRAuthorID/1055540,https://zbmath.org/authors/beeker.benjamin,https://www.mathgenealogy.org/id.php?id=181622,,,,
"Bellingeri, Paolo",6,2016,2023,0,,38,"Normandie Univ, UNICAEN, CNRS, LMNO, 14000 Caen, France",arXiv:2511.08472 (2025),https://bellingeri.users.lmno.cnrs.fr/,https://mathscinet.ams.org/mathscinet/MRAuthorID/730344,https://zbmath.org/authors/bellingeri.paolo,https://www.mathgenealogy.org/id.php?id=100357,,,,
"Benirschke, Frederik",6,2022,2026,0,,10,,,https://sites.google.com/view/benirschke,,https://zbmath.org/authors/benirschke.frederik,https://www.mathgenealogy.org/id.php?id=282527,,,,
"Berrick, A. Jon",6,2006,2014,1,Journal of the American Mathematical Society: 1,74,,,,,https://zbmath.org/authors/berrick.a-jon,,,,,
"Bianchi, Andrea",6,2020,2025,0,,26,"University of Copenhagen, Denmark",institution web page,https://guests.mpim-bonn.mpg.de/bianchi/,,https://zbmath.org/authors/bianchi.andrea,,,,,
"Bonk, Mario",6,2002,2009,1,Inventiones Mathematicae: 1,70,"University of California, Los Angeles",,http://www.math.ucla.edu/~mbonk/,https://mathscinet.ams.org/mathscinet/MRAuthorID/39235,https://zbmath.org/authors/bonk.mario,https://www.mathgenealogy.org/id.php?id=20959,https://orcid.org/0000-0003-3620-4323,,,ICM Invited Speaker (2006)
"Bourdon, Marc",6,1995,2016,0,,24,"U. de Lille, France",,https://math.univ-lille1.fr/annuaire/index.php?table=membres,,https://zbmath.org/authors/bourdon.marc,,,,,
"Callegaro, Filippo",6,2006,2020,0,,28,"Dipartimento di Matematica, Università di Pisa, Italy",arXiv:2606.12206 (2026),,,https://zbmath.org/authors/callegaro.filippo,,https://orcid.org/0000-0002-2658-3721,,,
"Chatterji, Indira",6,2005,2025,0,,37,"Université Côte d’Azur, Nice, France",arXiv:2601.22907 (2026),https://chatterj.perso.math.cnrs.fr/index.html,,https://zbmath.org/authors/chatterji.indira,,,,,
"Choi, Suhyoung",6,1993,2022,0,,53,"Department of Mathematical Sciences, KAIST, 305-701, Daejeon, Republic of Korea",arXiv:2606.11694 (2026),http://mathsci.kaist.ac.kr/~schoi,https://mathscinet.ams.org/mathscinet/MRAuthorID/318733,https://zbmath.org/authors/choi.suhyoung,https://www.mathgenealogy.org/id.php?id=84236,,,,
"Colin, Vincent",6,2001,2024,0,,41,"Nantes Université, CNRS, Laboratoire de Mathématiques Jean Leray, LMJL, F-44000 Nantes, France",arXiv:2609.03700 (2026),,https://mathscinet.ams.org/mathscinet/MRAuthorID/619164,https://zbmath.org/authors/colin.vincent,https://www.mathgenealogy.org/id.php?id=147050,,,,
"Daskalopoulos, Georgios D.",6,2000,2022,1,Inventiones Mathematicae: 1,49,"Brown University Department of Mathematics Providence, RI",arXiv:2510.13708 (2025),,,https://zbmath.org/authors/daskalopoulos.georgios-d,,,,,ICM Invited Speaker (2026)
"Delecroix, Vincent",6,2014,2023,1,Inventiones Mathematicae: 1,42,"CNRS, LaBRI, Université de Bordeaux, Bordeaux, France",arXiv:2501.15978 (2025),,,https://zbmath.org/authors/delecroix.vincent,,https://orcid.org/0000-0002-9608-782X,,,
"Deroin, Bertrand",6,2007,2026,0,,47,"CNRS & CY Cergy Paris Université, Laboratoire AGM, UMR 8088, 2 av. Adolphe Chauvin, 95302 Cergy-Pontoise Cedex, France",arXiv:2508.00099 (2025),https://www.math.ens.fr/~deroin/,https://mathscinet.ams.org/mathscinet/MRAuthorID/727583,https://zbmath.org/authors/deroin.bertrand,https://www.mathgenealogy.org/id.php?id=104588,,,,ICM Invited Speaker (2026)
"Detcherry, Renaud",6,2019,2025,0,,28,"Université Bourgogne Europe, CNRS, IMB UMR 5584, F-21000 Dijon, France & Institut Universitaire de France",arXiv:2610.01734 (2026),,,https://zbmath.org/authors/detcherry.renaud,,,,,
"Dranishnikov, Alexander Nikolaevich",6,2001,2020,1,Inventiones Mathematicae: 1,195,U. Florida,,http://people.clas.ufl.edu/dranish/ https://www.math.ufl.edu/~dranish/,https://mathscinet.ams.org/mathscinet/MRAuthorID/212177,https://zbmath.org/authors/dranishnikov.alexander-n,https://www.mathgenealogy.org/id.php?id=43961,,https://en.wikipedia.org/wiki/Alexander_Dranishnikov,,ICM Invited Speaker (1998)
"Dunwoody, Martin John",6,1979,2000,3,Inventiones Mathematicae: 3,53,"U. Southampton, U.K.",,http://www.personal.soton.ac.uk/mjd7/  https://www.maths.soton.ac.uk/staff/Dunwoody/,https://mathscinet.ams.org/mathscinet/MRAuthorID/225292,https://zbmath.org/authors/dunwoody.martin-j,https://www.mathgenealogy.org/id.php?id=57371,,https://en.wikipedia.org/wiki/Martin_Dunwoody,,
"Edmonds, Allan L.",6,1979,1986,3,Annals of Mathematics: 2; Inventiones Mathematicae: 1,69,,,,,https://zbmath.org/authors/edmonds.allan-l,,,,,
"Einstein, Eduard",6,2020,2025,0,,12,"Department of Mathematics and Statistics, Swarthmore College, 500 College Ave, Swarthmore, PA 19081, USA",arXiv:2502.08630 (2025),,,https://zbmath.org/authors/einstein.eduard,,,,,
"Epstein, David Bernard Alper",6,1981,2007,2,Annals of Mathematics: 2,80,"U. Warwick, U.K.",,http://www2.warwick.ac.uk/fac/sci/maths/people/staff/david_epstein/ https://www.maths.warwick.ac.uk/~dbae/,https://mathscinet.ams.org/mathscinet/MRAuthorID/63750,https://zbmath.org/authors/epstein.david-b-a,https://www.mathgenealogy.org/id.php?id=24419,https://orcid.org/0000-0001-8634-7168,https://en.wikipedia.org/wiki/David_B._A._Epstein,Senior Berwick Prize (1988); Fellow of the Royal Society,
"Erlandsson, Viveka",6,2013,2023,0,,20,"School of Mathematics, University of Bristol, and",arXiv:2403.18544 (2024),https://sites.google.com/site/vivekaerland/home,https://mathscinet.ams.org/mathscinet/MRAuthorID/856435,https://zbmath.org/authors/erlandsson.viveka,https://www.mathgenealogy.org/id.php?id=181988,https://orcid.org/0000-0001-5052-8004,https://en.wikipedia.org/wiki/Viveka_Erlandsson,,
"Farley, Daniel Scott",6,2005,2026,0,,29,"Department of Mathematics Miami University Oxford, OH 45056 U.S.A",arXiv:2606.27753 (2026),https://www.users.muohio.edu/farleyds/,,https://zbmath.org/authors/farley.daniel-scott,,,,,
"Fisher, David Michael",6,2012,2025,3,Annals of Mathematics: 2; Inventiones Mathematicae: 1,55,"School of Biological Sciences, University of Aberdeen, Aberdeen, AB243FX, United Kingdom",arXiv:2602.15256 (2026),https://sites.google.com/view/davidmfisher,https://mathscinet.ams.org/mathscinet/MRAuthorID/684089,https://zbmath.org/authors/fisher.david-m,https://www.mathgenealogy.org/id.php?id=52245,https://orcid.org/0000-0003-2999-5518,,,ICM Invited Speaker (2022)
"Fisher, Sam P.",6,2023,2026,0,,13,"Instituto de Ciencias Matemáticas, CSIC-UAM-UC3M-UCM, Madrid, Spain",arXiv:2608.25988 (2026),https://sampfisher.github.io/,,https://zbmath.org/authors/fisher.sam-p,,https://orcid.org/0000-0003-0769-1361,,,
"Floyd, William J.",6,1980,2019,2,Inventiones Mathematicae: 2,50,Virginia Tech.,,http://www.math.vt.edu/people/floyd/ https://www.math.vt.edu/people/floyd/,https://mathscinet.ams.org/mathscinet/MRAuthorID/67750,https://zbmath.org/authors/floyd.william-j,https://www.mathgenealogy.org/id.php?id=7658,,https://en.wikipedia.org/wiki/William_Floyd_(mathematician),,
"Fortier Bourque, Maxime",6,2018,2024,1,Inventiones Mathematicae: 1,22,"Département de mathématiques et de statistique, Université de Montréal, 2920, chemin de la Tour, Montréal (QC), H3T 1J4, Canada",arXiv:2501.17262 (2025),https://dms.umontreal.ca/~fortierboum/,,https://zbmath.org/authors/fortier-bourque.maxime,,https://orcid.org/0000-0002-9594-9782,,,
"Fournier-Facio, Francesco",6,2023,2026,0,,43,,,https://www.fffmaths.com/,,https://zbmath.org/authors/fournier-facio.francesco,,https://orcid.org/0000-0003-0386-2071,,,
"Furman, Alex",6,2013,2022,1,Inventiones Mathematicae: 1,42,University of Illinois at Chicago,arXiv:2504.09926 (2025),https://www.math.uic.edu/~furman,,https://zbmath.org/authors/furman.alex,,,,,ICM Invited Speaker (2014)
"Galatius, Søren",6,2006,2019,3,Journal of the American Mathematical Society: 1; Annals of Mathematics: 1; Publications Mathématiques de l'IHÉS: 1,38,"Department of Mathematics, University of Copenhagen, Denmark",arXiv:2405.11528 (2024),https://sorengalatius.com https://math.stanford.edu/~galatius/,https://mathscinet.ams.org/mathscinet/MRAuthorID/740890,https://zbmath.org/authors/galatius.soren,https://www.mathgenealogy.org/id.php?id=117706,https://orcid.org/0000-0002-1015-7322,https://en.wikipedia.org/wiki/S%C3%B8ren_Galatius,Clay Research Award (2022),ICM Invited Speaker (2014)
"Gebhardt, Volker",6,2007,2019,0,,28,"Centre for Research in Mathematics and Data Science, Western Sydney University, Australia",arXiv:2405.10147 (2024),,https://mathscinet.ams.org/mathscinet/MRAuthorID/648778,https://zbmath.org/authors/gebhardt.volker,https://www.mathgenealogy.org/id.php?id=35762,,,,
"Geiges, Hansjörg",6,1995,2004,1,Inventiones Mathematicae: 1,106,,,https://math.uni-koeln.de/abteilung/personen/personenliste-a-z/geiges-hansjoerg-prof-dr,https://mathscinet.ams.org/mathscinet/MRAuthorID/319278,https://zbmath.org/authors/geiges.hansjorg,https://www.mathgenealogy.org/id.php?id=71470,https://orcid.org/0000-0002-1360-1062,,,
"Gelander, Tsachik",6,2005,2018,1,Inventiones Mathematicae: 1,69,"Department of Mathematics, Northwestern University, 2033 Sheridan Road, Evanston, IL 60208, USA",arXiv:2609.36098 (2026),,https://mathscinet.ams.org/mathscinet/MRAuthorID/697297,https://zbmath.org/authors/gelander.tsachik,https://www.mathgenealogy.org/id.php?id=96347,https://orcid.org/0000-0003-4669-8582,https://en.wikipedia.org/wiki/Tsachik_Gelander,,ICM Invited Speaker (2018)
"Gilmer, Patrick M.",6,1991,2019,0,,55,"Department of Mathematics Louisiana State University Baton Rouge, LA 70803 USA",arXiv:1804.05746 (2018),,,https://zbmath.org/authors/gilmer.patrick-m,,,,,
"Godelle, Eddy",6,2002,2014,0,,38,"Eddy, Université de Caen, LMNO UMR 6139 14000 Caen, France",arXiv:2510.15462 (2025),https://www.math.unicaen.fr/~godelle/index.html,https://mathscinet.ams.org/mathscinet/MRAuthorID/698958,https://zbmath.org/authors/godelle.eddy,https://www.mathgenealogy.org/id.php?id=132469,,,,
"Goncharov, Alexander Borisovich",6,2004,2016,1,Publications Mathématiques de l'IHÉS: 1,93,Brown University,,http://users.math.yale.edu/users/goncharov/,https://mathscinet.ams.org/mathscinet/MRAuthorID/229715,https://zbmath.org/authors/goncharov.alexander-b,https://www.mathgenealogy.org/id.php?id=44006,,https://en.wikipedia.org/wiki/Alexander_Goncharov,EMS Prize (1992),ICM Invited Speaker (1994)
"Guichard, Olivier",6,2008,2025,2,Inventiones Mathematicae: 2,25,"Université de Strasbourg, IRMA, 7 rue Descartes, 67000 Strasbourg, France",arXiv:2606.10761 (2026),https://irma.math.unistra.fr/~guichard/,https://mathscinet.ams.org/mathscinet/MRAuthorID/743876,https://zbmath.org/authors/guichard.olivier,https://www.mathgenealogy.org/id.php?id=211803,https://orcid.org/0009-0001-2000-5584,,,
"Harer, John L.",6,1982,1991,3,Inventiones Mathematicae: 2; Annals of Mathematics: 1,47,Duke U.,,https://www2.math.duke.edu/faculty/harer/,,https://zbmath.org/authors/harer.john-l,,,,,
"Harvey, Shelly L.",6,2002,2020,0,,24,"Department of Mathematics, Rice University",arXiv:2305.11268 (2023),https://math.rice.edu/~shelly/,https://mathscinet.ams.org/mathscinet/MRAuthorID/702081,https://zbmath.org/authors/harvey.shelly-l,https://www.mathgenealogy.org/id.php?id=59609,,https://en.wikipedia.org/wiki/Shelly_Harvey,,
"Hodgson, Craig D.",6,1998,2015,1,Annals of Mathematics: 1,33,"School of Mathematics and StatisticsThe University of MelbourneParkville, Victoria 3010Australia",arXiv:2303.04380 (2023),https://www.geometry.ms.unimelb.edu.au/,,https://zbmath.org/authors/hodgson.craig-d,,,,,
"Hoffman, Neil R.",6,2014,2026,0,,26,,,,https://mathscinet.ams.org/mathscinet/MRAuthorID/813377,https://zbmath.org/authors/hoffman.neil-r,https://www.mathgenealogy.org/id.php?id=158176,,,,
"Hu, Ying",6,2019,2026,0,,11,"School of Mathematical Sciences, Shanghai Jiao Tong University, 800 Dongchuan Rd, Minhang District, Shanghai, 200240, China",arXiv:2607.10529 (2026),https://yinghu-math.github.io/,,https://zbmath.org/authors/hu.ying.1,,,,,
"Humphries, Stephen P.",6,1989,2004,1,Inventiones Mathematicae: 1,77,,,https://math.byu.edu/~steve/,https://mathscinet.ams.org/mathscinet/MRAuthorID/89860,https://zbmath.org/authors/humphries.stephen-p,https://www.mathgenealogy.org/id.php?id=45044,,,,
"Ichikawa, Takashi",6,1994,2018,0,,51,,,http://ichikawa.ms.saga-u.ac.jp/,https://mathscinet.ams.org/mathscinet/MRAuthorID/253584,https://zbmath.org/authors/ichikawa.takashi,https://www.mathgenealogy.org/id.php?id=175734,,,,
"Ioana, Adrian",6,2011,2026,0,,62,"Department of Mathematics, University of California San Diego, 9500 Gilman Drive, La Jolla, CA 92093, USA",arXiv:2606.31929 (2026),http://www.math.ucsd.edu/~aioana/,https://mathscinet.ams.org/mathscinet/MRAuthorID/788726,https://zbmath.org/authors/ioana.adrian,https://www.mathgenealogy.org/id.php?id=108835,https://orcid.org/0000-0002-5993-8891,https://en.wikipedia.org/wiki/Adrian_Ioana,EMS Prize (2012),ICM Invited Speaker (2018)
"Iozzi, Alessandra",6,2010,2024,1,Annals of Mathematics: 1,47,"Departement Mathematik, ETHZ, Rämistrasse 101, CH-8092 Zürich, Switzerland",arXiv:2311.01892 (2023),https://www.math.ethz.ch/~iozzi/,,https://zbmath.org/authors/iozzi.alessandra,,,,,
"Johnson, Dennis L.",6,1979,1989,1,Annals of Mathematics: 1,20,,,,https://mathscinet.ams.org/mathscinet/MRAuthorID/195366,https://zbmath.org/authors/johnson.dennis-l,https://www.mathgenealogy.org/id.php?id=48724,,https://en.wikipedia.org/wiki/Dennis_Johnson_(composer),,
"Khukhro, Ana",6,2012,2023,0,,14,"Murray Edwards College Huntingdon Road University of Cambridge Cambridge CB3 0DF, United Kingdom",arXiv:2106.11391 (2021),https://sites.google.com/site/anakhukhromath/about-me https://sites.google.com/site/anakhukhromath/,,https://zbmath.org/authors/khukhro.ana,https://www.mathgenealogy.org/id.php?id=235742,,,,
"Knudsen, Ben",6,2020,2026,0,,28,"Department of Mathematics, Colorado State University, 101 Louis R. Weber Building, Fort Collins, CO 80523, USA",arXiv:2609.30579 (2026),https://scholar.harvard.edu/knudsen/,https://mathscinet.ams.org/mathscinet/MRAuthorID/1232832,https://zbmath.org/authors/knudsen.ben,https://www.mathgenealogy.org/id.php?id=229319,,,,
"Ko, Ki Hyoung",6,1992,2012,0,,39,,,,https://mathscinet.ams.org/mathscinet/MRAuthorID/103540,https://zbmath.org/authors/ko.ki-hyoung,https://www.mathgenealogy.org/id.php?id=36808,,,,
"Kobayashi, Tsuyoshi",6,1985,2018,1,Inventiones Mathematicae: 1,62,"Department of Mathematics Education, Aichi University of Education 1 Hirosawa, Igaya-cho, Kariya-shi, 448-8542, Japan",arXiv:1605.04513 (2016),http://www.nara-wu.ac.jp/math/personal/tsuyoshi/index.htm,,https://zbmath.org/authors/kobayashi.tsuyoshi,,,,,
"Kotschick, Dieter",6,2001,2013,1,Inventiones Mathematicae: 1,106,,,,https://mathscinet.ams.org/mathscinet/MRAuthorID/267229,https://zbmath.org/authors/kotschick.dieter,https://www.mathgenealogy.org/id.php?id=93797,,https://en.wikipedia.org/wiki/Dieter_Kotschick,,
"Krstic, Sava A.",6,1989,1997,1,Inventiones Mathematicae: 1,41,Oregon Grad. Inst.,,http://www.csee.ogi.edu/~krstics/ https://www.cse.ogi.edu/~krstic/,https://mathscinet.ams.org/mathscinet/MRAuthorID/107005,https://zbmath.org/authors/krstic.sava-a,https://www.mathgenealogy.org/id.php?id=53806,,,,
"Landry, Michael P.",6,2022,2026,0,,18,Department of Mathematics Saint Louis University,arXiv:2412.06986 (2024),https://mathstat.slu.edu/~landry/,,https://zbmath.org/authors/landry.michael-p,,,,,
"Lax, Robert F.",6,1975,1982,0,,36,,,https://www.math.lsu.edu/~lax/,https://mathscinet.ams.org/mathscinet/MRAuthorID/111165,https://zbmath.org/authors/lax.robert-f,https://www.mathgenealogy.org/id.php?id=13012,,,,
"Le Boudec, Adrien",6,2016,2023,1,Inventiones Mathematicae: 1,29,"CNRS, UMPA - ENS Lyon, 46 allée d’Italie, 69364 Lyon, France",arXiv:2609.35323 (2026),,https://mathscinet.ams.org/mathscinet/MRAuthorID/1114487,https://zbmath.org/authors/le-boudec.adrien,https://www.mathgenealogy.org/id.php?id=191463,,,,
"Lenzhen, Anna",6,2008,2020,0,,14,"IRMAR, Université de Rennes 1, Campus de Beaulieu, 35042 Rennes Cedex, France",arXiv:2510.00286 (2025),https://perso.univ-rennes1.fr/anna.lenzhen/,,https://zbmath.org/authors/lenzhen.anna,,,,,
"Looijenga, Eduard J. N.",6,2008,2025,0,,118,,,http://www.staff.science.uu.nl/~looij101/ http://www.staff.science.uu.nl/~looij101/index.html,https://mathscinet.ams.org/mathscinet/MRAuthorID/115665,https://zbmath.org/authors/looijenga.eduard-j-n,https://www.mathgenealogy.org/id.php?id=49687,https://orcid.org/0000-0003-3608-9927,https://en.wikipedia.org/wiki/Eduard_Looijenga,,
"Lott, John",6,1995,2014,1,Inventiones Mathematicae: 1,104,,,,https://mathscinet.ams.org/mathscinet/MRAuthorID/116090,https://zbmath.org/authors/lott.john,https://www.mathgenealogy.org/id.php?id=32560,,https://en.wikipedia.org/wiki/John_Lott_(mathematician),,
"Louder, Larsen",6,2009,2024,1,Inventiones Mathematicae: 1,19,"U. College London, U.K.",,https://www.homepages.ucl.ac.uk/~ucahllo/ https://www.ucl.ac.uk/~ucahllo/,https://mathscinet.ams.org/mathscinet/MRAuthorID/864286,https://zbmath.org/authors/louder.larsen,https://www.mathgenealogy.org/id.php?id=113595,,,,
"Marché, Julien",6,2008,2025,0,,41,"Département de mathématiques et applications, Ecole Normale Supérieure, Université PSL, CNRS, Sorbonne Université, 75005 Paris, France",arXiv:2512.13450 (2025),https://webusers.imj-prg.fr/~julien.marche/,https://mathscinet.ams.org/mathscinet/MRAuthorID/741207,https://zbmath.org/authors/marche.julien,https://www.mathgenealogy.org/id.php?id=17032,,,,
"Marden, Albert",6,1993,2007,2,Annals of Mathematics: 2,67,University of Minnesota,,,https://mathscinet.ams.org/mathscinet/MRAuthorID/119725,https://zbmath.org/authors/marden.albert,https://www.mathgenealogy.org/id.php?id=8304,,https://en.wikipedia.org/wiki/Albert_Marden,,
"Masai, Hidetoshi",6,2013,2024,0,,20,"Humanities and Sciences/Museum Careers, Musashino Art University Bldg. 12, 1-736 Ogawa-cho, Kodaira-shi, Tokyo 187-8505",arXiv:2607.25319 (2026),https://sites.google.com/view/hidetoshimasai/,https://mathscinet.ams.org/mathscinet/MRAuthorID/1044227,https://zbmath.org/authors/masai.hidetoshi,https://www.mathgenealogy.org/id.php?id=181971,,,,
"Maskit, Bernard",6,1970,1999,2,Inventiones Mathematicae: 1; Annals of Mathematics: 1,77,Stony Brook University,,,https://mathscinet.ams.org/mathscinet/MRAuthorID/120945,https://zbmath.org/authors/maskit.bernard,https://www.mathgenealogy.org/id.php?id=11545,https://orcid.org/0000-0002-1248-4650,https://en.wikipedia.org/wiki/Bernard_Maskit,,ICM Invited Speaker (1974)
"Masters, Joseph D.",6,2000,2008,0,,17,,,,,https://zbmath.org/authors/masters.joseph-d,,,,,
"Mathews, Daniel V.",6,2010,2025,0,,36,"School of Mathematics, Monash University, 9 Rainforest Walk, Clayton VIC 3800, Australia, School of Physical and Mathematical Sciences…",arXiv:2510.02911 (2025),https://www.danielmathews.info/,https://mathscinet.ams.org/mathscinet/MRAuthorID/739768,https://zbmath.org/authors/mathews.daniel-v,https://www.mathgenealogy.org/id.php?id=138256,,,,
"McReynolds, David Ben",6,2004,2020,1,Annals of Mathematics: 1,42,,,https://sites.google.com/site/dmcreyn/home,https://mathscinet.ams.org/mathscinet/MRAuthorID/746899,https://zbmath.org/authors/mcreynolds.d-b,https://www.mathgenealogy.org/id.php?id=109880,https://orcid.org/0000-0002-9087-7943,,,
"Miller, Charles Frederick III",6,1993,2009,2,Inventiones Mathematicae: 1; Annals of Mathematics: 1,50,"Melbourne U., Australia",,http://www.ms.unimelb.edu.au/~cfm/ https://www.ms.unimelb.edu.au/~cfm/,https://mathscinet.ams.org/mathscinet/MRAuthorID/124865,https://zbmath.org/authors/miller.charles-f-iii,https://www.mathgenealogy.org/id.php?id=4022,,,,
"Myasnikov, Alexei G.",6,1998,2014,0,,245,,,http://web.stevens.edu/algebraic/alexeim/home.php,https://mathscinet.ams.org/mathscinet/MRAuthorID/670299,https://zbmath.org/authors/myasnikov.alexei-g,https://www.mathgenealogy.org/id.php?id=83482,,,,
"Nag, Subhashis",6,1981,2000,1,Acta Mathematica: 1,35,,,,https://mathscinet.ams.org/mathscinet/MRAuthorID/128955,https://zbmath.org/authors/nag.subhashis,https://www.mathgenealogy.org/id.php?id=13840,,https://en.wikipedia.org/wiki/Subhashis_Nag,Shanti Swarup Bhatnagar Prize (1998),
"Nekrashevych, Volodymyr V.",6,2006,2025,2,Acta Mathematica: 1; Inventiones Mathematicae: 1,89,"Department of Mathematics Texas A& M University College Station, TX 77843-3368",arXiv:2501.11482 (2025),http://www.math.tamu.edu/~nekrash/,https://mathscinet.ams.org/mathscinet/MRAuthorID/645299,https://zbmath.org/authors/nekrashevych.volodymyr-v,https://www.mathgenealogy.org/id.php?id=71699,https://orcid.org/0000-0002-4500-7164,,,
"Norbury, Paul T.",6,2011,2023,0,,59,"School of Mathematics and Statistics, University of Melbourne, VIC 3010, Australia",arXiv:2608.25237 (2026),https://researchers.ms.unimelb.edu.au/~norbury@unimelb/ https://www.ms.unimelb.edu.au/~pnorbury/,https://mathscinet.ams.org/mathscinet/MRAuthorID/361773,https://zbmath.org/authors/norbury.paul-t,https://www.mathgenealogy.org/id.php?id=39168,https://orcid.org/0000-0002-3931-7369,,,
"Nowik, Tahl",6,2001,2009,0,,40,"Bar-Ilan University, Israel",institution web page,http://www.math.biu.ac.il/~tahl,https://mathscinet.ams.org/mathscinet/MRAuthorID/362725,https://zbmath.org/authors/nowik.tahl,https://www.mathgenealogy.org/id.php?id=97292,,,,
"Ozbagci, Burak",6,2000,2008,0,,51,"Department of Mathematics, Koç University, Istanbul, Turkey",arXiv:2605.21152 (2026),https://mysite.ku.edu.tr/bozbagci/,,https://zbmath.org/authors/ozbagci.burak,,,,,
"Paoluzzi, Luisa",6,2002,2026,0,,35,"Aix-Marseille Univ, CNRS, I2M, Marseille, France",arXiv:2309.08735 (2023),https://www.i2m.univ-amu.fr/spip.php?page=pageperso&id_user=88&lang=fr,https://mathscinet.ams.org/mathscinet/MRAuthorID/605898,https://zbmath.org/authors/paoluzzi.luisa,https://www.mathgenealogy.org/id.php?id=51247,,,,
"Parry, Walter R.",6,1992,2019,1,Inventiones Mathematicae: 1,52,,,,https://mathscinet.ams.org/mathscinet/MRAuthorID/136390,https://zbmath.org/authors/parry.walter-r,https://www.mathgenealogy.org/id.php?id=32312,,,,
"Pfaff, Catherine",6,2015,2022,0,,19,Queen’s University,arXiv:2503.16360 (2025),https://mast.queensu.ca/~cpfaff/,https://mathscinet.ams.org/mathscinet/MRAuthorID/1111829,https://zbmath.org/authors/pfaff.catherine,https://www.mathgenealogy.org/id.php?id=173340,https://orcid.org/0000-0002-7016-8787,,,
"Pichot, Mikaël",6,2006,2015,0,,43,"McGill University, 805 Sherbrooke St W., Montréal, QC H3A 0B9, Canada",arXiv:2507.00213 (2025),https://www.math.mcgill.ca/pichot/,,https://zbmath.org/authors/pichot.mikael,,,,,
"Pilgrim, Kevin M.",6,2001,2022,0,,50,,,https://pilgrim.pages.iu.edu/,https://mathscinet.ams.org/mathscinet/MRAuthorID/614176,https://zbmath.org/authors/pilgrim.kevin-m,https://www.mathgenealogy.org/id.php?id=32224,,,,
"Puder, Doron",6,2019,2024,1,Inventiones Mathematicae: 1,36,Tel Aviv University,,https://sites.google.com/site/doronpuder/,https://mathscinet.ams.org/mathscinet/MRAuthorID/903080,https://zbmath.org/authors/puder.doron,https://www.mathgenealogy.org/id.php?id=190975,,,,
"Qiu, Yu",6,2015,2025,0,,44,"Qy: Yau Mathematical Sciences Center and Department of Mathematical Sciences, Tsinghua University, 100084 Beijing, China. & Beijing…",arXiv:2608.00163 (2026),https://ubw-q.github.io/,https://mathscinet.ams.org/mathscinet/MRAuthorID/868573,https://zbmath.org/authors/qiu.yu,https://www.mathgenealogy.org/id.php?id=180357,,,,
"Randecker, Anja",6,2018,2026,0,,15,"Institute for Mathematics, Heidelberg University, Heidelberg",arXiv:2412.08727 (2024),https://www.mathi.uni-heidelberg.de/~arandecker/,,https://zbmath.org/authors/randecker.anja,https://www.mathgenealogy.org/id.php?id=201842,https://orcid.org/0000-0001-5991-4542,,,
"Rowell, Eric C.",6,2005,2023,0,,78,"Mathematics Department, Texas A&M University and School of Mathematics, University of Leeds",arXiv:2608.16865 (2026),,https://mathscinet.ams.org/mathscinet/MRAuthorID/752263,https://zbmath.org/authors/rowell.eric-c,https://www.mathgenealogy.org/id.php?id=72364,https://orcid.org/0000-0002-2338-9819,,,
"Ruane, Kim E.",6,1996,2021,0,,23,"Tufts University. 177 College Avenue. Medford, MA 02155",arXiv:2601.17929 (2026),https://math.tufts.edu/people/faculty/kim-ruane,,https://zbmath.org/authors/ruane.kim-e,,,,,
"Ruffoni, Lorenzo",6,2023,2026,1,Inventiones Mathematicae: 1,17,"Department of Mathematics and Statistics, Binghamton University, Binghamton, NY 13902, USA",arXiv:2609.16345 (2026),https://sites.google.com/view/lorenzo-ruffoni,,https://zbmath.org/authors/ruffoni.lorenzo,https://www.mathgenealogy.org/id.php?id=217273,https://orcid.org/0000-0001-9679-8472,,,
"Sambusetti, Andrea",6,2008,2025,0,,34,"Dipartimento di Matematica G.Castelnuovo, ""La Sapienza"" Università di Roma, Piazzale Aldo Moro, 00185 Roma, Italy",arXiv:2603.23768 (2026),https://sites.google.com/uniroma1.it/andreasambusetti-eng/home,,https://zbmath.org/authors/sambusetti.andrea,,https://orcid.org/0000-0002-8780-5666,,,
"Schmutz Schaller, Paul",6,1993,2001,0,,27,,,,https://mathscinet.ams.org/mathscinet/MRAuthorID/294248,https://zbmath.org/authors/schmutz-schaller.paul,https://www.mathgenealogy.org/id.php?id=174588,,,,
"Schultens, Jennifer",6,1993,2020,0,,35,U. California - Davis,,https://math.ucdavis.edu/~jcs/ https://www.math.ucdavis.edu/~jcs/,https://mathscinet.ams.org/mathscinet/MRAuthorID/338676,https://zbmath.org/authors/schultens.jennifer,https://www.mathgenealogy.org/id.php?id=17187,,https://en.wikipedia.org/wiki/Jennifer_Schultens,,
"Segerman, Henry",6,2009,2024,0,,47,"Department of Mathematics Oklahoma State University Stillwater, Oklahoma, 74078, United States",arXiv:2609.14598 (2026),https://math.okstate.edu/people/segerman/ https://www.segerman.org,https://mathscinet.ams.org/mathscinet/MRAuthorID/723574,https://zbmath.org/authors/segerman.henry,https://www.mathgenealogy.org/id.php?id=111784,https://orcid.org/0000-0002-4532-3095,https://en.wikipedia.org/wiki/Henry_Segerman,,
"Shiga, Hiroshige",6,1997,2017,0,,64,,,,https://mathscinet.ams.org/mathscinet/MRAuthorID/192109,https://zbmath.org/authors/shiga.hiroshige,https://www.mathgenealogy.org/id.php?id=158975,,,,
"Skipper, Rachel",6,2019,2026,1,Inventiones Mathematicae: 1,22,"University of Utah, 155 S 1400 E, Salt Lake City, UT",arXiv:2605.20564 (2026),https://sites.google.com/view/skippermath,,https://zbmath.org/authors/skipper.rachel,,,,,
"Skora, Richard K.",6,1985,1996,1,Journal of the American Mathematical Society: 1,14,,,,,https://zbmath.org/authors/skora.richard-k,,,,,
"Slavich, Leone",6,2015,2024,0,,14,"Dipartimento di Matematica (DIMA), Università di Genova Via Dodecaneso 35, 16146 Genova, Italy",arXiv:2607.05662 (2026),,https://mathscinet.ams.org/mathscinet/MRAuthorID/1106458,https://zbmath.org/authors/slavich.leone,https://www.mathgenealogy.org/id.php?id=186627,,,,
"Spreer, Jonathan",6,2016,2026,0,,66,"School of Mathematics and Statistics F07, The University of Sydney, NSW 2006 Australia",arXiv:2609.14200 (2026),,https://mathscinet.ams.org/mathscinet/MRAuthorID/936706,https://zbmath.org/authors/spreer.jonathan,https://www.mathgenealogy.org/id.php?id=155424,,,,
"Storm, Peter A.",6,2006,2013,0,,17,,,,,https://zbmath.org/authors/storm.peter-a,,,,,
"Swarup, Gadde A.",6,1978,2009,0,,55,"Melbourne U., Australia",,https://u3nma05.u-3mrs.fr/~asgadde/,https://mathscinet.ams.org/mathscinet/MRAuthorID/169245,https://zbmath.org/authors/swarup.gadde-a,https://www.mathgenealogy.org/id.php?id=23971,,,,
"Teragaito, Masakazu",6,2002,2023,0,,97,"Department of Mathematics Education, Hiroshima University, 1-1-1 Kagamiyama, Higashi-hiroshima, 739-8524, Japan",arXiv:2609.28917 (2026),,,https://zbmath.org/authors/teragaito.masakazu,,,,,
"Tolstykh, Vladimir A.",6,2000,2019,0,,26,Department of Mathematics and Computer Science Istanbul Arel University 34537 Tepekent - Büyükçekmece Istanbul Turkey,arXiv:2505.12924 (2025),,,https://zbmath.org/authors/tolstykh.vladimir-a,,,,,
"Tschantz, Steven Thomas",6,1997,2023,0,,59,Vanderbilt University,,http://www.math.vanderbilt.edu/~tschantz/,https://mathscinet.ams.org/mathscinet/MRAuthorID/174820,https://zbmath.org/authors/tschantz.steven-t,https://www.mathgenealogy.org/id.php?id=32211,,,,
"Tshishiku, Bena",6,2016,2025,0,,28,Brown U.,,https://bena-tshishiku.github.io/ https://bena-tshishiku.squarespace.com/,https://mathscinet.ams.org/mathscinet/MRAuthorID/941027,https://zbmath.org/authors/tshishiku.bena,https://www.mathgenealogy.org/id.php?id=204302,,,,
"Valdez, Ferrán",6,2011,2022,0,,23,Centro de Ciencias Matemáticas,arXiv:2508.02897 (2025),https://matmor.unam.mx/~ferran/,https://mathscinet.ams.org/mathscinet/MRAuthorID/839875,https://zbmath.org/authors/valdez.ferran,https://www.mathgenealogy.org/id.php?id=127044,,,,
"Veech, William Austin",6,1986,2011,3,Annals of Mathematics: 1; Inventiones Mathematicae: 2,65,Rice University,,http://report.rice.edu/sir/faculty.detail?p=A6B7D13019ABFD4C,https://mathscinet.ams.org/mathscinet/MRAuthorID/177585,https://zbmath.org/authors/veech.william-a,https://www.mathgenealogy.org/id.php?id=8126,,https://en.wikipedia.org/wiki/William_A._Veech,,
"Vigolo, Federico",6,2018,2025,1,Publications Mathématiques de l'IHÉS: 1,20,"Mathematisches Institut, Georg-August-Universität Göttingen, Bunsenstr. 3-5, 37073 Göttingen, Germany",arXiv:2603.21189 (2026),https://www.fvigolo.com/,,https://zbmath.org/authors/vigolo.federico,https://www.mathgenealogy.org/id.php?id=275394,https://orcid.org/0000-0002-9712-8064,,,
"Wajnryb, Bronislaw",6,1983,1999,1,Inventiones Mathematicae: 1,46,,,,,https://zbmath.org/authors/wajnryb.bronislaw,,,,,
"Wang, Zhenghan",6,1996,2019,0,,111,,,http://www.math.ucsb.edu/~zhenghwa/,https://mathscinet.ams.org/mathscinet/MRAuthorID/324103,https://zbmath.org/authors/wang.zhenghan,https://www.mathgenealogy.org/id.php?id=15118,,,,
"Weisman, Theodore",6,2023,2026,0,,13,"Department of Mathematics, University of Michigan, Ann Arbor, MI, 48104",arXiv:2607.14668 (2026),,,https://zbmath.org/authors/weisman.theodore,,,,,
"Wong, Yanloi",6,2006,2012,1,Journal of the American Mathematical Society: 1,16,,,,,https://zbmath.org/authors/wong.yanloi,,,,,
"de la Salle, Mikael",6,2015,2025,0,,44,,,http://perso.ens-lyon.fr/mikael.de.la.salle/,https://mathscinet.ams.org/mathscinet/MRAuthorID/841933,https://zbmath.org/authors/de-la-salle.mikael,https://www.mathgenealogy.org/id.php?id=143196,https://orcid.org/0000-0002-9727-7764,,,ICM Invited Speaker (2022)
"Algom-Kfir, Yael",5,2011,2021,0,,12,"U. Haifa, Israel",,https://www.math.haifa.ac.il/algomkfir/,https://mathscinet.ams.org/mathscinet/MRAuthorID/961476,https://zbmath.org/authors/algom-kfir.yael,https://www.mathgenealogy.org/id.php?id=167414,,,,
"Allegretti, Dylan Gregory Lucasi",5,2019,2024,0,,15,"Yau Mathematical Sciences Center, Department of Mathematical Sciences, Tsinghua University, Beijing 100084, China",arXiv:2505.13332 (2025),https://sites.google.com/view/dylanallegretti,https://mathscinet.ams.org/mathscinet/MRAuthorID/1189385,https://zbmath.org/authors/allegretti.dylan-g-l,https://www.mathgenealogy.org/id.php?id=203482,,,,
"An, Byung Hee",5,2010,2026,0,,31,"Department of Mathematics Education, Kyungpook National University, Daegu, South Korea 41566",arXiv:2609.06589 (2026),,https://mathscinet.ams.org/mathscinet/MRAuthorID/914644,https://zbmath.org/authors/an.byung-hee,https://www.mathgenealogy.org/id.php?id=145736,,,,
"Andersen, Jørgen Ellegaard",5,1997,2023,1,Annals of Mathematics: 1,93,"Centre for Quantum Mathematics, University of Southern Denmark",arXiv:2605.20097 (2026),https://www.sdu.dk/da/om_sdu/institutter_centre/qm/about+qm http://pure.au.dk/portal/da/andersen@qgm.au.dk,https://mathscinet.ams.org/mathscinet/MRAuthorID/327580,https://zbmath.org/authors/andersen.jorgen-ellegaard,https://www.mathgenealogy.org/id.php?id=43852,https://orcid.org/0000-0001-9721-0722,,,
"Andrew, Naomi",5,2024,2026,0,,14,"Mathematical Institute, Andrew Wiles Building, Observatory Quarter, University of Oxford, Oxford OX2 6GG, United Kingdom",arXiv:2505.21803 (2025),https://naomigandrew.wordpress.com/,,https://zbmath.org/authors/andrew.naomi,,https://orcid.org/0000-0001-8399-8846,,,
"Artal Bartolo, Enrique",5,2003,2022,0,,102,"Departamento de Matemáticas, IUMA Universidad de Zaragoza C. Pedro Cerbuna 12, 50009, Zaragoza, Spain",arXiv:2605.26768 (2026),https://riemann.unizar.es/geotop/WebGeoTo/Profes/eartal/,https://mathscinet.ams.org/mathscinet/MRAuthorID/308362,https://zbmath.org/authors/artal-bartolo.enrique,https://www.mathgenealogy.org/id.php?id=75257,,,,
"Austin, Tim D.",5,2009,2016,0,,62,University of Warwick,,https://www.math.ucla.edu/~tim/ https://sites.google.com/view/tim-austin,https://mathscinet.ams.org/mathscinet/MRAuthorID/797893,https://zbmath.org/authors/austin.tim-d,https://www.mathgenealogy.org/id.php?id=166670,,,"New Horizons in Mathematics Prize (2020, 2021); Ostrowski Prize (2021)",ICM Invited Speaker (2026)
"Bachman, David",5,2002,2018,0,,35,Pitzer C.,,https://pzacad.pitzer.edu/~dbachman/,,https://zbmath.org/authors/bachman.david,,,,,
"Bachmuth, Seymour",5,1982,1996,0,,37,,,,,https://zbmath.org/authors/bachmuth.seymour,,,,,
"Baldwin, John A.",5,2007,2025,0,,55,Department of Mathematics Boston College,arXiv:2602.21109 (2026),,https://mathscinet.ams.org/mathscinet/MRAuthorID/772542,https://zbmath.org/authors/baldwin.john-a,https://www.mathgenealogy.org/id.php?id=126681,,,,
"Bartels, Arthur C.",5,2008,2019,2,Annals of Mathematics: 1; Inventiones Mathematicae: 1,43,University of Münster,,https://wwwmath.uni-muenster.de/u/arthur.bartels/,https://mathscinet.ams.org/mathscinet/MRAuthorID/653568,https://zbmath.org/authors/bartels.arthur-c,https://www.mathgenealogy.org/id.php?id=38373,,https://en.wikipedia.org/wiki/Arthur_Bartels,,
"Barthelmé, Thomas",5,2017,2024,0,,30,"Queen’s University, Kingston, Ontario",arXiv:2608.13526 (2026),,,https://zbmath.org/authors/barthelme.thomas,,,,,
"Basak, Tathagata",5,2012,2025,0,,18,"Department of Mathematics Iowa State University, Ames, IA 50011",arXiv:2607.01878 (2026),https://orion.math.iastate.edu/tathagat/,https://mathscinet.ams.org/mathscinet/MRAuthorID/807820,https://zbmath.org/authors/basak.tathagata,https://www.mathgenealogy.org/id.php?id=185209,,,,
"Baumslag, Gilbert",5,1969,2000,1,Inventiones Mathematicae: 1,167,"Department of Mathematics and Computer Science City College of New York Convent Ave. and 138th Street New York, N.Y. 10031 USA",arXiv:1510.05632 (2015),,https://mathscinet.ams.org/mathscinet/MRAuthorID/32780,https://zbmath.org/authors/baumslag.gilbert,https://www.mathgenealogy.org/id.php?id=13412,,https://en.wikipedia.org/wiki/Gilbert_Baumslag,,
"Bavard, Juliette",5,2016,2025,0,,8,"Department of Mathematics Univ Rennes CNRS, IRMAR - UMR 6625, F-35000 Rennes, France",arXiv:2609.17879 (2026),,,https://zbmath.org/authors/bavard.juliette,,,,,
"Belegradek, Igor",5,1998,2013,0,,49,Georgia Tech.,,https://www.math.gatech.edu/~ib,,https://zbmath.org/authors/belegradek.igor,,,,,
"Bergeron, Nicolas",5,2011,2025,0,,70,"DMA UMR 8553 ENS / PSL et Sorbonne Université, F-75005, Paris, France",arXiv:2311.04110 (2023),https://sites.google.com/view/nicolasbergeron/,https://mathscinet.ams.org/mathscinet/MRAuthorID/648344,https://zbmath.org/authors/bergeron.nicolas,https://www.mathgenealogy.org/id.php?id=59363,,https://en.wikipedia.org/wiki/Nicolas_Bergeron,,ICM Invited Speaker (2018)
"Bogopolski, Oleg",5,2004,2022,0,,50,"Institute of Mathematics, University of Szczecin, ul. Wielkopolska 15, 70-451 Szczecin, Poland",arXiv:2501.04469 (2025),http://reh.math.uni-duesseldorf.de/~bogopolski/ https://reh.math.uni-duesseldorf.de/~bogopolski,https://mathscinet.ams.org/mathscinet/MRAuthorID/256623,https://zbmath.org/authors/bogopolski.oleg,https://www.mathgenealogy.org/id.php?id=218518,,,,
"Bonatti, Christian",5,1994,2020,0,,153,"Université de Bourgogne, Dijon, France",arXiv:2411.03586 (2024),http://bonatti.perso.math.cnrs.fr/,https://mathscinet.ams.org/mathscinet/MRAuthorID/39110,https://zbmath.org/authors/bonatti.christian,https://www.mathgenealogy.org/id.php?id=62478,https://orcid.org/0000-0002-2412-3414,,,ICM Invited Speaker (2002)
"Bowen, Lewis Phylip",5,2004,2017,0,,80,U. Texas - Austin,,https://web.ma.utexas.edu/users/lpbowen/,https://mathscinet.ams.org/mathscinet/MRAuthorID/671629,https://zbmath.org/authors/bowen.lewis-phylip,https://www.mathgenealogy.org/id.php?id=60210,,https://en.wikipedia.org/wiki/Lewis_Bowen,,ICM Invited Speaker (2018)
"Breuillard, Emmanuel",5,2005,2021,1,Publications Mathématiques de l'IHÉS: 1,72,University of Oxford,,https://www.dpmms.cam.ac.uk/people/efjb2/,https://mathscinet.ams.org/mathscinet/MRAuthorID/712112,https://zbmath.org/authors/breuillard.emmanuel,https://www.mathgenealogy.org/id.php?id=19026,,https://en.wikipedia.org/wiki/Emmanuel_Breuillard,EMS Prize (2012); Fellow of the Royal Society (2024),ICM Invited Speaker (2014)
"Brittenham, Mark",5,1995,2001,0,,38,U. Nebraska - Lincoln,,https://www.math.unl.edu/~mbritten/,,https://zbmath.org/authors/brittenham.mark,,,,,
"Brothier, Arnaud",5,2023,2026,0,,35,"University of Trieste, Department of Mathematics, via Valerio 12/1, 34127, Trieste, Italy and School of Mathematics and Statistics…",arXiv:2609.10349 (2026),https://sites.google.com/site/arnaudbrothier/,https://mathscinet.ams.org/mathscinet/MRAuthorID/973153,https://zbmath.org/authors/brothier.arnaud,https://www.mathgenealogy.org/id.php?id=159090,,,,
"Brück, Benjamin",5,2020,2025,0,,21,"Universität Münster Institut für Mathematische Logik und Grundlagenforschung 48149 Münster, Germany",arXiv:2512.19128 (2025),https://www.uni-muenster.de/Logik/en/Brueck/index.shtml,,https://zbmath.org/authors/bruck.benjamin,,,,,
"Burger, Marc",5,2010,2024,1,Annals of Mathematics: 1,69,"Departement Mathematik, ETHZ, Rämistrasse 101, CH-8092 Zürich, Switzerland",arXiv:2311.01892 (2023),https://www.math.ethz.ch/~burger/,,https://zbmath.org/authors/burger.marc,,,,,ICM Invited Speaker (1994)
"Buser, Peter",5,1990,2024,0,,62,"École Polytechnique Fédérale de Lausanne, Switzerland",arXiv:2507.00104 (2025),,https://mathscinet.ams.org/mathscinet/MRAuthorID/43780,https://zbmath.org/authors/buser.peter,https://www.mathgenealogy.org/id.php?id=85148,,https://en.wikipedia.org/wiki/J%C3%BCrg_Peter_Buser,,
"Chaika, Jonathan",5,2012,2026,1,Annals of Mathematics: 1,65,"Department of Mathematics, University of Utah, Salt Lake City, UT USA",arXiv:2410.11117 (2024),https://www.math.utah.edu/~chaika/,https://mathscinet.ams.org/mathscinet/MRAuthorID/808329,https://zbmath.org/authors/chaika.jonathan,https://www.mathgenealogy.org/id.php?id=152698,,,,ICM Invited Speaker (2022)
"Choi, Young-Eun",5,2006,2012,0,,7,,,,,https://zbmath.org/authors/choi.young-eun,,,,,
"Chu, Michelle",5,2020,2026,0,,14,"University of Minnesota School of Mathematics 206 Church St. SE Minneapolis, MN 55455",arXiv:2608.17036 (2026),https://www-users.cse.umn.edu/~mchu/,,https://zbmath.org/authors/chu.michelle,,,,,
"Cochran, Thomas (Tim) Daniel",5,1985,2018,0,,60,Rice University,,,https://mathscinet.ams.org/mathscinet/MRAuthorID/50110,https://zbmath.org/authors/cochran.tim-d,https://www.mathgenealogy.org/id.php?id=18770,,https://en.wikipedia.org/wiki/Tim_Cochran,,
"Conner, Gregory R.",5,2014,2019,0,,53,"Brigham Young University, Department of Mathematics, Provo, UT 84602, USA",arXiv:2607.01411 (2026),https://science.byu.edu/directory/greg-conner https://www.math.byu.edu/~conner/,https://mathscinet.ams.org/mathscinet/MRAuthorID/367870,https://zbmath.org/authors/conner.gregory-r,https://www.mathgenealogy.org/id.php?id=77784,https://orcid.org/0000-0001-6342-8731,,,
"Coskunuzer, Baris",5,2008,2026,0,,36,,,,,https://zbmath.org/authors/coskunuzer.baris,,https://orcid.org/0000-0001-7462-8819,,,
"Costantino, Francesco",5,2007,2022,0,,40,Institut de Mathématiques de Toulouse 118 route de Narbonne Toulouse F-31062,arXiv:2603.23440 (2026),https://www.math.univ-toulouse.fr/~fcostant/,https://mathscinet.ams.org/mathscinet/MRAuthorID/693424,https://zbmath.org/authors/costantino.francesco,https://www.mathgenealogy.org/id.php?id=182573,,,,
"Dimca, Alexandru",5,2009,2014,1,Annals of Mathematics: 1,214,,,https://math.unice.fr/~dimca/,https://mathscinet.ams.org/mathscinet/MRAuthorID/58125,https://zbmath.org/authors/dimca.alexandru,https://www.mathgenealogy.org/id.php?id=64403,https://orcid.org/0000-0001-9679-9870,https://en.wikipedia.org/wiki/Alexandru_Dimca,,
"Disarlo, Valentina",5,2019,2022,0,,9,"Mathematisches Institut, Universität Heidelberg, INF 205, Heidelberg, Germany",arXiv:1911.10431 (2019),https://sites.google.com/view/vdisarlo/,https://mathscinet.ams.org/mathscinet/MRAuthorID/983316,https://zbmath.org/authors/disarlo.valentina,https://www.mathgenealogy.org/id.php?id=177221,,,,
"Douba, Sami",5,2024,2026,0,,24,"Mathematisches Institut der Universität Bonn, Endenicher Allee 60, 53115 Bonn, Germany",arXiv:2609.37752 (2026),https://www.ihes.fr/~/douba/,,https://zbmath.org/authors/douba.sami,https://www.mathgenealogy.org/id.php?id=285774,,,,
"Dymara, Jan",5,2004,2024,0,,16,,,,,https://zbmath.org/authors/dymara.jan,,,,,
"Elder, Murray J.",5,2004,2021,0,,71,"School of Mathematical and Physical Sciences, University of Technology Sydney, Ultimo NSW 2007, Australia",arXiv:2509.22239 (2025),https://sites.google.com/site/melderau,https://mathscinet.ams.org/mathscinet/MRAuthorID/708248,https://zbmath.org/authors/elder.murray-j,https://www.mathgenealogy.org/id.php?id=50726,https://orcid.org/0000-0002-2438-3945,,,
"Elek, Gábor",5,1997,2021,0,,74,"Department of Mathematics And Statistics, Fylde College, Lancaster University, Lancaster, LA1 4YF, United Kingdom",arXiv:2008.10595 (2020),,,https://zbmath.org/authors/elek.gabor,,,,,
"Faes, Quentin",5,2022,2026,0,,10,"Institut de Recherche en Mathématique et Physique, Université catholique de Louvain, Chemin du Cyclotron 2, 1348 Louvain-la-Neuve, Belgium",arXiv:2512.15395 (2025),https://qfaes.pages.math.cnrs.fr/perso_qf/,,https://zbmath.org/authors/faes.quentin,https://www.mathgenealogy.org/id.php?id=280657,,,,
"Fanoni, Federica",5,2015,2025,0,,17,"CNRS, Univ Paris Est Creteil, Univ Gustave Eiffel, LAMA UMR8050, F-94010 Creteil, France",arXiv:2602.19670 (2026),https://fanoni.perso.math.cnrs.fr/,,https://zbmath.org/authors/fanoni.federica,,,,,
"Field, Elizabeth",5,2020,2026,0,,8,,,https://sites.google.com/view/elizabeth-field/,,https://zbmath.org/authors/field.elizabeth,,,,,
"Filip, Simion",5,2016,2021,1,Annals of Mathematics: 1,31,"Department of Mathematics, University of Chicago, 5734 S University Ave, Chicago, IL 60637",arXiv:2609.26716 (2026),http://math.uchicago.edu/~sfilip/,https://mathscinet.ams.org/mathscinet/MRAuthorID/1144604,https://zbmath.org/authors/filip.simion,https://www.mathgenealogy.org/id.php?id=208022,https://orcid.org/0000-0001-9700-6641,https://en.wikipedia.org/wiki/Simion_Filip,EMS Prize (2020),ICM Invited Speaker (2026)
"Forni, Giovanni",5,2002,2026,2,Annals of Mathematics: 2,71,"Department of Mathematics University of Maryland College Park, MD 20742-4015, U.S.A",arXiv:2606.10102 (2026),https://www-math.umd.edu/people/faculty/item/299-gforni.html,https://mathscinet.ams.org/mathscinet/MRAuthorID/308447,https://zbmath.org/authors/forni.giovanni,https://www.mathgenealogy.org/id.php?id=134756,,https://en.wikipedia.org/wiki/Giovanni_Forni,,ICM Invited Speaker (2002)
"Gehring, Frederick William",5,1978,2009,2,Acta Mathematica: 1; Annals of Mathematics: 1,137,University of Michigan,,,https://mathscinet.ams.org/mathscinet/MRAuthorID/72215,https://zbmath.org/authors/gehring.frederick-w,https://www.mathgenealogy.org/id.php?id=7663,,https://en.wikipedia.org/wiki/Frederick_Gehring,,"ICM Plenary Speaker (1986); ICM Invited Speaker (1966, 1974)"
"Ghosh, Pritam",5,2020,2026,0,,8,"Department of Mathematics Ashoka University Haryana 131029, India",arXiv:2508.15738 (2025),,,https://zbmath.org/authors/ghosh.pritam,,,,,
"Glasner, Yair",5,2007,2025,0,,33,"Ben Gurion University of the Negev. Department of Mathematics. Be’er Sheva, 8410501, Israel",arXiv:2609.37237 (2026),,https://mathscinet.ams.org/mathscinet/MRAuthorID/673281,https://zbmath.org/authors/glasner.yair,https://www.mathgenealogy.org/id.php?id=91620,,,,
"González-Diez, Gabino",5,1997,2025,0,,47,"Departamento de Matemáticas, Universidad Autónoma de Madrid, Spain",arXiv:2001.00436 (2020),,,https://zbmath.org/authors/gonzalez-diez.gabino,,,,,
"Guerch, Yassine",5,2023,2026,0,,14,"Université de Caen Normandie, CNRS, Laboratoire de Mathématiques Nicolas Oresme, 14032 Caen Cedex 5, France",arXiv:2311.14036 (2023),,,https://zbmath.org/authors/guerch.yassine,,,,,
"Hagopian, Charles L.",5,1973,1996,0,,83,,,,https://mathscinet.ams.org/mathscinet/MRAuthorID/79540,https://zbmath.org/authors/hagopian.charles-l,https://www.mathgenealogy.org/id.php?id=600,,,,
"Hakobyan, Hrant",5,2016,2025,0,,15,"Department of Mathematics, Kansas State University Manhattan, KS, 66506-2602, USA",arXiv:2508.17806 (2025),,https://mathscinet.ams.org/mathscinet/MRAuthorID/812939,https://zbmath.org/authors/hakobyan.hrant,https://www.mathgenealogy.org/id.php?id=129085,,,,
"Hamilton, Emily F.",5,1999,2022,0,,14,"Department of Mathematics, California Polytechnic State University, San Luis Obispo, CA 93407",arXiv:2606.25289 (2026),https://www.mathcs.emory.edu/faculty-member.php?name=Emily-Hamilton,,https://zbmath.org/authors/hamilton.emily-f,,,,,
"Han, Suzhen",5,2021,2026,0,,9,,,,,https://zbmath.org/authors/han.suzhen,,,,,
"Hanbury, Elizabeth",5,2009,2014,0,,7,,,,,https://zbmath.org/authors/hanbury.elizabeth,,,,,
"Haulmark, Matthew",5,2018,2023,0,,11,University of Texas Rio Grande Valley,arXiv:2603.20424 (2026),,,https://zbmath.org/authors/haulmark.matthew,,,,,
"Hilden, Hugh Michael",5,1973,2017,2,Annals of Mathematics: 2,66,"H.Hilden Department of Mathematics, University of Hawaii, Honolulu, HI 96822, USA",arXiv:1003.3554 (2010),https://math.hawaii.edu/wordpress/people/hilden/,,https://zbmath.org/authors/hilden.hugh-michael,,,,,
"Hsu, Tim",5,2002,2015,1,Inventiones Mathematicae: 1,24,San Jose State U.,,http://www.timhsu.net/ https://www.math.sjsu.edu/~hsu/,https://mathscinet.ams.org/mathscinet/MRAuthorID/364018,https://zbmath.org/authors/hsu.tim,https://www.mathgenealogy.org/id.php?id=18872,,,,
"Huang, Zheng",5,2007,2026,0,,45,,,https://www.math.csi.cuny.edu/~huang/index.html,https://mathscinet.ams.org/mathscinet/MRAuthorID/759027,https://zbmath.org/authors/huang.zheng.1,https://www.mathgenealogy.org/id.php?id=74063,,,,
"Hubbard, John Hamal",5,1979,2014,3,Acta Mathematica: 2; Journal of the American Mathematical Society: 1,82,"Department of Mathematics, Cornell University Ithaca, NY 14853, USA",arXiv:1906.05324 (2019),http://www.math.cornell.edu/~hubbard/,https://mathscinet.ams.org/mathscinet/MRAuthorID/89240,https://zbmath.org/authors/hubbard.john-hamal,https://www.mathgenealogy.org/id.php?id=36904,,https://en.wikipedia.org/wiki/John_H._Hubbard,,
"Ivanov, Sergei Vladimirovich",5,1996,2018,0,,68,U. Illinois - Urbana-Champaign,,https://math.illinois.edu/directory/profile/ivanov https://www.math.uiuc.edu/People/ivanov.html,https://mathscinet.ams.org/mathscinet/MRAuthorID/221040,https://zbmath.org/authors/ivanov.sergei-vladimirovich.1,https://www.mathgenealogy.org/id.php?id=57384,,,,"ICM Invited Speaker (1998, 2010)"
"Jensen, Craig A.",5,2000,2007,0,,14,St. Michaels C.,,http://mathfac.math.uno.edu/~jensen/preprints/ https://knightsite.smcvt.edu/cjensen/,,https://zbmath.org/authors/jensen.craig-a,,,,,
"Jiang, Boju",5,1984,2011,1,Inventiones Mathematicae: 1,57,Department of Mathematics Peking University Beijing 100871 China,arXiv:1407.3081 (2014),,,https://zbmath.org/authors/jiang.boju,https://www.mathgenealogy.org/id.php?id=158011,,https://en.wikipedia.org/wiki/Jiang_Boju,,
"Johnson, Francis E. A.",5,1981,1999,0,,79,,,,,https://zbmath.org/authors/johnson.francis-e-a,,,,,
"Jones, Kerry N.",5,1994,2001,0,,9,Ball State University,,http://www.cs.bsu.edu/homepages/kerryj/,https://mathscinet.ams.org/mathscinet/MRAuthorID/328746,https://zbmath.org/authors/jones.kerry-n,https://www.mathgenealogy.org/id.php?id=23948,,,,
"Kar, Aditi",5,2013,2019,0,,17,"U. Southampton, U.K.",,https://www.personal.soton.ac.uk/ak2r08/,https://mathscinet.ams.org/mathscinet/MRAuthorID/924245,https://zbmath.org/authors/kar.aditi,https://www.mathgenealogy.org/id.php?id=130011,,,,
"Kawamuro, Keiko",5,2009,2019,0,,36,"Department of Mathematics, University of Iowa, Iowa City, IA 52242",arXiv:2504.17637 (2025),https://math.uiowa.edu/people/keiko-kawamuro,https://mathscinet.ams.org/mathscinet/MRAuthorID/646098,https://zbmath.org/authors/kawamuro.keiko,https://www.mathgenealogy.org/id.php?id=97534,,,,
"Keen, Linda",5,1973,1994,1,Inventiones Mathematicae: 1,85,,,http://comet.lehman.cuny.edu/keenl/,https://mathscinet.ams.org/mathscinet/MRAuthorID/99725,https://zbmath.org/authors/keen.linda,https://www.mathgenealogy.org/id.php?id=33494,,https://en.wikipedia.org/wiki/Linda_Keen,,
"Kida, Yoshikata",5,2008,2016,1,Annals of Mathematics: 1,29,"Graduate School of Mathematical Sciences, the University of Tokyo, Komaba, Tokyo 153-8914, Japan",arXiv:2304.04340 (2023),https://www.ms.u-tokyo.ac.jp/~kida/,,https://zbmath.org/authors/kida.yoshikata,,,,,
"Kim, Dongryul M.",5,2022,2026,1,Inventiones Mathematicae: 1,36,Institute for Advanced Study (Current) Simons Laufer Mathematical Sciences Institute,arXiv:2609.10325 (2026),https://gauss.math.yale.edu/~dk929/,,https://zbmath.org/authors/kim.dongryul-m,,https://orcid.org/0000-0001-9898-3989,,,
"Kin, Eiko",5,2006,2023,0,,32,"Center for Education in Liberal Arts and Sciences, The University of Osaka, Toyonaka, Osaka 560-0043, Japan",arXiv:2505.01867 (2025),http://www.math.sci.osaka-u.ac.jp/~kin/,,https://zbmath.org/authors/kin.eiko,,,,,
"Kofman, Ilya",5,2009,2022,0,,26,"Department of Mathematics, College of Staten Island & The Graduate Center, City University of New York, New York, NY",arXiv:2505.05688 (2025),https://www.math.csi.cuny.edu/~ikofman/,,https://zbmath.org/authors/kofman.ilya,,,,,
"Kojima, Sadayoshi",5,1992,2012,0,,57,"Tokyo Institute of Technology, Professor Emiritus",arXiv:2603.18410 (2026),,https://mathscinet.ams.org/mathscinet/MRAuthorID/190632,https://zbmath.org/authors/kojima.sadayoshi,https://www.mathgenealogy.org/id.php?id=37526,,,,
"Kokotov, Aleksey",5,2004,2013,0,,30,"Concordia University, Canada",institution web page,https://www.concordia.ca/faculty/alexey-kokotov.html,,https://zbmath.org/authors/kokotov.aleksey,,,,,
"Kropholler, Peter H.",5,1988,2021,0,,71,"U. Southampton, U.K.",,https://www.southampton.ac.uk/maths/about/staff/phk1e12.page,https://mathscinet.ams.org/mathscinet/MRAuthorID/203863,https://zbmath.org/authors/kropholler.peter-h,https://www.mathgenealogy.org/id.php?id=70056,,,,
"Krushkal, Samuel L.",5,1989,2006,0,,190,Novosibirsk State University,,,https://mathscinet.ams.org/mathscinet/MRAuthorID/191620,https://zbmath.org/authors/krushkal.samuel-l,https://www.mathgenealogy.org/id.php?id=80083,,,,
"Kunnawalkam Elayavalli, Srivatsav",5,2024,2025,1,Inventiones Mathematicae: 1,48,"Department of Mathematics, UC Berkeley, Evans Hall, CA 94705, USA",arXiv:2607.29571 (2026),https://sites.google.com/view/srivatsavke/mathematics/research,,https://zbmath.org/authors/kunnawalkam-elayavalli.srivatsav,https://www.mathgenealogy.org/id.php?id=287088,,,,
"Lanier, Justin",5,2020,2025,0,,13,"Department of Mathematics, Louisiana State University Baton Rouge, LA, 70802, USA",arXiv:2602.22389 (2026),https://justinlanier.org/,https://mathscinet.ams.org/mathscinet/MRAuthorID/1280905,https://zbmath.org/authors/lanier.justin,https://www.mathgenealogy.org/id.php?id=262212,,,,
"Larsen, Michael Jeffrey",5,2005,2018,0,,157,,,https://math.indiana.edu/about/faculty/larsen-michael.html,https://mathscinet.ams.org/mathscinet/MRAuthorID/293592,https://zbmath.org/authors/larsen.michael-j,https://www.mathgenealogy.org/id.php?id=15019,,https://en.wikipedia.org/wiki/Michael_J._Larsen,,ICM Invited Speaker (2022)
"Le, Ian",5,2016,2025,1,Journal of the American Mathematical Society: 1,20,"(IL) Mathematical Sciences Institute Australian National University, Canberra ACT 2601, Australia",arXiv:2609.12074 (2026),,,https://zbmath.org/authors/le.ian,,,,,
"Le, Thang Tu Quoc",5,2018,2025,0,,92,"Department of Mathematics, The George Washington University, Washington DC, USA and Department of Mathematics, University of Gdańsk, Poland",arXiv:2604.09971 (2026),http://people.math.gatech.edu/~letu/,https://mathscinet.ams.org/mathscinet/MRAuthorID/256173,https://zbmath.org/authors/le-tu-quoc-thang.,https://www.mathgenealogy.org/id.php?id=89440,,,,
"Lee, Junghoon",5,2010,2026,0,,44,,,https://sites.google.com/view/junghoon123,https://mathscinet.ams.org/mathscinet/MRAuthorID/696063,https://zbmath.org/authors/lee.junghoon,https://www.mathgenealogy.org/id.php?id=119212,,,,
"Lei, Fengchun",5,2009,2016,0,,131,"Beijing Institute of Mathematical Sciences and Applications, Beijing 101408, P.R. China, School of Mathematical Sciences, Dalian University…",arXiv:2606.15539 (2026),https://www.bimsa.cn/detail/leifengchun.html,,https://zbmath.org/authors/lei.fengchun,,,,,
"Levine, Jerome P.",5,1997,2006,1,Inventiones Mathematicae: 1,71,Department of Mathematics Brandeis University Waltham MA 02454-9110 USA Correspondence to: Orr Department of Mathematics Indiana University…,arXiv:math/0504278 (2005),https://www.brandeis.edu/mathematics/people/levine-jerome/index.html,https://mathscinet.ams.org/mathscinet/MRAuthorID/113305,https://zbmath.org/authors/levine.jerome-p,https://www.mathgenealogy.org/id.php?id=8583,,https://en.wikipedia.org/wiki/Jerome_Levine,,
"Li, Kevin",5,2021,2026,0,,15,"Freie Universitat Berlin, Germany",institution web page,https://kevinlimath.wordpress.com/,,https://zbmath.org/authors/li.kevin.1,https://www.mathgenealogy.org/id.php?id=317426,,,,
"Licata, Anthony M.",5,2014,2025,0,,47,"CNRS-ANU International Research Laboratory FAMSI and Mathematical Sciences Institute, The Australian National University, Australia",arXiv:2509.21915 (2025),https://sites.google.com/view/anthonylicatamath/,https://mathscinet.ams.org/mathscinet/MRAuthorID/893164,https://zbmath.org/authors/licata.anthony-m,https://www.mathgenealogy.org/id.php?id=108171,https://orcid.org/0000-0003-0290-2393,,,
"Liechti, Livio",5,2017,2025,0,,24,Department of Mathematics University of Fribourg Chemin du Musée 23 1700 Fribourg Switzerland,arXiv:2405.17194 (2024),https://webusers.imj-prg.fr/~livio.liechti/,,https://zbmath.org/authors/liechti.livio,,,,,
"Lin, Xiao-Song",5,1996,2008,0,,56,"Department of Mathematics, Wells Hall, Michigan State University, E. Lansing, MI, 48823",arXiv:0709.1689 (2007),http://www.math.ucr.edu/~xl/,https://mathscinet.ams.org/mathscinet/MRAuthorID/242088,https://zbmath.org/authors/lin.xiao-song,https://www.mathgenealogy.org/id.php?id=15130,,,,
"Lodha, Yash",5,2019,2026,0,,32,"Department of Mathematics Purdue University West Lafayette, Indiana, USA",arXiv:2608.25988 (2026),,,https://zbmath.org/authors/lodha.yash,,,,,
"Logan, Alan D.",5,2016,2026,0,,17,"School of Engineering and Physical Sciences, Heriot–Watt University, Edinburgh EH14 4AS, Scotland",arXiv:2211.12158 (2022),,,https://zbmath.org/authors/logan.alan-d,,,,,
"Lyman, Robert Alonzo",5,2021,2026,0,,20,"Department of Mathematics and Computer Science, Rutgers University Newark, NJ 07102",arXiv:2608.27218 (2026),https://www.robbielyman.com/,,https://zbmath.org/authors/lyman.robert-alonzo,https://www.mathgenealogy.org/id.php?id=264002,https://orcid.org/0000-0002-8083-4747,,,
"Lécureux, Jean",5,2018,2024,1,Journal of the American Mathematical Society: 1,18,"Univ. Bordeaux, IMB, CNRS, UMR 5251, F-33400 Talence, France",arXiv:2605.06163 (2026),,,https://zbmath.org/authors/lecureux.jean,,,,,
"Löh, Clara",5,2009,2022,0,,64,"Fakultät für Mathematik, Universität Regensburg, 93040 Regensburg, Germany",arXiv:2508.01347 (2025),,https://mathscinet.ams.org/mathscinet/MRAuthorID/780073,https://zbmath.org/authors/loh.clara,https://www.mathgenealogy.org/id.php?id=118955,https://orcid.org/0000-0003-0228-2585,,,
"M. S., Suraj Krishna",5,2020,2025,0,,6,"Department of Mathematics, Ashoka University Rai Sonepat Haryana, 131029, India",arXiv:2606.27085 (2026),https://sites.google.com/view/suraj-krishna,,https://zbmath.org/authors/m-s.suraj-krishna,https://www.mathgenealogy.org/id.php?id=238904,https://orcid.org/0000-0001-7686-6087,,,
"Massuyeau, Gwénaël",5,2013,2026,0,,37,"Université Bourgogne Europe, CNRS, IMB (UMR 5584), 21000 Dijon, France",arXiv:2407.07981 (2024),,,https://zbmath.org/authors/massuyeau.gwenael,,,,,
"Matte Bon, Nicolás",5,2014,2025,1,Inventiones Mathematicae: 1,28,"CNRS & Institut Camille Jordan, Université Claude Bernard Lyon 1, 43 boulevard du 11 novembre 1918, 69622 Villeurbanne, France",arXiv:2605.13406 (2026),,,https://zbmath.org/authors/matte-bon.nicolas,,,,,
"Mazzoli, Filippo",5,2021,2026,0,,12,"Department of Mathematics, University of California Riverside",arXiv:2508.04813 (2025),,,https://zbmath.org/authors/mazzoli.filippo,,,,,
"Mese, Chikako",5,2002,2022,1,Inventiones Mathematicae: 1,42,"Department of Mathematics, Johns Hopkins University, 3400 N. Charles Street, Baltimore, MD 21218, U.S.A",arXiv:2609.13081 (2026),,,https://zbmath.org/authors/mese.chikako,,,,,ICM Invited Speaker (2026)
"Milley, Peter",5,2001,2011,1,Journal of the American Mathematical Society: 1,7,"Department of Mathematics and Statistics University of Melbourne Melbourne, Australia",arXiv:0910.5043 (2009),,,https://zbmath.org/authors/milley.peter,,,,,
"Millichap, Christian",5,2016,2025,0,,14,"Department of Mathematics Furman University Greenville, SC 29613",arXiv:2512.10050 (2025),,,https://zbmath.org/authors/millichap.christian,,,,,
"Mimura, Masato",5,2010,2025,0,,31,"Mathematical Institute, Tohoku University, 6-3, Aramaki Aza-Aoba, Aoba-ku, Sendai 980-8578, Japan",arXiv:2605.19843 (2026),,https://mathscinet.ams.org/mathscinet/MRAuthorID/908108,https://zbmath.org/authors/mimura.masato,https://www.mathgenealogy.org/id.php?id=151605,,,,
"Mineyev, Igor",5,2000,2012,2,Inventiones Mathematicae: 1; Annals of Mathematics: 1,16,U. Illinois - Urbana-Champaign,,https://www.math.uiuc.edu/~mineyev/math/,,https://zbmath.org/authors/mineyev.igor,,,,,
"Modami, Babak",5,2015,2021,0,,9,"School of Mathematics Tata Institute of Fundamental Research Mumbai, IN",arXiv:2408.01632 (2024),,https://mathscinet.ams.org/mathscinet/MRAuthorID/1126832,https://zbmath.org/authors/modami.babak,https://www.mathgenealogy.org/id.php?id=178428,,,,
"Montesinos-Amilibia, José María",5,1978,2006,1,Annals of Mathematics: 1,129,Complutense University of Madrid,,http://www.mat.ucm.es/imi/People/Montesinos_Amilibia_JoseMaria.htm,https://mathscinet.ams.org/mathscinet/MRAuthorID/126525,https://zbmath.org/authors/montesinos-amilibia.jose-maria,https://www.mathgenealogy.org/id.php?id=137900,,,,
"Motegi, Kimihiko",5,2000,2023,0,,75,"Department of Mathematics, Nihon University, 3-25-40 Sakurajosui, Setagaya-ku, Tokyo 156–8550, Japan",arXiv:2604.01697 (2026),,,https://zbmath.org/authors/motegi.kimihiko,,,,,
"Mukamel, Ronen Eliahu",5,2014,2020,2,Annals of Mathematics: 1; Journal of the American Mathematical Society: 1,9,,,http://math.rice.edu/~rm51/,https://mathscinet.ams.org/mathscinet/MRAuthorID/751178,https://zbmath.org/authors/mukamel.ronen-e,https://www.mathgenealogy.org/id.php?id=169043,,,,
"Murakami, Hitoshi",5,2000,2013,1,Acta Mathematica: 1,79,,,https://researchmap.jp/7000005504?lang=en,,https://zbmath.org/authors/murakami.hitoshi,,,,,
"Neofytidis, Christoforos",5,2013,2024,0,,27,"Department of Mathematics and Statistics, University of Cyprus",arXiv:2607.26926 (2026),http://www.unige.ch/math/folks/neofytid/,https://mathscinet.ams.org/mathscinet/MRAuthorID/1020114,https://zbmath.org/authors/neofytidis.christoforos,https://www.mathgenealogy.org/id.php?id=185961,,,,
"Nica, Bogdan",5,2004,2018,0,,34,,,https://bnica.pages.iu.edu,https://mathscinet.ams.org/mathscinet/MRAuthorID/735121,https://zbmath.org/authors/nica.bogdan,https://www.mathgenealogy.org/id.php?id=134594,,,,
"Nowak, Piotr W.",5,2008,2021,0,,46,"Instytut Matematyczny Polskiej Akademii Nauk, Śniadeckich 8, 00-656 Warszawa, Poland",arXiv:2609.29872 (2026),https://pnowak.impan.pl/,https://mathscinet.ams.org/mathscinet/MRAuthorID/762209,https://zbmath.org/authors/nowak.piotr-w,https://www.mathgenealogy.org/id.php?id=120323,https://orcid.org/0000-0002-6519-004X,,,
"Ollivier, Yann",5,2004,2011,0,,29,,,,https://mathscinet.ams.org/mathscinet/MRAuthorID/714911,https://zbmath.org/authors/ollivier.yann,https://www.mathgenealogy.org/id.php?id=83048,,,,
"Otal, Jean-Pierre",5,1983,2005,1,Annals of Mathematics: 1,39,,,http://www.math.univ-toulouse.fr/~otal/,https://mathscinet.ams.org/mathscinet/MRAuthorID/134650,https://zbmath.org/authors/otal.jean-pierre,https://www.mathgenealogy.org/id.php?id=59151,,,,
"Pan, Huiping",5,2020,2026,1,Acta Mathematica: 1,15,,,,,https://zbmath.org/authors/pan.huiping,,https://orcid.org/0000-0001-9892-8074,,,
"Panov, Dmitri Alekseevich",5,2013,2024,0,,40,"King’s College London, Strand London WC2R 2LS, UK",arXiv:2607.04859 (2026),https://www.kcl.ac.uk/people/dmitri-panov,https://mathscinet.ams.org/mathscinet/MRAuthorID/606559,https://zbmath.org/authors/panov.dmitri,https://www.mathgenealogy.org/id.php?id=148013,https://orcid.org/0000-0002-7301-6682,,,
"Parker, John R.",5,1998,2021,1,Acta Mathematica: 1,74,Durham University,,https://maths.dur.ac.uk/users/j.r.parker/,https://mathscinet.ams.org/mathscinet/MRAuthorID/319072,https://zbmath.org/authors/parker.john-r,https://www.mathgenealogy.org/id.php?id=57992,https://orcid.org/0000-0003-0513-3980,https://en.wikipedia.org/wiki/John_R._Parker,,
"Paulin, Frédéric",5,1988,1997,1,Inventiones Mathematicae: 1,88,"Paris-Sud, France",,https://www.imo.universite-paris-saclay.fr/~frederic.paulin/ https://www.math.u-psud.fr/~paulin/,https://mathscinet.ams.org/mathscinet/MRAuthorID/260394,https://zbmath.org/authors/paulin.frederic,https://www.mathgenealogy.org/id.php?id=53414,,,,
"Peres, Yuval",5,2006,2021,0,,397,,,http://yuvalperes.com/ https://yuvalperes.com/,https://mathscinet.ams.org/mathscinet/MRAuthorID/137920,https://zbmath.org/authors/peres.yuval,https://www.mathgenealogy.org/id.php?id=22523,,https://en.wikipedia.org/wiki/Yuval_Peres,Rollo Davidson Prize (1995); Loève Prize (2001),ICM Invited Speaker (2002)
"Perin, Chloé",5,2011,2020,0,,12,Hebrew University of Jerusalem,,http://math.huji.ac.il/~perin/,https://mathscinet.ams.org/mathscinet/MRAuthorID/970333,https://zbmath.org/authors/perin.chloe,https://www.mathgenealogy.org/id.php?id=184364,https://orcid.org/0000-0001-5223-3402,,,
"Pettet, Alexandra",5,2005,2016,0,,16,"U. British Columbia, Canada",,https://www.math.ubc.ca/~alexandra/,https://mathscinet.ams.org/mathscinet/MRAuthorID/700536,https://zbmath.org/authors/pettet.alexandra,https://www.mathgenealogy.org/id.php?id=101997,,,,
"Pride, Stephen James",5,1984,2010,2,Inventiones Mathematicae: 2,78,,,http://www.maths.gla.ac.uk/homepages/sjp/,https://mathscinet.ams.org/mathscinet/MRAuthorID/142075,https://zbmath.org/authors/pride.stephen-j,https://www.mathgenealogy.org/id.php?id=57309,,,,
"Prytuła, Tomasz",5,2018,2024,0,,11,"Department of applied mathematics and computer science, Technical University of Denmark, Lyngby, Denmark",arXiv:2102.02621 (2021),,,https://zbmath.org/authors/prytula.tomasz,,,,,
"Py, Pierre",5,2014,2024,1,Inventiones Mathematicae: 1,25,"Institut Fourier, Université Grenoble Alpes & CNRS, 38000 Grenoble, France",arXiv:2501.13761 (2025),https://www-fourier.univ-grenoble-alpes.fr/~py/,https://mathscinet.ams.org/mathscinet/MRAuthorID/728454,https://zbmath.org/authors/py.pierre,https://www.mathgenealogy.org/id.php?id=120069,,,,
"Rips, Eliyahu",5,1994,2002,3,Annals of Mathematics: 3,34,Hebrew University of Jerusalem,,,https://mathscinet.ams.org/mathscinet/MRAuthorID/148590,https://zbmath.org/authors/rips.eliyahu,https://www.mathgenealogy.org/id.php?id=43424,,https://en.wikipedia.org/wiki/Eliyahu_Rips,,ICM Invited Speaker (1994)
"Rodríguez-Migueles, José Andrés",5,2020,2026,0,,11,,,https://sites.google.com/a/ciencias.unam.mx/joseandres-rodriguezmigueles,,https://zbmath.org/authors/rodriguez-migueles.jose-andres,https://www.mathgenealogy.org/id.php?id=236321,,,,
"Roller, Martin A.",5,1988,1998,0,,10,,,,https://mathscinet.ams.org/mathscinet/MRAuthorID/249895,https://zbmath.org/authors/roller.martin-a,https://www.mathgenealogy.org/id.php?id=71578,,,,
"Sapir, Jenya",5,2013,2023,0,,15,SUNY - Binghamton,,http://people.math.binghamton.edu/sapir/ https://www2.math.binghamton.edu/p/people/sapir/start,https://mathscinet.ams.org/mathscinet/MRAuthorID/835451,https://zbmath.org/authors/sapir.jenya,https://www.mathgenealogy.org/id.php?id=219599,,,,
"Sardar, Pranab",5,2012,2025,0,,16,"Department of Mathematical Sciences, Indian Institute of Science Education and Research Mohali",arXiv:2603.23141 (2026),,https://mathscinet.ams.org/mathscinet/MRAuthorID/854800,https://zbmath.org/authors/sardar.pranab,https://www.mathgenealogy.org/id.php?id=107438,,,,
"Sauvaget, Adrien",5,2018,2025,1,Inventiones Mathematicae: 1,19,"A. S.CNRS, Institut de Mathématiques de Toulouse (UMR 5219), 118 route de Narbonne, 31400 Toulouse, France",arXiv:2609.26922 (2026),http://sauvaget.perso.math.cnrs.fr/,https://mathscinet.ams.org/mathscinet/MRAuthorID/1243384,https://zbmath.org/authors/sauvaget.adrien,https://www.mathgenealogy.org/id.php?id=258742,,,,
"Sedgwick, Eric",5,1997,2018,0,,42,DePaul U.,,https://facweb.cs.depaul.edu/esedgwick/,,https://zbmath.org/authors/sedgwick.eric,,,,,
"Seppälä, Mika",5,1986,1999,0,,45,,,https://www.math.fsu.edu/People/faculty.php?id=33,https://mathscinet.ams.org/mathscinet/MRAuthorID/158770,https://zbmath.org/authors/seppala.mika,https://www.mathgenealogy.org/id.php?id=57128,https://orcid.org/0000-0001-5814-7011,,,
"Shelah, Saharon",5,1999,2019,0,,1363,"Einstein Institute of Mathematics, The Hebrew University of Jerusalem, Edmond J. Safra Campus, Givat Ram, Jerusalem 9190401, Israel and…",arXiv:2609.34505 (2026),https://shelah.logic.at/ http://shelah.logic.at,https://mathscinet.ams.org/mathscinet/MRAuthorID/160185,https://zbmath.org/authors/shelah.saharon,https://www.mathgenealogy.org/id.php?id=22575,https://orcid.org/0000-0003-0462-3152,https://en.wikipedia.org/wiki/Saharon_Shelah,Wolf Prize (2001); Rolf Schock Prize (2018); Pólya Prize,"ICM Plenary Speaker (1983, 1986); ICM Invited Speaker (1974)"
"Sivek, Steven",5,2022,2025,0,,50,Department of Mathematics Imperial College London,arXiv:2609.39260 (2026),,https://mathscinet.ams.org/mathscinet/MRAuthorID/781378,https://zbmath.org/authors/sivek.steven,https://www.mathgenealogy.org/id.php?id=163475,,,,
"Spakula, Jan",5,2012,2021,0,,20,"J. ŠpakulaSchool of Mathematical Sciences, University of Southampton, Highfield, Southampton, SO17 1BJ, United Kingdom",arXiv:2508.07327 (2025),,,https://zbmath.org/authors/spakula.jan,,,,,
"Steenbock, Markus",5,2015,2026,0,,11,"Universität Wien, Austria",arXiv:2504.12707 (2025),https://sites.google.com/view/msteenbock,https://mathscinet.ams.org/mathscinet/MRAuthorID/1113336,https://zbmath.org/authors/steenbock.markus,https://www.mathgenealogy.org/id.php?id=204774,https://orcid.org/0000-0002-0473-9940,,,
"Steinberg, Benjamin",5,2020,2026,0,,194,"Carlton U., Canada",,https://profbsteinberg-math.github.io/BSteinberg-math.github.io/ https://mathstat.carleton.ca/~bsteinbg/main.html,https://mathscinet.ams.org/mathscinet/MRAuthorID/633258,https://zbmath.org/authors/steinberg.benjamin,https://www.mathgenealogy.org/id.php?id=32397,https://orcid.org/0000-0003-3636-4255,,,
"Stoimenow, Alexander",5,2002,2010,0,,113,,,http://stoimenov.net/stoimeno/homepage/,,https://zbmath.org/authors/stoimenow.alexander,,,,,
"Strenner, Balázs",5,2017,2026,0,,10,"Georgia Institute of Technology, School of Mathematics, Atlanta GA 30332, USA",arXiv:1807.08940 (2018),,,https://zbmath.org/authors/strenner.balazs,,,,,
"Sun, Bin",5,2019,2026,0,,49,Michigan State U.,,https://sites.google.com/view/binsun/,,https://zbmath.org/authors/sun.bin.2,,,,,
"Sun, Zhe",5,2017,2025,0,,80,,,,,https://zbmath.org/authors/sun.zhe,,,,,
"Susse, Tim",5,2018,2021,0,,10,"Bard College at Simon’s Rock, Great Barrington, Mass., USA",arXiv:2108.09824 (2021),,,https://zbmath.org/authors/susse.tim,,https://orcid.org/0000-0001-8169-9690,,,
"Sánchez Saldaña, Luis Jorge",5,2021,2026,0,,30,"Departamento de Matemáticas, Facultad de Ciencias, Universidad Nacional Autónoma de México",arXiv:2609.22505 (2026),https://sites.google.com/im.unam.mx/luisjorgesanchezsaldana/,https://mathscinet.ams.org/mathscinet/MRAuthorID/1080173,https://zbmath.org/authors/sanchez-saldana.luis-jorge,https://www.mathgenealogy.org/id.php?id=210382,,,,
"Taback, Jennifer",5,2004,2011,0,,36,Bowdoin C.,,https://academic.bowdoin.edu/faculty/J/jtaback/,https://mathscinet.ams.org/mathscinet/MRAuthorID/658479,https://zbmath.org/authors/taback.jennifer,https://www.mathgenealogy.org/id.php?id=23982,,https://en.wikipedia.org/wiki/Jennifer_Taback,,
"Teicher, Mina",5,1996,2008,0,,122,"Bar-Ilan U., Israel",,https://www.cs.biu.ac.il/~teicher/mina_home.html,https://mathscinet.ams.org/mathscinet/MRAuthorID/171355,https://zbmath.org/authors/teicher.mina,https://www.mathgenealogy.org/id.php?id=55151,https://orcid.org/0000-0003-1700-9709,https://en.wikipedia.org/wiki/Mina_Teicher,,
"Thomas, Joe",5,2021,2026,0,,18,"Department of Mathematical Sciences, Durham University, DH1 3LE Durham, United Kingdom",arXiv:2512.13139 (2025),https://sites.google.com/view/joe-thomas/home,,https://zbmath.org/authors/thomas.joe,https://www.mathgenealogy.org/id.php?id=279012,https://orcid.org/0000-0001-5343-3676,,,
"Tromba, Anthony Joseph",5,1984,1996,0,,78,"University of California, Santa Cruz",,,https://mathscinet.ams.org/mathscinet/MRAuthorID/174490,https://zbmath.org/authors/tromba.anthony-joseph,https://www.mathgenealogy.org/id.php?id=10304,,https://en.wikipedia.org/wiki/Anthony_Joseph_Tromba,,ICM Invited Speaker (1986)
"Tukia, Pekka",5,1985,1998,3,Acta Mathematica: 1; Inventiones Mathematicae: 2,54,,,,,https://zbmath.org/authors/tukia.pekka,,,,,ICM Invited Speaker (1994)
"Vankov, Vladimir",5,2022,2025,0,,8,"School of Mathematics, University of Bristol, Bristol, UK and Heilbronn Institute for Mathematical Research, Bristol, UK",arXiv:2511.14277 (2025),,,https://zbmath.org/authors/vankov.vladimir,,,,,
"Verberne, Yvon",5,2021,2025,0,,13,"Department of Mathematics, Middlesex College (MC) 255, Western University, London, Ontario, Canada",arXiv:2609.27171 (2026),,,https://zbmath.org/authors/verberne.yvon,,,,,
"Wang, Yilin",5,2019,2025,1,Inventiones Mathematicae: 1,25,Institut des Hautes Études Scientifiques,,https://yilwang.weebly.com,https://mathscinet.ams.org/mathscinet/MRAuthorID/1310851,https://zbmath.org/authors/wang.yilin,https://www.mathgenealogy.org/id.php?id=250115,https://orcid.org/0000-0002-8994-1717,https://en.wikipedia.org/wiki/Yilin_Wang,Salem Prize (2024),
"Weidmann, Richard",5,1999,2016,0,,43,"U. Frankfurt, Germany",,https://www.math.uni-frankfurt.de/~rweidman/,,https://zbmath.org/authors/weidmann.richard,,,,,
"Wentworth, Richard A.",5,2000,2024,0,,71,,,,,https://zbmath.org/authors/wentworth.richard-a,,,,,
"Wenzl, Hans",5,1989,2001,1,Inventiones Mathematicae: 1,47,"Department of Mathematics University of California, San Diego San Diego, California",arXiv:2605.08649 (2026),http://www.math.ucsd.edu/~wenzl/,https://mathscinet.ams.org/mathscinet/MRAuthorID/239252,https://zbmath.org/authors/wenzl.hans,https://www.mathgenealogy.org/id.php?id=23111,,,,
"Wu, Chenxi",5,2019,2025,1,Inventiones Mathematicae: 1,37,"Department of Mathematics, University of Wisconsin-Madison, Madison, WI 53703",arXiv:2607.15473 (2026),https://wuchenxi.github.io/,,https://zbmath.org/authors/wu.chenxi,https://www.mathgenealogy.org/id.php?id=240350,https://orcid.org/0000-0001-5856-6435,,,
"Wu, Shengjian",5,1997,2015,0,,51,,,,,https://zbmath.org/authors/wu.shengjian,,,,,
"Xia, Eugene Zhu",5,2000,2012,0,,26,"Department of Mathematics, National Cheng Kung University, Tainan 70101, Taiwan",arXiv:2005.07390 (2020),http://www.math.ncku.edu.tw/~xia/,https://mathscinet.ams.org/mathscinet/MRAuthorID/612457,https://zbmath.org/authors/xia.eugene-z,https://www.mathgenealogy.org/id.php?id=14773,,,,
"Yeung, Sai-Kee",5,2003,2022,0,,69,"Department of Mathematics, Purdue University, West Lafayette, IN 47907, USA",arXiv:2610.01467 (2026),http://www.math.purdue.edu/~yeung/,https://mathscinet.ams.org/mathscinet/MRAuthorID/263917,https://zbmath.org/authors/yeung.sai-kee,https://www.mathgenealogy.org/id.php?id=37564,,,,
"Yu, Guoliang",5,2002,2024,1,Inventiones Mathematicae: 1,115,"Department of Mathematics, Texas A&M University",arXiv:2606.30130 (2026),http://www.math.tamu.edu/~guoliangyu/,https://mathscinet.ams.org/mathscinet/MRAuthorID/266277,https://zbmath.org/authors/yu.guoliang,https://www.mathgenealogy.org/id.php?id=1231,,https://en.wikipedia.org/wiki/Guoliang_Yu,,ICM Invited Speaker (2006)
"Zearra, Jone Lopez de Gamiz",5,2022,2026,0,,11,"Facultad de Economía y Empresa, Bilbao-Sarriko Universidad del País Vasco EHU/UPV 48015 Bilbao, Spain",arXiv:2405.16641 (2024),,,https://zbmath.org/authors/zearra.jone-lopez-de-gamiz,,,,,
"Zhang, Jiawen",5,2018,2021,0,,39,"School of Mathematical Sciences, Fudan University, 220 Handan Road, Shanghai, 200433, China",arXiv:2609.23004 (2026),,,https://zbmath.org/authors/zhang.jiawen,,,,,
"Zhang, Ying",5,2008,2012,0,,33,,,https://web.suda.edu.cn/yzhang/,https://mathscinet.ams.org/mathscinet/MRAuthorID/647485,https://zbmath.org/authors/zhang.ying.4,https://www.mathgenealogy.org/id.php?id=91175,,,,
"Zheng, Tianyi",5,2015,2025,1,Inventiones Mathematicae: 1,44,"Department of Mathematics, University of California San Diego, 9500 Gilman Dr. La Jolla, CA 92093, USA",arXiv:2609.30583 (2026),,https://mathscinet.ams.org/mathscinet/MRAuthorID/1044616,https://zbmath.org/authors/zheng.tianyi,https://www.mathgenealogy.org/id.php?id=189747,https://orcid.org/0000-0001-7132-3358,https://en.wikipedia.org/wiki/Tianyi_Zheng,,ICM Invited Speaker (2022)
"Zieschang, Heiner",5,1973,2004,0,,116,Ruhr University Bochum,,,https://mathscinet.ams.org/mathscinet/MRAuthorID/187195,https://zbmath.org/authors/zieschang.heiner,https://www.mathgenealogy.org/id.php?id=21643,,https://en.wikipedia.org/wiki/Heiner_Zieschang,,
"Zograf, Peter",5,2011,2022,1,Inventiones Mathematicae: 1,70,"St. Petersburg Department of Steklov Mathematical Institute, St. Petersburg 191023, Russia",arXiv:2502.06548 (2025),https://chebyshev.spbu.ru/en/people/zograf-p-g/,,https://zbmath.org/authors/zograf.peter,,https://orcid.org/0000-0002-8247-3535,,,ICM Invited Speaker (2022)
"Aitchison, Iain Roderick",4,1992,2013,1,Inventiones Mathematicae: 1,26,,,http://www.ms.unimelb.edu.au/~iain/tohoku/Welcome.html,https://mathscinet.ams.org/mathscinet/MRAuthorID/23825,https://zbmath.org/authors/aitchison.iain-r,https://www.mathgenealogy.org/id.php?id=31996,,,,
"Arés Gastesi, Pablo",4,1997,2017,0,,13,"Department of Applied Mathematics and Statistics, School of Economics and Business, Universidad CEU San Pablo, Madrid, Spain",arXiv:1308.3353 (2013),http://www.math.tifr.res.in/~pablo/,https://mathscinet.ams.org/mathscinet/MRAuthorID/366018,https://zbmath.org/authors/ares-gastesi.pablo,https://www.mathgenealogy.org/id.php?id=1240,,,,
"Aschbacher, Michael George",4,1987,1992,2,Annals of Mathematics: 1; Inventiones Mathematicae: 1,160,California Institute of Technology,,,https://mathscinet.ams.org/mathscinet/MRAuthorID/27630,https://zbmath.org/authors/aschbacher.michael-george,https://www.mathgenealogy.org/id.php?id=9075,,https://en.wikipedia.org/wiki/Michael_Aschbacher,Rolf Schock Prize (2011); Wolf Prize (2012),ICM Invited Speaker (1978)
"Barbot, Thierry",4,2001,2021,0,,44,"Avignon Université, LMA, Campus Jean-Henri Fabre, 301, Rue Baruch de Spinoza, F-84 916 Avignon Cedex 9",arXiv:2501.14489 (2025),,,https://zbmath.org/authors/barbot.thierry,,https://orcid.org/0000-0002-6933-6886,,,
"Bering, Edgar Andrew IV",4,2019,2025,0,,15,"San José State University, One Washington Square, San Jose, CA, 95112",arXiv:2405.10932 (2024),https://math.temple.edu/~edgar.bering/ https://sites.google.com/view/edgar-a-bering-iv,https://mathscinet.ams.org/mathscinet/MRAuthorID/999547,https://zbmath.org/authors/bering.edgar-a-iv,https://www.mathgenealogy.org/id.php?id=230106,https://orcid.org/0000-0001-9840-9207,,,
"Besson, Gérard",4,2010,2015,1,Inventiones Mathematicae: 1,76,"Institut Fourier Université Grenoble Alpes Institut Fourier 100 rue des maths, 38610 Gières",arXiv:2411.15093 (2024),http://www-fourier.ujf-grenoble.fr/~besson/,https://mathscinet.ams.org/mathscinet/MRAuthorID/36065,https://zbmath.org/authors/besson.gerard,https://www.mathgenealogy.org/id.php?id=58992,https://orcid.org/0000-0001-6669-199X,,,
"Bigelow, Stephen J.",4,1999,2007,1,Journal of the American Mathematical Society: 1,28,U. California - Santa Barbara,,https://web.math.ucsb.edu/~bigelow/ https://www.math.ucsb.edu/~bigelow/,https://mathscinet.ams.org/mathscinet/MRAuthorID/631172,https://zbmath.org/authors/bigelow.stephen-j,https://www.mathgenealogy.org/id.php?id=44868,,https://en.wikipedia.org/wiki/Stephen_Bigelow,,ICM Invited Speaker (2002)
"Blufstein, Martín Axel",4,2022,2026,0,,12,"Departamento de Matemática-IMAS, FCEyN, Universidad de Buenos Aires, Buenos Aires, Argentina",arXiv:2609.21067 (2026),,,https://zbmath.org/authors/blufstein.martin-axel,,,,,
"Bondarenko, Ievgen V.",4,2011,2022,0,,32,,,,,https://zbmath.org/authors/bondarenko.ievgen-v,,,,,
"Bou-Rabee, Khalid",4,2015,2020,0,,29,"Department of Mathematics, The City College of New York",arXiv:1810.11909 (2018),,https://mathscinet.ams.org/mathscinet/MRAuthorID/888620,https://zbmath.org/authors/bou-rabee.khalid,https://www.mathgenealogy.org/id.php?id=150318,,,,
"Boyd, Rachael",4,2020,2026,0,,19,"Glasgow U., Scotland",,https://www.maths.gla.ac.uk/~rboyd/,,https://zbmath.org/authors/boyd.rachael,,,,,
"Breslin, William",4,2009,2011,0,,5,"Department of Mathematics, University of Michigan, Ann Arbor, MI 48109",arXiv:1002.1065 (2010),,https://mathscinet.ams.org/mathscinet/MRAuthorID/867680,https://zbmath.org/authors/breslin.william,https://www.mathgenealogy.org/id.php?id=131245,,,,
"Broaddus, Nathan",4,2011,2024,0,,9,The Ohio State U.,,https://www.math.ohio-state.edu/~broaddus,,https://zbmath.org/authors/broaddus.nathan,,,,,
"Cantat, Serge",4,2008,2021,1,Annals of Mathematics: 1,75,Délégation Bretagne et Pays de la Loire,,https://perso.univ-rennes1.fr/serge.cantat/,https://mathscinet.ams.org/mathscinet/MRAuthorID/614455,https://zbmath.org/authors/cantat.serge,https://www.mathgenealogy.org/id.php?id=104585,https://orcid.org/0000-0002-7472-9115,https://en.wikipedia.org/wiki/Serge_Cantat,,ICM Invited Speaker (2018)
"Champanerkar, Abhijit",4,2016,2022,0,,26,"Department of Mathematics, College of Staten Island & The Graduate Center, City University of New York, New York, NY",arXiv:2505.05688 (2025),http://www.math.csi.cuny.edu/~abhijit/index.html https://www.math.csi.cuny.edu/abhijit/,https://mathscinet.ams.org/mathscinet/MRAuthorID/661367,https://zbmath.org/authors/champanerkar.abhijit,https://www.mathgenealogy.org/id.php?id=33048,,,,
"Cherednik, Ivan V.",4,2016,2018,0,,114,"Department of Mathematics, UNC Chapel Hill, North Carolina 27599, USA",arXiv:2607.25666 (2026),https://math.unc.edu/staff/cherednik-ivan/,https://mathscinet.ams.org/mathscinet/MRAuthorID/190962,https://zbmath.org/authors/cherednik.ivan-v,https://www.mathgenealogy.org/id.php?id=25105,,https://en.wikipedia.org/wiki/Ivan_Cherednik,,ICM Invited Speaker (1998)
"Chesebro, Eric",4,2005,2026,0,,15,"Department of Mathematics, University of Montana Missoula, MT, 59812, USA",arXiv:2602.22389 (2026),,https://mathscinet.ams.org/mathscinet/MRAuthorID/758655,https://zbmath.org/authors/chesebro.eric,https://www.mathgenealogy.org/id.php?id=109878,,,,
"Clay, Adam D. W.",4,2017,2026,0,,44,"Department of Mathematics, 313 St. Paul’s College, University of Manitoba, Winnipeg, MB, R3T 2M6",arXiv:2607.15603 (2026),,,https://zbmath.org/authors/clay.adam-d-w,,,,,
"Cohen, Frederick Ronald",4,1993,2006,1,Journal of the American Mathematical Society: 1,156,University of Rochester,,https://people.math.rochester.edu/faculty/cohf/,https://mathscinet.ams.org/mathscinet/MRAuthorID/50280,https://zbmath.org/authors/cohen.frederick-ronald,https://www.mathgenealogy.org/id.php?id=6654,,https://en.wikipedia.org/wiki/Frederick_R._Cohen,,ICM Invited Speaker (1983)
"Collier, Brian",4,2017,2024,2,Inventiones Mathematicae: 1; Annals of Mathematics: 1,18,"Department of Mathematics, University of California, Riverside, Riverside, CA 92521, USA",arXiv:2512.07152 (2025),,,https://zbmath.org/authors/collier.brian,,,,,
"Conder, Marston Donald Edward",4,1991,2022,0,,197,"U. Auckland, New Zealand",,https://www.math.auckland.ac.nz/~conder/ http://www.math.auckland.ac.nz/~conder,https://mathscinet.ams.org/mathscinet/MRAuthorID/50940,https://zbmath.org/authors/conder.marston-d-e,https://www.mathgenealogy.org/id.php?id=26492,https://orcid.org/0000-0002-0256-6978,https://en.wikipedia.org/wiki/Marston_Conder,,
"Corson, Samuel M.",4,2019,2026,0,,39,"E. T. S. I. I. Universidad Politécnica de Madrid, José Gutiérrez Abascal 2, 28006 Madrid, Spain",arXiv:2607.01411 (2026),,,https://zbmath.org/authors/corson.samuel-m,,,,,
"Cremaschi, Tommaso",4,2018,2022,0,,17,"School of Mathematics, Trinity College Dublin, Ireland",arXiv:2608.21585 (2026),,,https://zbmath.org/authors/cremaschi.tommaso,,,,,
"Cumplido, María",4,2018,2023,0,,22,,,https://personal.us.es/cumplido/,,https://zbmath.org/authors/cumplido.maria,https://www.mathgenealogy.org/id.php?id=239435,https://orcid.org/0000-0003-3946-792X,https://en.wikipedia.org/wiki/Mar%C3%ADa_Cumplido,,
"Dadarlat, Marius",4,2003,2021,0,,93,"MD: Department of Mathematics, Purdue University, West Lafayette, IN 47907, USA",arXiv:2502.04590 (2025),,,https://zbmath.org/authors/dadarlat.marius,,,,,
"Darné, Jacques",4,2021,2026,0,,10,"Institut de Recherche en Mathématique et en Physique, Chemin du Cyclotron 2, 1348 Ottignies-Louvain-la-Neuve, Belgique",arXiv:2201.03542 (2022),https://sites.google.com/view/jacques-darne/,,https://zbmath.org/authors/darne.jacques,https://www.mathgenealogy.org/id.php?id=298206,,,,
"Digne, François",4,2002,2017,0,,46,"LAMFA, CNRS UMR 7352, Université de Picardie-Jules Verne, F-80039 Amiens, France",arXiv:2512.19164 (2025),https://www.mathinfo.u-picardie.fr/digne/,,https://zbmath.org/authors/digne.francois,,,,,
"Dison, Will",4,2008,2013,0,,9,,,,https://mathscinet.ams.org/mathscinet/MRAuthorID/841349,https://zbmath.org/authors/dison.will,https://www.mathgenealogy.org/id.php?id=125440,,,,
"Do, Norman",4,2011,2025,0,,37,,,,,https://zbmath.org/authors/do.norman,,,,,
"Domat, George",4,2023,2026,0,,14,"Department of Mathematics, University of Michigan. 530 Church Street, Ann Arbor, MI 48109-1043, USA",arXiv:2609.08849 (2026),,,https://zbmath.org/authors/domat.george,,,,,
"Dozier, Benjamin",4,2021,2025,0,,13,,,https://www.math.stonybrook.edu/~bdozier/,,https://zbmath.org/authors/dozier.benjamin,https://www.mathgenealogy.org/id.php?id=245083,,,,
"Dussaule, Matthieu",4,2020,2022,0,,14,Cogitamus Laboratory France,arXiv:2307.10662 (2023),,,https://zbmath.org/authors/dussaule.matthieu,,,,,
"Dymarz, Tullia",4,2010,2016,0,,16,"Department of Mathematics, University of Wisconsin-Madison, 480 Lincoln Drive, Madison, WI 53706",arXiv:2403.03928 (2024),https://www.math.wisc.edu/~dymarz/,,https://zbmath.org/authors/dymarz.tullia,,,,,
"Elsner, Tomasz",4,2009,2019,0,,6,University of Wrocław,,http://www.math.uni.wroc.pl/~elsner/,https://mathscinet.ams.org/mathscinet/MRAuthorID/858149,https://zbmath.org/authors/elsner.tomasz,https://www.mathgenealogy.org/id.php?id=138641,,,,
"Endo, Hisaaki",4,2000,2007,1,Inventiones Mathematicae: 1,25,,,https://sites.google.com/view/hisaaki-endo/english,https://mathscinet.ams.org/mathscinet/MRAuthorID/363385,https://zbmath.org/authors/endo.hisaaki,https://www.mathgenealogy.org/id.php?id=115660,,,,
"Evans, Richard Allen",4,2003,2008,1,Publications Mathématiques de l'IHÉS: 1,7,,,,https://mathscinet.ams.org/mathscinet/MRAuthorID/728350,https://zbmath.org/authors/evans.richard-allen,https://www.mathgenealogy.org/id.php?id=47722,,,,
"Ewing, John Harwood",4,1982,1986,2,Annals of Mathematics: 1; Inventiones Mathematicae: 1,62,,,https://www.mathforamerica.org/about/team/john-ewing,https://mathscinet.ams.org/mathscinet/MRAuthorID/64610,https://zbmath.org/authors/ewing.john-h,https://www.mathgenealogy.org/id.php?id=4401,,,,
"Faraco, Gianluca",4,2022,2025,0,,19,"School of Mathematics, Monash University, Clayton, VIC 3800, Australia",arXiv:2609.18436 (2026),https://sites.google.com/view/gianluca-faraco/home,,https://zbmath.org/authors/faraco.gianluca,https://www.mathgenealogy.org/id.php?id=241634,,,,
"Fernós, Talia",4,2016,2024,0,,14,"Department of Mathematical Sciences, Lafayette College, Pardee Hall, USA",arXiv:2512.21936 (2025),https://www.uncg.edu/~t_fernos/,https://mathscinet.ams.org/mathscinet/MRAuthorID/803207,https://zbmath.org/authors/fernos.talia,https://www.mathgenealogy.org/id.php?id=99952,,,,
"Fischer, Arthur Elliot",4,1984,1987,0,,54,,,,https://mathscinet.ams.org/mathscinet/MRAuthorID/67145,https://zbmath.org/authors/fischer.arthur-elliot,https://www.mathgenealogy.org/id.php?id=264732,,,,
"Fock, Vladimir V.",4,2006,2021,1,Publications Mathématiques de l'IHÉS: 1,33,,,https://irma.math.unistra.fr/~fock/,https://mathscinet.ams.org/mathscinet/MRAuthorID/277295,https://zbmath.org/authors/fock.vladimir-v,https://www.mathgenealogy.org/id.php?id=118189,,,,ICM Invited Speaker (2014)
"Fournelle, Thomas A.",4,1979,1983,0,,25,,,,https://mathscinet.ams.org/mathscinet/MRAuthorID/68405,https://zbmath.org/authors/fournelle.thomas-a,https://www.mathgenealogy.org/id.php?id=798,,,,
"Frankel, Steven H.",4,2015,2024,1,Annals of Mathematics: 1,44,,,,,https://zbmath.org/authors/frankel.steven-h,,https://orcid.org/0000-0002-8619-332X,,,
"Freedman, Michael Hartley",4,1978,2010,1,Journal of the American Mathematical Society: 1,154,,,http://stationq.cnsi.ucsb.edu/~freedman/,https://mathscinet.ams.org/mathscinet/MRAuthorID/69060,https://zbmath.org/authors/freedman.michael-hartley,https://www.mathgenealogy.org/id.php?id=1365,,https://en.wikipedia.org/wiki/Michael_Freedman,MacArthur Fellowship (1984); Fields Medal (1986); Veblen Prize (1986),"ICM Invited Speaker (1983, 1998)"
"Fujikawa, Ege",4,2004,2013,0,,27,,,,,https://zbmath.org/authors/fujikawa.ege,,,,,
"Fullarton, Neil J.",4,2015,2020,0,,7,,,,,https://zbmath.org/authors/fullarton.neil-j,,,,,
"Gaboriau, Damien",4,1995,2026,0,,41,"ENS-Lyon, France",,http://perso.ens-lyon.fr/gaboriau/home.html https://www.umpa.ens-lyon.fr/~gaboriau/,https://mathscinet.ams.org/mathscinet/MRAuthorID/352476,https://zbmath.org/authors/gaboriau.damien,https://www.mathgenealogy.org/id.php?id=59820,https://orcid.org/0000-0002-4567-715X,,,ICM Invited Speaker (2010)
"Gadgil, Siddhartha",4,2001,2025,0,,46,"Indian Institute of Science, Bengaluru",,http://math.iisc.ernet.in/~gadgil/,https://mathscinet.ams.org/mathscinet/MRAuthorID/673967,https://zbmath.org/authors/gadgil.siddhartha,https://www.mathgenealogy.org/id.php?id=38081,,,,
"Gardam, Giles",4,2019,2026,0,,13,"Mathematisches Institut, Universität Bonn, Endenicher Allee 60, 53115 Bonn, Germany",arXiv:2312.05240 (2023),https://www.gilesgardam.com/,https://mathscinet.ams.org/mathscinet/MRAuthorID/1248225,https://zbmath.org/authors/gardam.giles,https://www.mathgenealogy.org/id.php?id=226340,,,,
"Ghaswala, Tyrone",4,2019,2026,0,,11,"Center for Education in Mathematics and Computing, University of Waterloo, Waterloo, ON, Canada N2L3G1",arXiv:2608.27218 (2026),,,https://zbmath.org/authors/ghaswala.tyrone,,,,,
"Ghazouani, Selim",4,2016,2025,0,,15,"Department of Mathematics, University College London, United Kingdom",arXiv:2110.06061 (2021),http://www.math.ens.fr/~sghazoua/,https://mathscinet.ams.org/mathscinet/MRAuthorID/1155940,https://zbmath.org/authors/ghazouani.selim,https://www.mathgenealogy.org/id.php?id=229216,,,,
"Gilman, Jane P.",4,1978,2014,0,,60,Rutgers - Newark,,https://andromeda.rutgers.edu/~nwkmath/people/,https://mathscinet.ams.org/mathscinet/MRAuthorID/190609,https://zbmath.org/authors/gilman.jane-p,https://www.mathgenealogy.org/id.php?id=20002,,https://en.wikipedia.org/wiki/Jane_Piore_Gilman,,
"Giroux, Emmanuel",4,1999,2017,1,Inventiones Mathematicae: 1,23,École Normale Supérieure de Lyon,,,https://mathscinet.ams.org/mathscinet/MRAuthorID/265364,https://zbmath.org/authors/giroux.emmanuel,https://www.mathgenealogy.org/id.php?id=130863,,https://en.wikipedia.org/wiki/Emmanuel_Giroux,,ICM Invited Speaker (2002)
"Girão, Darlan",4,2013,2022,0,,12,"Department of Mathematics, Universidade Federal do Ceará",arXiv:2104.09861 (2021),,https://mathscinet.ams.org/mathscinet/MRAuthorID/870513,https://zbmath.org/authors/girao.darlan,https://www.mathgenealogy.org/id.php?id=161529,,,,
"Gobet, Thomas",4,2017,2024,0,,30,"Université Clermont Auvergne, LMBP, UMR 6620 (CNRS), Campus des Cézeaux, 3 place Vasarely, TSA 60026, CS 60026, 63178 Aubière cedex, France",arXiv:2609.37867 (2026),,https://mathscinet.ams.org/mathscinet/MRAuthorID/1076592,https://zbmath.org/authors/gobet.thomas,https://www.mathgenealogy.org/id.php?id=187059,,,,
"Gothen, Peter B.",4,2004,2024,2,Inventiones Mathematicae: 1; Annals of Mathematics: 1,44,"Centro de Matemática da Universidade do Porto, Departamento de Matemática, Faculdade de Ciências, Universidade do Porto, Rua do Campo…",arXiv:2609.38548 (2026),http://cmup.fc.up.pt/cmup/pbgothen/,https://mathscinet.ams.org/mathscinet/MRAuthorID/355366,https://zbmath.org/authors/gothen.peter-b,https://www.mathgenealogy.org/id.php?id=49511,https://orcid.org/0000-0002-4624-3871,,,
"Gouëzel, Sébastien",4,2006,2014,3,Publications Mathématiques de l'IHÉS: 1; Annals of Mathematics: 1; Journal of the American Mathematical Society: 1,63,,,,,https://zbmath.org/authors/gouezel.sebastien,,,,,ICM Invited Speaker (2018)
"Gromov, Mikhael Leonidovich",4,1981,2008,1,Publications Mathématiques de l'IHÉS: 1,192,"IHES, France.",,http://www.ihes.fr/~gromov/ https://www.ihes.fr/~gromov/,https://mathscinet.ams.org/mathscinet/MRAuthorID/77335,https://zbmath.org/authors/gromov.mikhael,https://www.mathgenealogy.org/id.php?id=14999,,https://en.wikipedia.org/wiki/Mikhael_Gromov_(mathematician),Veblen Prize (1981); Wolf Prize (1993); Kyoto Prize (2002); Nemmers Prize (2004); Abel Prize (2009),"ICM Plenary Speaker (1986); ICM Invited Speaker (1970, 1978, 1983)"
"Grunewald, Fritz J.",4,2006,2015,1,Publications Mathématiques de l'IHÉS: 1,120,"Mathematisches Institut der Heinrich-Heine-Universität Düsseldorf, Universitätsstr. 1, 40225 Düsseldorf, Germany",arXiv:1307.2593 (2013),,https://mathscinet.ams.org/mathscinet/MRAuthorID/77735,https://zbmath.org/authors/grunewald.fritz-j,https://www.mathgenealogy.org/id.php?id=21158,,,,ICM Invited Speaker (2006)
"Guo, Ren",4,2007,2011,0,,35,"University of Tennessee, Knoxville",arXiv:1704.05373 (2017),https://math.oregonstate.edu/directory/ren-guo,https://mathscinet.ams.org/mathscinet/MRAuthorID/740557,https://zbmath.org/authors/guo.ren,https://www.mathgenealogy.org/id.php?id=124945,,,,
"Göbel, Rüdiger",4,1982,2001,0,,218,University of Duisburg-Essen,,https://www.uni-due.de/algebra-logic/goebel.shtml,https://mathscinet.ams.org/mathscinet/MRAuthorID/189778,https://zbmath.org/authors/gobel.rudiger,https://www.mathgenealogy.org/id.php?id=26334,,,,
"Gültepe, Funda",4,2017,2026,0,,9,"Department of Mathematics and Statistics University of Toledo Toledo, OHIO",arXiv:2607.22447 (2026),http://math.utoledo.edu/~fgultepe/,https://mathscinet.ams.org/mathscinet/MRAuthorID/1015517,https://zbmath.org/authors/gultepe.funda,https://www.mathgenealogy.org/id.php?id=175707,,,,
"Hadari, Asaf",4,2011,2020,0,,11,,,https://math.hawaii.edu/wordpress/people/hadari/,https://mathscinet.ams.org/mathscinet/MRAuthorID/924410,https://zbmath.org/authors/hadari.asaf,https://www.mathgenealogy.org/id.php?id=161143,,,,
"Harbater, David",4,2000,2011,0,,71,University of Pennsylvania,,,https://mathscinet.ams.org/mathscinet/MRAuthorID/205795,https://zbmath.org/authors/harbater.david,https://www.mathgenealogy.org/id.php?id=23203,,https://en.wikipedia.org/wiki/David_Harbater,,ICM Invited Speaker (1994)
"Hart, E.",4,1996,2005,0,,,,,,,https://zbmath.org/authors/,,,,,
"Hayano, Kenta",4,2011,2016,0,,23,"Department of Mathematics, Faculty of Science and Technology, Keio University, Yagami Campus, 3-14-1, Hiyoshi, Kohoku-ku, Yokohama…",arXiv:2605.17874 (2026),,https://mathscinet.ams.org/mathscinet/MRAuthorID/938237,https://zbmath.org/authors/hayano.kenta,https://www.mathgenealogy.org/id.php?id=181905,,,,
"Haïssinsky, Peter",4,2011,2026,1,Inventiones Mathematicae: 1,40,"Université d’Aix-Marseille, CNRS, Institut de Mathématiques de Marseille (I2M) - UMR 7373",arXiv:2608.12287 (2026),,,https://zbmath.org/authors/haissinsky.peter,,,,,
"Hersonsky, Sa'ar",4,2003,2016,0,,29,"Department of Mathematics University of Georgia Athens, GA 30602",arXiv:1502.00729 (2015),,,https://zbmath.org/authors/hersonsky.saar,,,,,
"Heuer, Nicolaus",4,2019,2026,0,,15,,,,,https://zbmath.org/authors/heuer.nicolaus,,,,,
"Heusener, Michael",4,2001,2023,0,,29,"Université Clermont Auvergne, CNRS, Laboratoire de Mathématiques Blaise Pascal, F-63000 Clermont-Ferrand, France",arXiv:2404.09548 (2024),,https://mathscinet.ams.org/mathscinet/MRAuthorID/345690,https://zbmath.org/authors/heusener.michael,https://www.mathgenealogy.org/id.php?id=27517,,,,
"Hironaka, Eriko",4,2006,2025,0,,32,Florida State University,,https://www.math.fsu.edu/~hironaka/,https://mathscinet.ams.org/mathscinet/MRAuthorID/322315,https://zbmath.org/authors/hironaka.eriko,https://www.mathgenealogy.org/id.php?id=4495,,,,
"Hua, Bobo",4,2015,2022,0,,125,"School of Mathematical Sciences, Fudan University, Shanghai 200433, PR China, Shanghai Center for Mathematical Sciences, Fudan University…",arXiv:2609.15481 (2026),,,https://zbmath.org/authors/hua.bobo,,,,,
"Hui, Connie On Yu",4,2024,2026,0,,9,"Sydney Mathematical Research Institute (SMRI), The University of Sydney, NSW 2006, Australia",arXiv:2609.14931 (2026),,,https://zbmath.org/authors/hui.connie-on-yu,,,,,
"Ichihara, Kazuhiro",4,2003,2015,0,,91,"Department of Mathematics, College of Humanities and Sciences, Nihon University, 3-25-40 Sakurajosui, Setagaya-ku, Tokyo 156-8550, JAPAN",arXiv:2609.32507 (2026),https://researchmap.jp/read0212632?lang=en,https://mathscinet.ams.org/mathscinet/MRAuthorID/643770,https://zbmath.org/authors/ichihara.kazuhiro,https://www.mathgenealogy.org/id.php?id=112532,https://orcid.org/0000-0001-5061-3276,,,
"Izeki, Hiroyasu",4,2012,2026,0,,20,"Department of Mathematics, Keio University, Kohoku-ku, Yokohama 223-8522, Japan",arXiv:2603.26158 (2026),,,https://zbmath.org/authors/izeki.hiroyasu,,,,,
"Jeffreys, Luke",4,2021,2026,0,,12,"School of Mathematics, University of Bristol, Fry Building, Woodland Road, Bristol BS8 1UG, UK",arXiv:2602.21984 (2026),https://seis.bristol.ac.uk/~pk20963/,,https://zbmath.org/authors/jeffreys.luke,https://www.mathgenealogy.org/id.php?id=294230,https://orcid.org/0000-0002-9186-3762,,,
"Jeon, BoGwang",4,2019,2025,0,,13,"Department of Mathematics, POSTECH 77 Cheongam-Ro, Pohang 37673, Republic of Korea",arXiv:2308.11574 (2023),,https://mathscinet.ams.org/mathscinet/MRAuthorID/992711,https://zbmath.org/authors/jeon.bogwang,https://www.mathgenealogy.org/id.php?id=187489,,,,
"Jiménez Rolland, Rita",4,2011,2025,0,,24,"Instituto de Matemáticas, Universidad Nacional Autónoma de México, Oaxaca de Juárez, Oaxaca 68000, México",arXiv:2601.09897 (2026),https://www.matem.unam.mx/~rita/mainEng.html,https://mathscinet.ams.org/mathscinet/MRAuthorID/962534,https://zbmath.org/authors/jimenez-rolland.rita,https://www.mathgenealogy.org/id.php?id=181570,,,,
"Juyumaya, Jesús",4,2013,2021,0,,36,"Instituto de Matemáticas, Universidad de Valparaíso, Gran Bretaña 1111, 2340000 Valparaíso, Chile",arXiv:2603.19917 (2026),,,https://zbmath.org/authors/juyumaya.jesus,,,,,
"Kahle, Matthew",4,2011,2022,1,Journal of the American Mathematical Society: 1,48,,,,https://mathscinet.ams.org/mathscinet/MRAuthorID/668042,https://zbmath.org/authors/kahle.matthew,https://www.mathgenealogy.org/id.php?id=113092,,,,
"Kaimanovich, Vadim A.",4,1996,2023,2,Inventiones Mathematicae: 1; Annals of Mathematics: 1,78,,,https://research.uottawa.ca/people/kaimanovich-vadim,,https://zbmath.org/authors/kaimanovich.vadim-a,,,,,
"Kang, Ensil",4,2018,2026,0,,19,"Department of Mathematics, College of Natural Sciences Chosun University, Gwangju 501-759 Korea",arXiv:math/0502437 (2005),,https://mathscinet.ams.org/mathscinet/MRAuthorID/689420,https://zbmath.org/authors/kang.ensil,https://www.mathgenealogy.org/id.php?id=38381,,,,
"Kapoudjian, Christophe",4,2003,2011,0,,11,"Institut Fourier BP 74, UMR 5582 University of Grenoble I 38402 Saint-Martin-d’Hères cedex, France e-mail: Laboratoire Emile Picard, UMR…",arXiv:1105.0559 (2011),,,https://zbmath.org/authors/kapoudjian.christophe,,,,,
"Karuo, Hiroaki",4,2025,2026,0,,13,"Department of Mathematics, Gakushuin University, Mejiro, Toshima-ku, Tokyo, Japan",arXiv:2509.18950 (2025),,,https://zbmath.org/authors/karuo.hiroaki,,,,,
"Katzarkov, Ludmil",4,1998,2021,0,,135,,,https://people.miami.edu/profile/285d74bf51ccc978f527c1386e82d0d4,https://mathscinet.ams.org/mathscinet/MRAuthorID/346264,https://zbmath.org/authors/katzarkov.ludmil,https://www.mathgenealogy.org/id.php?id=23077,https://orcid.org/0000-0003-1093-1004,,,
"Kazachkov, Ilya V.",4,2010,2025,0,,43,Ikerbasque - Basque Foundation for Science and Matematika Saila,arXiv:2508.03231 (2025),,,https://zbmath.org/authors/kazachkov.ilya-v,,,,,
"Kent, Curtis A.",4,2014,2019,0,,20,"Brigham Young University, Department of Mathematics, Provo, UT 84602, USA",arXiv:2607.01411 (2026),https://math.byu.edu/directory/kent-curtis,https://mathscinet.ams.org/mathscinet/MRAuthorID/1001390,https://zbmath.org/authors/kent.curtis-a,https://www.mathgenealogy.org/id.php?id=194174,https://orcid.org/0000-0001-8412-4243,,,
"Kim, Hyun Kyu",4,2012,2023,0,,27,,,http://newton.kias.re.kr/~hkim/index.html,https://mathscinet.ams.org/mathscinet/MRAuthorID/861443,https://zbmath.org/authors/kim.hyun-kyu,https://www.mathgenealogy.org/id.php?id=174547,https://orcid.org/0000-0002-8593-4392,,,
"Kirby, Robion Cromwell",4,2004,2016,0,,61,"University of California, Berkeley, United States",arXiv:2301.05685 (2023),https://math.berkeley.edu/~kirby/,https://mathscinet.ams.org/mathscinet/MRAuthorID/101825,https://zbmath.org/authors/kirby.robion-c,https://www.mathgenealogy.org/id.php?id=6539,,https://en.wikipedia.org/wiki/Robion_Kirby,Veblen Prize (1971),
"Koda, Yuya",4,2015,2026,0,,50,"Department of Mathematics, Hiyoshi Campus, Keio University, Yokohama 223-8521, Japan, and International Institute for Sustainability with…",arXiv:2604.15722 (2026),https://sites.google.com/view/yuyakoda/,,https://zbmath.org/authors/koda.yuya,,,,,
"Krammer, Daan",4,2000,2008,2,Inventiones Mathematicae: 1; Annals of Mathematics: 1,11,"U. Warwick, U.K.",,https://www.warwick.ac.uk/~masbal/,,https://zbmath.org/authors/krammer.daan,,,,,
"Kupers, Alexander",4,2019,2024,1,Publications Mathématiques de l'IHÉS: 1,57,"Department of Computer and Mathematical Sciences, University of Toronto Scarborough, 1265 Military Trail, Toronto, ON M1C 1A4, Canada",arXiv:2609.39991 (2026),https://www.utsc.utoronto.ca/cms/alexander-kupers,https://mathscinet.ams.org/mathscinet/MRAuthorID/1053091,https://zbmath.org/authors/kupers.alexander,https://www.mathgenealogy.org/id.php?id=203715,,,,ICM Invited Speaker (2026)
"Labardini-Fragoso, Daniel",4,2009,2025,0,,29,,,https://www.math.unipd.it/~labardin/,https://mathscinet.ams.org/mathscinet/MRAuthorID/868181,https://zbmath.org/authors/labardini-fragoso.daniel,https://www.mathgenealogy.org/id.php?id=149788,https://orcid.org/0009-0003-0083-7628,,,
"Lafountain, Douglas J.",4,2010,2014,0,,10,"Western Illinois University Macomb, Illinois, 61438",arXiv:2401.16528 (2024),,,https://zbmath.org/authors/lafountain.douglas-j,,,,,
"Lakeland, Grant S.",4,2014,2021,0,,9,"Department of Mathematics & Computer Science, Eastern Illinois University, 600 Lincoln Avenue, Charleston, IL 61920",arXiv:1908.00199 (2019),,https://mathscinet.ams.org/mathscinet/MRAuthorID/984963,https://zbmath.org/authors/lakeland.grant-s,https://www.mathgenealogy.org/id.php?id=164362,,,,
"Lang, Urs",4,2000,2026,0,,38,Department of Mathematics ETH Zürich Rämistrasse 101 8092 Zürich Switzerland,arXiv:2506.04882 (2025),,,https://zbmath.org/authors/lang.urs,,,,,
"Le Fils, Thomas",4,2022,2025,0,,6,"Sydney Mathematical Research Institute, The University of Sydney, NSW Australia",arXiv:2503.21285 (2025),,,https://zbmath.org/authors/le-fils.thomas,,,,,
"Lee, Sangjin",4,1998,2010,0,,32,,,https://sites.google.com/view/sangjin,,https://zbmath.org/authors/lee.sangjin,,,,,
"Lekili, Yankı",4,2009,2013,0,,36,,,,https://mathscinet.ams.org/mathscinet/MRAuthorID/858151,https://zbmath.org/authors/lekili.yanki,https://www.mathgenealogy.org/id.php?id=137342,,,,
"Li, Zhong",4,1982,2003,0,,46,,,,,https://zbmath.org/authors/li.zhong,,,,,
"Linton, Marco",4,2024,2026,0,,17,"Instituto de Ciencias Matemáticas, CSIC-UAM-UC3M-UCM, Madrid, Spain",arXiv:2607.07496 (2026),,,https://zbmath.org/authors/linton.marco,,,,,
"Liu, Jinsong",4,2004,2017,0,,66,,,,,https://zbmath.org/authors/liu.jinsong,,,,,
"Liu, Kefeng",4,1996,2019,0,,239,,,http://www.math.ucla.edu/~liu/,https://mathscinet.ams.org/mathscinet/MRAuthorID/327618,https://zbmath.org/authors/liu.kefeng,https://www.mathgenealogy.org/id.php?id=18836,,https://en.wikipedia.org/wiki/Kefeng_Liu,,ICM Invited Speaker (2002)
"Lowe, Ben",4,2021,2026,0,,17,"Department of Mathematics University of Chicago Chicago, IL 60637",arXiv:2609.40200 (2026),,,https://zbmath.org/authors/lowe.ben,,,,,
"Malestein, Justin",4,2015,2022,0,,18,"Dept of Mathematics, University of Oklahoma, 601 Elm Ave, Norman, OK 73091",arXiv:2307.04882 (2023),https://www.math.ou.edu/~jmalestein,https://mathscinet.ams.org/mathscinet/MRAuthorID/827370,https://zbmath.org/authors/malestein.justin,https://www.mathgenealogy.org/id.php?id=140433,,,,
"Marcinkowski, Michał",4,2014,2022,0,,14,"Department of Mathematics, University of Wrocław, Poland",arXiv:2512.18302 (2025),,,https://zbmath.org/authors/marcinkowski.michal,,,,,
"Martínez-Granado, Dídac",4,2021,2026,0,,12,"Department of Mathematics University of Luxembourg Av. de la Fonte 6, Esch-sur-Alzette, L-4364, Luxembourg",arXiv:2605.14469 (2026),https://www.dmartinezgranado.com/,,https://zbmath.org/authors/martinez-granado.didac,https://www.mathgenealogy.org/id.php?id=278328,https://orcid.org/0000-0002-1692-2144,,,
"Masbaum, Gregor",4,1995,2019,0,,43,"Sorbonne Université, Université Paris Cité, CNRS, IMJ-PRG, F-75005 Paris, France",arXiv:2512.13450 (2025),,,https://zbmath.org/authors/masbaum.gregor,,,,,
"Meeks, William Hamilton III",4,1979,2025,1,Journal of the American Mathematical Society: 1,143,,,http://people.math.umass.edu/~bill/papers/,https://mathscinet.ams.org/mathscinet/MRAuthorID/122920,https://zbmath.org/authors/meeks.william-h-iii,https://www.mathgenealogy.org/id.php?id=32068,,https://en.wikipedia.org/wiki/William_Hamilton_Meeks%2C_III,,ICM Invited Speaker (1986)
"Merenkov, Sergei",4,2009,2025,0,,30,"Department of Mathematics, The City College of New York and CUNY Graduate Center, New York, NY 10031, USA",arXiv:2606.18505 (2026),,https://mathscinet.ams.org/mathscinet/MRAuthorID/663502,https://zbmath.org/authors/merenkov.sergei,https://www.mathgenealogy.org/id.php?id=88668,,,,
"Minian, Elias Gabriel",4,2021,2026,0,,47,"Departamento de Matemática-IMAS (CONICET) FCEyN, Universidad de Buenos Aires Buenos Aires, Argentina",arXiv:2609.04440 (2026),,https://mathscinet.ams.org/mathscinet/MRAuthorID/671516,https://zbmath.org/authors/minian.elias-gabriel,https://www.mathgenealogy.org/id.php?id=97252,,,,
"Mitra, Sudeb",4,2001,2024,0,,29,,,,,https://zbmath.org/authors/mitra.sudeb,,,,,
"Mochizuki, Horace Y.",4,1982,1989,0,,33,"University of California, Santa Barbara",,,https://mathscinet.ams.org/mathscinet/MRAuthorID/125865,https://zbmath.org/authors/mochizuki.horace-y,https://www.mathgenealogy.org/id.php?id=28124,,https://en.wikipedia.org/wiki/Horace_Yomishi_Mochizuki,,
"Morgan, John W.",4,1984,1993,2,Annals of Mathematics: 2,107,Columbia U.,,https://www.math.columbia.edu/~jm/,https://mathscinet.ams.org/mathscinet/MRAuthorID/126945,https://zbmath.org/authors/morgan.john-w,https://www.mathgenealogy.org/id.php?id=389,,https://en.wikipedia.org/wiki/John_Morgan_(mathematician),,ICM Invited Speaker (1986)
"Munro, Zachary",4,2023,2025,0,,12,"School of Mathematics, Fry Building, University of Bristol, United Kingdom",arXiv:2608.15747 (2026),,,https://zbmath.org/authors/munro.zachary,,,,,
"Ng, Thomas C.",4,2023,2025,0,,11,"Department of Mathematics and Statistics, Haverford College, Haverford, PA. USA",arXiv:2609.27171 (2026),https://sites.google.com/site/thomasng192/,,https://zbmath.org/authors/ng.thomas-c,,,,,
"Nikolov, Nikolay Valeriev",4,2012,2017,0,,55,,,https://www.maths.ox.ac.uk/people/nikolay.nikolov,https://mathscinet.ams.org/mathscinet/MRAuthorID/713346,https://zbmath.org/authors/nikolov.nikolay,https://www.mathgenealogy.org/id.php?id=30311,,,,
"Nozaki, Yuta",4,2022,2025,0,,35,"Department of Mathematics, Faculty of Science, Hokkaido University Sapporo 060-0810 Japan",arXiv:2609.15415 (2026),https://www.math.sci.hokudai.ac.jp/~nozaki/index_en.html,,https://zbmath.org/authors/nozaki.yuta,,https://orcid.org/0000-0003-3223-0153,,,
"Ouyang, Charles",4,2021,2024,0,,7,,,https://www.math.wustl.edu/~ouyang/,,https://zbmath.org/authors/ouyang.charles,,,,,
"Palmer, Martin",4,2024,2025,0,,25,"Institutul de Matematică Simion Stoilow al Academiei Române, 21 Calea Griviței, 010702 Bucharest, Romania",arXiv:2510.16879 (2025),https://mdp.ac/,https://mathscinet.ams.org/mathscinet/MRAuthorID/1015147,https://zbmath.org/authors/palmer.martin,https://www.mathgenealogy.org/id.php?id=184775,https://orcid.org/0000-0002-1449-5767,,,
"Paolini, Gianluca",4,2018,2024,0,,58,"Department of Mathematics “Giuseppe Peano”, University of Torino, Via Carlo Alberto 10, 10123 Torino, Italy",arXiv:2609.34505 (2026),https://sites.google.com/view/gianlucapaolini/home,https://mathscinet.ams.org/mathscinet/MRAuthorID/1110693,https://zbmath.org/authors/paolini.gianluca,https://www.mathgenealogy.org/id.php?id=208094,https://orcid.org/0000-0002-8266-362X,,,
"Paolini, Giovanni",4,2018,2024,1,Inventiones Mathematicae: 1,23,Cal - Tech,,https://www.giovannipaolini.org/,,https://zbmath.org/authors/paolini.giovanni,https://www.mathgenealogy.org/id.php?id=266518,https://orcid.org/0000-0002-3964-9101,,,
"Park, Jinsung",4,1997,2019,0,,47,School of Mathematics Korea Institute for Advanced Study 207-43 Hoegi-ro 85 Dongdaemun-gu Seoul 130-722 Korea,arXiv:2412.06498 (2024),,,https://zbmath.org/authors/park.jinsung,,,,,
"Pittet, Christophe",4,1997,2012,0,,38,I2M CNRS UMR7373 Aix-Marseille Univ. and Univ. of Geneva,arXiv:2307.04538 (2023),http://www.mccme.ru/lifr/pers/pittet.htm https://picard.ups-tlse.fr/,https://mathscinet.ams.org/mathscinet/MRAuthorID/341352,https://zbmath.org/authors/pittet.christophe,https://www.mathgenealogy.org/id.php?id=64343,,,,
"Przeworski, Andrew",4,2001,2012,0,,10,Oklahoma State U.,,https://www.math.okstate.edu/~aprzewo/,,https://zbmath.org/authors/przeworski.andrew,,,,,
"Ratcliffe, John G.",4,1980,2012,0,,64,Vanderbilt U.,,https://www.math.vanderbilt.edu/~ratclifj/,,https://zbmath.org/authors/ratcliffe.john-g,,,,,
"Raymond, Frank Albert",4,1982,1996,0,,73,University of Michigan,,,https://mathscinet.ams.org/mathscinet/MRAuthorID/145575,https://zbmath.org/authors/raymond.frank-a,https://www.mathgenealogy.org/id.php?id=5077,,,,
"Reich, Edgar",4,1970,1990,0,,80,Massachusetts Institute of Technology,,https://math.umn.edu/directory/edgar-reich,https://mathscinet.ams.org/mathscinet/MRAuthorID/146270,https://zbmath.org/authors/reich.edgar,https://www.mathgenealogy.org/id.php?id=11706,,,,
"Rieck, Yo'av",4,2004,2018,0,,39,,,https://yoav.hosted.uark.edu/,https://mathscinet.ams.org/mathscinet/MRAuthorID/660621,https://zbmath.org/authors/rieck.yoav,https://www.mathgenealogy.org/id.php?id=45900,,,,
"Riestenberg, J. Maxwell",4,2024,2026,0,,9,,,,,https://zbmath.org/authors/riestenberg.j-maxwell,,,,,
"Rupflin, Melanie",4,2013,2020,0,,31,"Mathematical Institute, University of Oxford, Oxford OX2 6GG, United Kingdom",arXiv:2508.21198 (2025),,https://mathscinet.ams.org/mathscinet/MRAuthorID/845988,https://zbmath.org/authors/rupflin.melanie,https://www.mathgenealogy.org/id.php?id=150372,,,,
"Saeki, Osamu",4,1996,2023,0,,149,,,https://imi.kyushu-u.ac.jp/~saeki/,,https://zbmath.org/authors/saeki.osamu,https://www.mathgenealogy.org/id.php?id=158136,,,,
"Sakasai, Takuya",4,2006,2012,0,,28,,,,https://mathscinet.ams.org/mathscinet/MRAuthorID/753036,https://zbmath.org/authors/sakasai.takuya,https://www.mathgenealogy.org/id.php?id=177525,,,,
"Sakuma, Makoto",4,2013,2021,0,,75,"Osaka Central Advanced Mathematical Institute Osaka Metropolitan University 3-3-138 Sugimoto, Osaka City 558-8585, Japan Department of…",arXiv:2312.06156 (2023),,,https://zbmath.org/authors/sakuma.makoto,,,,,
"Santharoubane, Ramanujan",4,2016,2025,1,Inventiones Mathematicae: 1,13,"Laboratoire de mathématique d’Orsay, UMR 8628 CNRS, Bâtiment 307, Université Paris-Saclay, 91405 ORSAY Cedex, FRANCE",arXiv:2607.09633 (2026),https://www.imo.universite-paris-saclay.fr/~ramanujan.santharoubane/,,https://zbmath.org/authors/santharoubane.ramanujan,,,,,
"Schesler, Eduard",4,2023,2026,0,,15,"Karlsruhe Institute of Technology, Englerstr. 2, 76131 Karlsruhe, Germany",arXiv:2606.15945 (2026),https://eduardschesler.de/,,https://zbmath.org/authors/schesler.eduard,https://www.mathgenealogy.org/id.php?id=261236,,,,
"Schneps, Leila",4,1997,2000,2,Inventiones Mathematicae: 2,66,"Institut de Mathématiques de Jussieu Sorbonne Université Paris , France",arXiv:2602.12462 (2026),http://webusers.imj-prg.fr/~leila.schneps/ http://www.math.jussieu.fr/~leila,https://mathscinet.ams.org/mathscinet/MRAuthorID/238976,https://zbmath.org/authors/schneps.leila,https://www.mathgenealogy.org/id.php?id=57879,,https://en.wikipedia.org/wiki/Leila_Schneps,,
"Schwartz, Richard Evan",4,1993,2005,3,Publications Mathématiques de l'IHÉS: 1; Acta Mathematica: 1; Annals of Mathematics: 1,117,Brown U.,,https://www.math.brown.edu/reschwar/ https://www.math.brown.edu/~res/,https://mathscinet.ams.org/mathscinet/MRAuthorID/605575,https://zbmath.org/authors/schwartz.richard-evan,https://www.mathgenealogy.org/id.php?id=18909,https://orcid.org/0000-0003-1383-2941,https://en.wikipedia.org/wiki/Richard_Schwartz_(mathematician),,"ICM Invited Speaker (2002, 2022)"
"Scott, Richard Allan",4,2003,2014,0,,22,Santa Clara U.,,https://schubert.scu.edu/rscott,https://mathscinet.ams.org/mathscinet/MRAuthorID/916994,https://zbmath.org/authors/scott.richard-a,https://www.mathgenealogy.org/id.php?id=53302,,,,
"Serván, Carlos A.",4,2024,2026,0,,7,"Department of Mathematics, University of Chicago",arXiv:2602.10051 (2026),,,https://zbmath.org/authors/servan.carlos-a,,,,,
"Shalom, Yehuda",4,2006,2025,1,Inventiones Mathematicae: 1,27,"School of Mathematical Sciences, Tel-Aviv University, Israel",arXiv:2202.06607 (2022),,https://mathscinet.ams.org/mathscinet/MRAuthorID/628489,https://zbmath.org/authors/shalom.yehuda,https://www.mathgenealogy.org/id.php?id=22527,,,,ICM Invited Speaker (2006)
"Shin, Hyunshik",4,2016,2023,0,,10,"Department of Mathematics and Statistics, Georgia State University, 25 Park Place, 14th Floor, Atlanta, GA 30303",arXiv:2103.13983 (2021),,https://mathscinet.ams.org/mathscinet/MRAuthorID/1143500,https://zbmath.org/authors/shin.hyunshik,https://www.mathgenealogy.org/id.php?id=186518,,,,
"Sidki, Said Najati",4,2006,2020,0,,69,"Departamento de Matemática, Universidade de Brasília, Brasilia-DF, 70910-900 Brazil",arXiv:2110.02441 (2021),,https://mathscinet.ams.org/mathscinet/MRAuthorID/161635,https://zbmath.org/authors/sidki.said-najati,https://www.mathgenealogy.org/id.php?id=15733,,,,
"Singerman, David",4,1972,1996,0,,65,"2School of Mathematical Sciences, University of Southampton, UK",arXiv:2402.08782 (2024),https://www.southampton.ac.uk/people/5wyskk/emeritus-professor-david-singerman,https://mathscinet.ams.org/mathscinet/MRAuthorID/162810,https://zbmath.org/authors/singerman.david,https://www.mathgenealogy.org/id.php?id=115403,,,,
"Smillie, John",4,1991,2010,1,Inventiones Mathematicae: 1,60,"University of Warwick, Coventry, UK",arXiv:2303.07188 (2023),,https://mathscinet.ams.org/mathscinet/MRAuthorID/202997,https://zbmath.org/authors/smillie.john,https://www.mathgenealogy.org/id.php?id=46894,,https://en.wikipedia.org/wiki/John_Smillie_(mathematician),,ICM Invited Speaker (2002)
"Soulié, Arthur",4,2019,2025,0,,13,,,,,https://zbmath.org/authors/soulie.arthur,,,,,
"Stein, Melanie I.",4,2001,2011,1,Journal of the American Mathematical Society: 1,17,Trinity College,,http://internet2.trincoll.edu/facprofiles/Default.aspx?fid=1000512 https://www.trincoll.edu/depts/math/faculty.html,https://mathscinet.ams.org/mathscinet/MRAuthorID/306995,https://zbmath.org/authors/stein.melanie-i,https://www.mathgenealogy.org/id.php?id=39550,,,,
"Strebel, Kurt",4,1970,1993,0,,66,,,,https://mathscinet.ams.org/mathscinet/MRAuthorID/168110,https://zbmath.org/authors/strebel.kurt,https://www.mathgenealogy.org/id.php?id=57470,,https://en.wikipedia.org/wiki/Kurt_Strebel,,ICM Invited Speaker (1974)
"Strebel, Ralph",4,1974,2014,1,Inventiones Mathematicae: 1,41,University of Fribourg,,,https://mathscinet.ams.org/mathscinet/MRAuthorID/168115,https://zbmath.org/authors/strebel.ralph,https://www.mathgenealogy.org/id.php?id=18458,,,,
"Tanigawa, Harumi",4,1993,1999,0,,11,,,,,https://zbmath.org/authors/tanigawa.harumi,,,,,
"Tent, Katrin",4,2003,2026,0,,92,,,,,https://zbmath.org/authors/tent.katrin,,,,,ICM Invited Speaker (2026)
"Thom, Andreas Berthold",4,2010,2024,0,,129,"A.T., Institut für Geometrie, TU Dresden, 01062 Dresden, Germany",arXiv:2609.37761 (2026),http://tu-dresden.de/die_tu_dresden/fakultaeten/fakultaet_mathematik_und_naturwissenschaften/fachrichtung_mathematik/institute/geometrie/thom/forschung/publications,https://mathscinet.ams.org/mathscinet/MRAuthorID/780176,https://zbmath.org/authors/thom.andreas-berthold,https://www.mathgenealogy.org/id.php?id=76127,https://orcid.org/0000-0002-7245-2861,https://en.wikipedia.org/wiki/Andreas_Thom_(mathematician),,ICM Invited Speaker (2018)
"Théret, Guillaume",4,2007,2013,0,,17,,,,https://mathscinet.ams.org/mathscinet/MRAuthorID/764216,https://zbmath.org/authors/theret.guillaume,https://www.mathgenealogy.org/id.php?id=95904,,,,
"Tointon, Matthew C. H.",4,2016,2023,0,,28,,,,,https://zbmath.org/authors/tointon.matthew-c-h,,,,,
"Tsang, Chi Cheuk",4,2024,2025,0,,18,"Tongji University, Shanghai 200092, China",arXiv:2607.10398 (2026),,,https://zbmath.org/authors/tsang.chi-cheuk,,,,,
"Tymchatyn, Edward D.",4,1990,2019,1,Annals of Mathematics: 1,150,,,https://artsandscience.usask.ca/profile/ETymchatyn,https://mathscinet.ams.org/mathscinet/MRAuthorID/175580,https://zbmath.org/authors/tymchatyn.edward-d,https://www.mathgenealogy.org/id.php?id=477,,,,
"Uyanik, Caglar",4,2018,2025,0,,16,U. Wisconsin,,https://math.wisc.edu/staff/uyanik-caglar/,,https://zbmath.org/authors/uyanik.caglar,,,,,
"Varghese, Olga",4,2022,2026,0,,33,"Institute of Mathematics, University of Münster, Einsteinstraße 62, 48149, Münster, Germany",arXiv:2512.16782 (2025),https://sites.google.com/view/olga-varghese https://www.geometry.ovgu.de/home/Members/Olga+Varghese.html,,https://zbmath.org/authors/varghese.olga,,,,,
"Vaskou, Nicolas",4,2023,2026,0,,12,"Section de mathématiques, Université de Genève, Rue du Conseil-Général 7–9 1205, Genève, Switzerland",arXiv:2604.27526 (2026),,,https://zbmath.org/authors/vaskou.nicolas,,,,,
"Vdovina, Alina A.",4,2017,2024,0,,64,"Department of Mathematics, City College of New York, CUNY, 160 Convent Avenue, New York, NY 10031, USA",arXiv:2608.26394 (2026),https://math.sci.ccny.cuny.edu/person/alina-vdovina/ https://www.ncl.ac.uk/math/staff/profile/alina.vdovina,https://mathscinet.ams.org/mathscinet/MRAuthorID/359884,https://zbmath.org/authors/vdovina.alina-a,https://www.mathgenealogy.org/id.php?id=153498,,,,
"Ventura Capell, Enric",4,2010,2016,0,,63,Polytechnic University of Catalonia,,http://epsem.upc.edu/~ventura/ http://www.epsem.upc.edu/~ventura/,https://mathscinet.ams.org/mathscinet/MRAuthorID/340143,https://zbmath.org/authors/ventura.enric,https://www.mathgenealogy.org/id.php?id=69783,https://orcid.org/0000-0003-3519-4135,,,
"Vergara, Ignacio",4,2023,2026,0,,17,"Departamento de Matemática y Estadística, Universidad de La Frontera, Avenida Francisco Salazar 01145, Temuco 4811230, Chile",arXiv:2609.00417 (2026),,,https://zbmath.org/authors/vergara.ignacio,,,,,
"Vidussi, Stefano",4,2015,2025,0,,43,"Department of Mathematics, University of California, Riverside, CA 92521, USA",arXiv:2501.13761 (2025),,https://mathscinet.ams.org/mathscinet/MRAuthorID/617938,https://zbmath.org/authors/vidussi.stefano,https://www.mathgenealogy.org/id.php?id=133315,,,,
"Völklein, Helmut",4,1993,2001,0,,59,"Department of Mathematics, University of Florida, Gainesville, FL, 32611",arXiv:1209.0446 (2012),,https://mathscinet.ams.org/mathscinet/MRAuthorID/179210,https://zbmath.org/authors/volklein.helmut,https://www.mathgenealogy.org/id.php?id=26224,,,,
"Weinberger, Shmuel",4,1985,2019,1,Publications Mathématiques de l'IHÉS: 1,155,U. Chicago,,https://www.math.uchicago.edu/~shmuel/ https://zaphod.uchicago.edu/~shmuel/ http://math.uchicago.edu/~shmuel/,https://mathscinet.ams.org/mathscinet/MRAuthorID/181430,https://zbmath.org/authors/weinberger.shmuel,https://www.mathgenealogy.org/id.php?id=15218,https://orcid.org/0000-0002-4315-9164,https://en.wikipedia.org/wiki/Shmuel_Weinberger,,ICM Invited Speaker (1994)
"Weiss, Richard Mark",4,1991,2026,0,,99,Tufts U.,,https://webhosting.math.tufts.edu/rweiss/ https://www.tufts.edu/as/math/weissFG.html,https://mathscinet.ams.org/mathscinet/MRAuthorID/190890,https://zbmath.org/authors/weiss.richard-m,https://www.mathgenealogy.org/id.php?id=19798,,,,
"Weitze-Schmithüsen, Gabriela",4,2011,2023,0,,20,"Universität des Saarlandes, Germany",arXiv:2311.00158 (2023),https://www.math.uni-sb.de/ag/weitze/,https://mathscinet.ams.org/mathscinet/MRAuthorID/753033,https://zbmath.org/authors/weitze-schmithusen.gabriela,https://www.mathgenealogy.org/id.php?id=106320,,,,
"Willett, Rufus",4,2012,2020,0,,51,"Department of Mathematics, University of Hawaii Manoa 2565 McCarthy Mall, Keller 401A Honolulu, HI 96822, USA",arXiv:2509.03759 (2025),,,https://zbmath.org/authors/willett.rufus,,,,,
"Williams, Susan G.",4,1996,2006,0,,72,,,https://www.southalabama.edu/colleges/artsandsci/mathstat/faculty/williams.html,https://mathscinet.ams.org/mathscinet/MRAuthorID/201838,https://zbmath.org/authors/williams.susan-g,https://www.mathgenealogy.org/id.php?id=9173,,,,
"Winarski, Rebecca R.",4,2019,2025,0,,15,"Department of Mathematics and Computer Science College of the Holy Cross 1 College Street Worcester, MA 01610",arXiv:2309.06993 (2023),,https://mathscinet.ams.org/mathscinet/MRAuthorID/1117044,https://zbmath.org/authors/winarski.rebecca-r,https://www.mathgenealogy.org/id.php?id=183546,,,,
"Woess, Wolfgang",4,1987,2002,0,,123,"Institut für Diskrete Mathematik, Technische Universität Graz, Steyrergasse 30, A-8010 Graz, Austria",arXiv:2601.02809 (2026),http://www.math.tugraz.at/~woess/,https://mathscinet.ams.org/mathscinet/MRAuthorID/183935,https://zbmath.org/authors/woess.wolfgang,https://www.mathgenealogy.org/id.php?id=48333,https://orcid.org/0000-0002-7065-7126,,,
"Woike, Lukas",4,2021,2025,0,,32,,,https://www.math.uni-hamburg.de/home/woike/,,https://zbmath.org/authors/woike.lukas,,https://orcid.org/0000-0003-0516-7814,,,
"Worden, William",4,2016,2023,0,,8,,,,,https://zbmath.org/authors/worden.william,,,,,
"Wortman, Kevin A.",4,2006,2011,0,,24,U. Utah,,https://www.math.utah.edu/~wortman/,https://mathscinet.ams.org/mathscinet/MRAuthorID/807140,https://zbmath.org/authors/wortman.kevin-a,https://www.mathgenealogy.org/id.php?id=138695,,,,
"Xia, Yining",4,1992,1995,1,Inventiones Mathematicae: 1,11,,,,https://mathscinet.ams.org/mathscinet/MRAuthorID/309263,https://zbmath.org/authors/xia.yining,https://www.mathgenealogy.org/id.php?id=10634,,,,
"Xue, Yuhao",4,2022,2025,0,,9,,,,,https://zbmath.org/authors/xue.yuhao,,,,,
"Yamashita, Yasushi",4,1993,2017,0,,27,Chuo University,,,https://mathscinet.ams.org/mathscinet/MRAuthorID/310816,https://zbmath.org/authors/yamashita.yasushi,https://www.mathgenealogy.org/id.php?id=112535,https://orcid.org/0000-0003-2287-3905,,,
"Ye, Shengkui",4,2017,2025,0,,33,"NYU Shanghai, No. 567 Yangsi West Rd, Pudong New Area, Shanghai, 200124, P.R. China NYU-ECNU Institute of Mathematical Sciences at NYU…",arXiv:2608.13978 (2026),https://shanghai.nyu.edu/academics/faculty/directory/shengkui-ye,https://mathscinet.ams.org/mathscinet/MRAuthorID/834051,https://zbmath.org/authors/ye.shengkui,https://www.mathgenealogy.org/id.php?id=191376,https://orcid.org/0000-0002-2265-2646,,,
"Yoccoz, Jean-Christophe",4,2006,2016,2,Publications Mathématiques de l'IHÉS: 1; Inventiones Mathematicae: 1,85,Collège de France,,,https://mathscinet.ams.org/mathscinet/MRAuthorID/185665,https://zbmath.org/authors/yoccoz.jean-christophe,https://www.mathgenealogy.org/id.php?id=34221,,https://en.wikipedia.org/wiki/Jean-Christophe_Yoccoz,Salem Prize (1988); Fields Medal (1994),ICM Plenary Speaker (1994); ICM Invited Speaker (1990)
"Zhang, Yongquan",4,2023,2026,0,,12,"Institute for Mathematical Sciences, Stony Brook University, 100 Nicolls Rd, Stony Brook, NY 11794-3660, USA",arXiv:2408.10344 (2024),https://sites.google.com/view/yqzhang/home,,https://zbmath.org/authors/zhang.yongquan,https://www.mathgenealogy.org/id.php?id=286033,https://orcid.org/0000-0003-3366-9395,,,
"Zou, Yanqing",4,2015,2025,0,,31,"School of Mathematical Sciences, Key Laboratory of MEA (Ministry of Education) & Shanghai Key Laboratory of PMMP, East China Normal…",arXiv:2607.11057 (2026),,https://mathscinet.ams.org/mathscinet/MRAuthorID/966516,https://zbmath.org/authors/zou.yanqing,https://www.mathgenealogy.org/id.php?id=185869,,,,
"Zupan, Alexander",4,2013,2020,0,,39,University of Nebraska–Lincoln,,http://www.math.unl.edu/~azupan2/,https://mathscinet.ams.org/mathscinet/MRAuthorID/863648,https://zbmath.org/authors/zupan.alexander,https://www.mathgenealogy.org/id.php?id=164060,,,,
"A'Campo, Norbert",3,1998,2021,2,Publications Mathématiques de l'IHÉS: 2,52,University of Basel,,,https://mathscinet.ams.org/mathscinet/MRAuthorID/280337,https://zbmath.org/authors/acampo.norbert,https://www.mathgenealogy.org/id.php?id=62475,,https://en.wikipedia.org/wiki/Norbert_A'Campo,,ICM Invited Speaker (1974)
"Abikoff, William",3,1975,1977,2,Acta Mathematica: 1; Annals of Mathematics: 1,36,University of Connecticut,,https://www2.math.uconn.edu/~abikoff/,https://mathscinet.ams.org/mathscinet/MRAuthorID/22430,https://zbmath.org/authors/abikoff.william,https://www.mathgenealogy.org/id.php?id=39522,,https://en.wikipedia.org/wiki/William_Abikoff,,
"Acosta, Miguel",3,2016,2022,0,,7,,,,,https://zbmath.org/authors/acosta.miguel,,,,,
"Aggarwal, Amol",3,2019,2021,2,Journal of the American Mathematical Society: 1; Inventiones Mathematicae: 1,48,,,http://people.math.harvard.edu/~agg_a/,https://mathscinet.ams.org/mathscinet/MRAuthorID/1090243,https://zbmath.org/authors/aggarwal.amol,https://www.mathgenealogy.org/id.php?id=286039,,https://en.wikipedia.org/wiki/Amol_Aggarwal,Rollo Davidson Prize (2022),ICM Invited Speaker (2026)
"Aicardi, Francesca",3,2018,2021,0,,52,,,,,https://zbmath.org/authors/aicardi.francesca,,,,,
"Akhmedov, Azer",3,2008,2014,0,,38,N. Dakota State,,https://math.ndsu.nodak.edu/faculty/akhmedov.shtml,,https://zbmath.org/authors/akhmedov.azer,,,,,
"Akita, Toshiyuki",3,2000,2018,0,,30,"Department of Mathematics, Faculty of Science, Hokkaido University, Sapporo, 060-0810 Japan",arXiv:2507.04577 (2025),,https://mathscinet.ams.org/mathscinet/MRAuthorID/346830,https://zbmath.org/authors/akita.toshiyuki,https://www.mathgenealogy.org/id.php?id=115659,,,,
"Alibegović, Emina",3,2005,2007,0,,4,"Department of Mathematics, University of Michigan, Ann Arbor, Michigan",arXiv:math/0410198 (2004),,,https://zbmath.org/authors/alibegovic.emina,,,,,
"Alonso, Juan",3,2012,2026,0,,16,,,https://www.cmat.edu.uy/docentes/alonso-juan,https://mathscinet.ams.org/mathscinet/MRAuthorID/1092223,https://zbmath.org/authors/alonso.juan,https://www.mathgenealogy.org/id.php?id=168376,,,,
"Alvarez, Sébastien",3,2018,2025,0,,24,"CMAT, Facultad de Ciencias, Universidad de la República, & IRL-IFUMI (CNRS) Iguá 4225 esq. Mataojo. Montevideo, Uruguay",arXiv:2609.29542 (2026),,https://mathscinet.ams.org/mathscinet/MRAuthorID/987147,https://zbmath.org/authors/alvarez.sebastien,https://www.mathgenealogy.org/id.php?id=184467,,,,
"Amir, Gideon",3,2017,2025,0,,45,"Department of Mathematics, Bar-Ilan University, Ramat-Gan 5290002, Israel",arXiv:2606.29829 (2026),,,https://zbmath.org/authors/amir.gideon,,,,,
"Antonakoudis, Stergios M.",3,2017,2018,1,Inventiones Mathematicae: 1,4,,,,https://mathscinet.ams.org/mathscinet/MRAuthorID/1198681,https://zbmath.org/authors/antonakoudis.stergios-m,https://www.mathgenealogy.org/id.php?id=183273,,,,
"Antoniuk, Sylwia",3,2014,2017,0,,18,"Department of Discrete Mathematics, Faculty of Mathematics and CS, Adam Mickiewicz University, Poznań, Poland",arXiv:2603.22081 (2026),,,https://zbmath.org/authors/antoniuk.sylwia,,,,,
"Appel, Kenneth I.",3,1972,1983,1,Inventiones Mathematicae: 1,30,,,,https://mathscinet.ams.org/mathscinet/MRAuthorID/26625,https://zbmath.org/authors/appel.kenneth-i,https://www.mathgenealogy.org/id.php?id=5059,,https://en.wikipedia.org/wiki/Kenneth_Appel,,
"Arenas, Macarena",3,2024,2024,0,,10,"DPMMS, Centre for Mathematical Sciences, Wilberforce Road, Cambridge, CB3 0WB, UK and Clare College, University of Cambridge, Cambridge…",arXiv:2410.16390 (2024),https://www.dpmms.cam.ac.uk/~mcr59/,,https://zbmath.org/authors/arenas.macarena,https://www.mathgenealogy.org/id.php?id=303946,https://orcid.org/0000-0003-4965-8121,,,
"Atkinson, Christopher K.",3,2009,2017,0,,6,"Department of Mathematics, University of Minnesota Morris, Morris, MN 56267, USA",arXiv:1703.04160 (2017),,https://mathscinet.ams.org/mathscinet/MRAuthorID/873749,https://zbmath.org/authors/atkinson.christopher-k,https://www.mathgenealogy.org/id.php?id=139167,,,,
"Auroux, Denis",3,2005,2021,0,,59,"Harvard University, Department of Mathematics, 1 Oxford St., Cambridge MA 02138, USA",arXiv:2309.13010 (2023),,https://mathscinet.ams.org/mathscinet/MRAuthorID/607665,https://zbmath.org/authors/auroux.denis,https://www.mathgenealogy.org/id.php?id=62981,,https://en.wikipedia.org/wiki/Denis_Auroux,,"ICM Invited Speaker (2010, 2026)"
"Avila, Artur",3,2006,2013,2,Publications Mathématiques de l'IHÉS: 1; Annals of Mathematics: 1,118,,,https://www.math.uzh.ch/index.php?id=people&key1=4090,https://mathscinet.ams.org/mathscinet/MRAuthorID/685296,https://zbmath.org/authors/avila.artur,https://www.mathgenealogy.org/id.php?id=53746,,https://en.wikipedia.org/wiki/Artur_Avila,Clay Research Award (2006); Salem Prize (2006); EMS Prize (2008); Fields Medal (2014),"ICM Plenary Speaker (2010, 2014)"
"Azemar, Aitor",3,2022,2024,0,,8,,,,,https://zbmath.org/authors/azemar.aitor,,,,,
"Azuelos, Pénélope",3,2024,2026,0,,5,"School of Mathematics, University of Bristol, Bristol BS8 1UG, UK",arXiv:2608.01513 (2026),https://penelopeazuelos.com/,,https://zbmath.org/authors/azuelos.penelope,,https://orcid.org/0009-0009-2310-050X,,,
"Baader, Sebastian",3,2010,2026,0,,56,University of Bern,,,https://mathscinet.ams.org/mathscinet/MRAuthorID/757518,https://zbmath.org/authors/baader.sebastian,https://www.mathgenealogy.org/id.php?id=98284,https://orcid.org/0009-0007-4699-6682,,,
"Baker, Kenneth L.",3,2012,2025,0,,59,"Department of Mathematics, University of Miami, Coral Gables, FL 33146, USA",arXiv:2510.07618 (2025),https://www.math.miami.edu/~kenken/,https://mathscinet.ams.org/mathscinet/MRAuthorID/794754,https://zbmath.org/authors/baker.kenneth-l,https://www.mathgenealogy.org/id.php?id=93113,,,,
"Bamler, Richard H.",3,2018,2018,0,,49,,,,,https://zbmath.org/authors/bamler.richard-h,,https://orcid.org/0000-0003-0872-9712,,,ICM Invited Speaker (2022)
"Bankston, Paul",3,1983,1984,0,,63,,,,,https://zbmath.org/authors/bankston.paul,,,,,
"Barré, Sylvain",3,2014,2015,0,,27,"UMR 6205, LMBA, Université de Bretagne-Sud,BP 573, 56017, Vannes, France",arXiv:2507.00213 (2025),http://web.univ-ubs.fr/lmba/barre/,https://mathscinet.ams.org/mathscinet/MRAuthorID/600651,https://zbmath.org/authors/barre.sylvain,https://www.mathgenealogy.org/id.php?id=104584,,,,
"Bell, Gregory C.",3,2001,2008,0,,26,Florida State U.,,https://www.uncg.edu/~gcbell/,,https://zbmath.org/authors/bell.gregory-c,,,,,
"Belletti, Giulio",3,2022,2025,0,,10,,,,,https://zbmath.org/authors/belletti.giulio,,,,,
"Belolipetsky, Mikhail V.",3,2005,2020,1,Inventiones Mathematicae: 1,52,"IMPA, Estrada Dona Castorina 110, 22460-320 Rio de Janeiro, Brazil",arXiv:2607.28949 (2026),https://w3.impa.br/~mbel/,https://mathscinet.ams.org/mathscinet/MRAuthorID/627760,https://zbmath.org/authors/belolipetsky.mikhail-v,https://www.mathgenealogy.org/id.php?id=68949,,,,ICM Invited Speaker (2014)
"Bessières, Laurent",3,2010,2015,1,Inventiones Mathematicae: 1,20,,,https://www.math.u-bordeaux.fr/~labessie/,,https://zbmath.org/authors/bessieres.laurent,https://www.mathgenealogy.org/id.php?id=201668,,,,
"Bishop, Christopher James",3,1997,2026,3,Acta Mathematica: 1; Annals of Mathematics: 1; Inventiones Mathematicae: 1,94,,,http://www.math.stonybrook.edu/~bishop/,https://mathscinet.ams.org/mathscinet/MRAuthorID/37290,https://zbmath.org/authors/bishop.christopher-j,https://www.mathgenealogy.org/id.php?id=31346,https://orcid.org/0000-0002-8459-5448,https://en.wikipedia.org/wiki/Christopher_J._Bishop,,ICM Invited Speaker (2018)
"Blasco-García, Rubén",3,2018,2022,0,,9,"Departamento de Matemáticas, Universidad de Zaragoza, Spain",arXiv:2204.03523 (2022),,,https://zbmath.org/authors/blasco-garcia.ruben,,,,,
"Bogachev, Nikolay V.",3,2024,2025,0,,19,"Department of Computer and Mathematical Sciences, University of Toronto Scarborough, 1095 Military Trail, Toronto, ON M1C 1A3, Canada",arXiv:2609.40357 (2026),,,https://zbmath.org/authors/bogachev.nikolay-v,,,,,
"Borinsky, Michael",3,2020,2025,0,,32,,,https://michaelborinsky.com/,,https://zbmath.org/authors/borinsky.michael,,https://orcid.org/0000-0002-0581-3276,,,
"Bowden, Jonathan Peter",3,2022,2026,1,Journal of the American Mathematical Society: 1,28,"Leibniz University Hannover, Welfengarten 1, D-30167 Hannover, Germany",arXiv:2609.03700 (2026),http://www.mathematik.uni-muenchen.de/~bowden/,https://mathscinet.ams.org/mathscinet/MRAuthorID/873123,https://zbmath.org/authors/bowden.jonathan,https://www.mathgenealogy.org/id.php?id=149629,,,,
"Bowers, Philip L.",3,1992,2024,0,,37,Florida State U.,,https://euclid.math.fsu.edu/~bowers/,,https://zbmath.org/authors/bowers.philip-l,,,,,
"Bradlow, Steven B.",3,2004,2024,2,Inventiones Mathematicae: 1; Annals of Mathematics: 1,47,University of Illinois at Urbana-Champaign,arXiv:2312.00762 (2023),,,https://zbmath.org/authors/bradlow.steven-b,,,,,
"Brady, Thomas",3,2001,2018,0,,23,"Dublin City U., Ireland.",,https://webpages.dcu.ie/~bradyt/,,https://zbmath.org/authors/brady.thomas,,,,,
"Brechner, Beverly Lorraine",3,1975,1982,0,,30,University of Florida,,https://people.clas.ufl.edu/brechner/,https://mathscinet.ams.org/mathscinet/MRAuthorID/41220,https://zbmath.org/authors/brechner.beverly-l,https://www.mathgenealogy.org/id.php?id=726,,,,
"Brehm, Ulrich",3,1981,1986,0,,49,,,,,https://zbmath.org/authors/brehm.ulrich,,,,,
"Brown, Kenneth Stephen",3,1984,2000,2,Inventiones Mathematicae: 2,44,Cornell U.,,http://www.math.cornell.edu/~kbrown/ https://www.math.cornell.edu/~kbrown/,https://mathscinet.ams.org/mathscinet/MRAuthorID/42150,https://zbmath.org/authors/brown.kenneth-s,https://www.mathgenealogy.org/id.php?id=30219,,https://en.wikipedia.org/wiki/Kenneth_Brown_(mathematician),,ICM Invited Speaker (1978)
"Bryant, Roger M.",3,1989,1997,0,,86,,,,https://mathscinet.ams.org/mathscinet/MRAuthorID/207304,https://zbmath.org/authors/bryant.roger-m,https://www.mathgenealogy.org/id.php?id=30387,,,,
"Bucher, Michelle",3,2015,2021,0,,30,Université de Genève,arXiv:2607.01879 (2026),,,https://zbmath.org/authors/bucher.michelle,,,,,
"Bufetov, Aleksandr Igorevich",3,2006,2016,1,Journal of the American Mathematical Society: 1,102,,,,https://mathscinet.ams.org/mathscinet/MRAuthorID/647080,https://zbmath.org/authors/bufetov.aleksander-igorevich,https://www.mathgenealogy.org/id.php?id=34125,https://orcid.org/0000-0003-4303-7244,,,
"Bumagin, Inna",3,2004,2016,0,,10,"Carlton U., Canada",,https://www.math.carleton.ca/~bumagin/,,https://zbmath.org/authors/bumagin.inna,,,,,
"Button, Jack Oliver",3,2010,2025,0,,49,,,,,https://zbmath.org/authors/button.jack-oliver,,,,,
"Béguin, François",3,2016,2023,0,,34,,,https://www.math.univ-paris13.fr/~beguin/Accueil.html,https://mathscinet.ams.org/mathscinet/MRAuthorID/661511,https://zbmath.org/authors/beguin.francois,https://www.mathgenealogy.org/id.php?id=62500,,,,
"Calvez, Matthieu",3,2014,2024,0,,15,"Department of Mathematics, Heriot-Watt University, Edinburgh, EH14 4AS, UK",arXiv:2106.14826 (2021),,https://mathscinet.ams.org/mathscinet/MRAuthorID/971501,https://zbmath.org/authors/calvez.matthieu,https://www.mathgenealogy.org/id.php?id=170421,,,,
"Carmona Ruber, Jorge",3,2003,2007,0,,10,,,https://produccioncientifica.ucm.es/investigadores/142089/detalle?lang=en,,https://zbmath.org/authors/carmona-ruber.jorge,,,,,
"Casella, Alex",3,2017,2024,0,,8,"Department of Mathematics, Florida State University, 1017 Academic Way, Tallahassee, FL 32304, USA",arXiv:2107.06370 (2021),https://www.math.fsu.edu/~casella/,,https://zbmath.org/authors/casella.alex,,,,,
"Cauty, Robert",3,1975,1992,0,,84,,,,,https://zbmath.org/authors/cauty.robert,,,,,
"Cerocchi, Filippo",3,2014,2021,0,,6,"Max-Planck-Institut für Mathematik, Vivatsgasse 7, 5311, Bonn",arXiv:1711.06210 (2017),,,https://zbmath.org/authors/cerocchi.filippo,,,,,
"Chang, Wen",3,2023,2025,0,,25,,,,https://mathscinet.ams.org/mathscinet/MRAuthorID/1137222,https://zbmath.org/authors/chang.wen,https://www.mathgenealogy.org/id.php?id=203168,https://orcid.org/0000-0002-8781-9056,,,
"Chas, Moira",3,2016,2022,0,,25,Stony Brook Mathematics Department and Institute for Mathematical Sciences,arXiv:2308.02006 (2023),https://www.math.stonybrook.edu/~moira/,https://mathscinet.ams.org/mathscinet/MRAuthorID/601049,https://zbmath.org/authors/chas.moira,https://www.mathgenealogy.org/id.php?id=75261,,,,
"Chekhov, Leonid O.",3,2011,2023,0,,90,,,,,https://zbmath.org/authors/chekhov.leonid-o,,,,,
"Cheng, Liang",3,2013,2020,0,,42,,,,,https://zbmath.org/authors/cheng.liang.1,,,,,
"Chepoi, Victor D.",3,2013,2025,0,,175,"Laboratoire d’Informatique et des Systèmes, Université d’Aix-Marseille, Faculté des Sciences de Luminy, F-13288 Marseille Cedex 9, France",arXiv:2603.27835 (2026),https://pageperso.lis-lab.fr/victor.chepoi/,https://mathscinet.ams.org/mathscinet/MRAuthorID/199668,https://zbmath.org/authors/chepoi.victor-d,https://www.mathgenealogy.org/id.php?id=108187,,,,
"Chernov, Vladimir V.",3,2003,2013,0,,45,,,https://math.dartmouth.edu/~chernov/,,https://zbmath.org/authors/chernov.vladimir-v,,,,,
"Chesser, Marissa",3,2022,2026,0,,6,,,,,https://zbmath.org/authors/chesser.marissa,,,,,
"Cho, Sangbum",3,2015,2026,0,,32,"Department of Mathematics Education, Hanyang University, Seoul 04763, Korea",arXiv:2604.15722 (2026),,,https://zbmath.org/authors/cho.sangbum,,,,,
"Colding, Tobias Holck",3,2005,2018,1,Journal of the American Mathematical Society: 1,115,"MIT, Dept. of Math. 77 Massachusetts Avenue, Cambridge, MA 02139-4307",arXiv:2605.28504 (2026),http://math.mit.edu/directory/profile.php?pid=50,https://mathscinet.ams.org/mathscinet/MRAuthorID/335440,https://zbmath.org/authors/colding.tobias-holck,https://www.mathgenealogy.org/id.php?id=23066,,https://en.wikipedia.org/wiki/Tobias_Colding,Veblen Prize (2010),ICM Plenary Speaker (2022); ICM Invited Speaker (1998)
"Collins, Donald J.",3,1981,1994,1,Inventiones Mathematicae: 1,54,,,,,https://zbmath.org/authors/collins.donald-j,,,,,
"Costantini, Matteo",3,2024,2025,0,,13,"Essener Seminar für Algebraische Geometrie und Arithmetik, Fakultät für Mathematik, Universität Duisburg-Essen, 45117 Essen",arXiv:2609.37023 (2026),https://esaga.uni-due.de/matteo.costantini/,,https://zbmath.org/authors/costantini.matteo,,,,,
"Das, Sumanta",3,2024,2025,0,,6,"Department of Mathematics, Indian Institute of Technology Bombay, India",arXiv:2508.21057 (2025),https://sumanta0.github.io/,,https://zbmath.org/authors/das.sumanta,,,,,
"Derby-Talbot, Ryan",3,2009,2018,0,,10,DePaul University,arXiv:1606.01553 (2016),,https://mathscinet.ams.org/mathscinet/MRAuthorID/783594,https://zbmath.org/authors/derby-talbot.ryan,https://www.mathgenealogy.org/id.php?id=109826,,,,
"Dicks, Warren",3,1981,2007,0,,81,U. Autònoma de Barcelona,,https://mat.uab.cat/~dicks/,https://mathscinet.ams.org/mathscinet/MRAuthorID/190841,https://zbmath.org/authors/dicks.warren,https://www.mathgenealogy.org/id.php?id=64122,,,,
"Doan, Nhat Minh",3,2023,2026,0,,11,"Institute of Mathematics, Vietnam Academy of Science and Technology, Hanoi, Vietnam",arXiv:2605.14574 (2026),,,https://zbmath.org/authors/doan.nhat-minh,,,,,
"Dreyer, Guillaume",3,2013,2017,1,Acta Mathematica: 1,4,"Department of Mathematics, University of Notre Dame, 255 Hurley Hall, Notre Dame, IN 46556, U.S.A",arXiv:1410.0729 (2014),,,https://zbmath.org/authors/dreyer.guillaume,,,,,
"Droms, Carl",3,1989,2003,0,,15,James Madison U.,,https://educ.jmu.edu/~dromscg/,,https://zbmath.org/authors/droms.carl,,,,,
"Drummond-Cole, Gabriel C.",3,2020,2026,0,,31,,,,https://mathscinet.ams.org/mathscinet/MRAuthorID/775236,https://zbmath.org/authors/drummond-cole.gabriel-c,https://www.mathgenealogy.org/id.php?id=162158,,,,
"Dyer, Joan Landman",3,1979,1981,0,,18,,,,,https://zbmath.org/authors/dyer.joan-landman,,,,,
"Díaz, Raquel",3,2003,2024,0,,22,,,https://produccioncientifica.ucm.es/investigadores/142101/detalle,,https://zbmath.org/authors/diaz.raquel,,,,,
"Dória, Cayo",3,2020,2024,0,,10,,,,,https://zbmath.org/authors/doria.cayo,https://www.mathgenealogy.org/id.php?id=239837,https://orcid.org/0000-0003-2654-8915,,,
"Eisermann, Michael",3,2003,2014,0,,21,"Institut für Geometrie und Topologie, Universität Stuttgart, Germany",arXiv:2603.23095 (2026),,,https://zbmath.org/authors/eisermann.michael,,,,,
"Eliashberg, Yakov Matveevich",3,1992,2011,0,,107,"Department of Mathematics Stanford University Stanford, CA 94305",arXiv:2605.31422 (2026),https://mathematics.stanford.edu/people/yakov-eliashberg https://profiles.stanford.edu/yakov-eliashberg,https://mathscinet.ams.org/mathscinet/MRAuthorID/62865,https://zbmath.org/authors/eliashberg.yakov-m,https://www.mathgenealogy.org/id.php?id=39146,https://orcid.org/0000-0003-0686-3467,https://en.wikipedia.org/wiki/Yakov_Eliashberg,Veblen Prize (2001); Heinz Hopf Prize (2013); Crafoord Prize (2016); Wolf Prize (2020),"ICM Plenary Speaker (2006); ICM Invited Speaker (1986, 1998)"
"Engel, Alexander",3,2018,2020,0,,34,University of Greifswald,,https://math-inf.uni-greifswald.de/institut/ueber-uns/mitarbeitende/prof-dr-alexander-engel/,https://mathscinet.ams.org/mathscinet/MRAuthorID/1044343,https://zbmath.org/authors/engel.alexander,https://www.mathgenealogy.org/id.php?id=189937,https://orcid.org/0000-0002-7749-8447,,,
"Enomoto, Naoya",3,2011,2026,0,,15,"The University of Electro-Communications, 1-5-1, Chofugaoka, Chofu city, Tokyo 182-8585, Japan",arXiv:2511.16866 (2025),,,https://zbmath.org/authors/enomoto.naoya,,,,,
"Enriquez, Benjamin",3,2014,2021,0,,99,"Institut de Recherche Mathématique Avancée (UMR 7501), University of Strasbourg, 7 rue René Descartes, 67000 Strasbourg, France",arXiv:2607.09231 (2026),,,https://zbmath.org/authors/enriquez.benjamin,,,,,
"Etgü, Tolga",3,2001,2012,0,,20,"Department of Mathematics, Koç University, Sariyer, Istanbul 34450 TURKEY",arXiv:1703.04515 (2017),,,https://zbmath.org/authors/etgu.tolga,,,,,
"Evans, Benny D.",3,1972,1978,0,,16,,,,https://mathscinet.ams.org/mathscinet/MRAuthorID/233422,https://zbmath.org/authors/evans.benny-d,https://www.mathgenealogy.org/id.php?id=5363,,,,
"Farkas, Hershel M.",3,1967,1981,0,,77,Stony Brook University,,,https://mathscinet.ams.org/mathscinet/MRAuthorID/65235,https://zbmath.org/authors/farkas.hershel-m,https://www.mathgenealogy.org/id.php?id=61354,,,,
"Feller, Peter",3,2025,2025,0,,43,"Université de Neuchâtel, Rue Emile-Argand 11, 2000 Neuchâtel, Switzerland",arXiv:2509.09615 (2025),https://www.unine.ch/math/en/pfeller/,https://mathscinet.ams.org/mathscinet/MRAuthorID/1052130,https://zbmath.org/authors/feller.peter,https://www.mathgenealogy.org/id.php?id=185458,,,,
"Ferrari, Leonardo",3,2021,2026,0,,5,"Institute of Mathematics Polish Academy of Sciences Sniadeckich 8 00-656 Warsaw, Poland",arXiv:2312.01821 (2023),,,https://zbmath.org/authors/ferrari.leonardo.1,,,,,
"Fillastre, François",3,2009,2025,0,,29,"CY Cergy Paris Université Laboratoire AGM, UMR 8088 du CNRS, F-95000 Cergy, France",arXiv:2106.01187 (2021),,https://mathscinet.ams.org/mathscinet/MRAuthorID/811500,https://zbmath.org/authors/fillastre.francois,https://www.mathgenealogy.org/id.php?id=113198,,,,
"Fletcher, Alastair N.",3,2006,2013,0,,61,Northern Illinois University,,,https://mathscinet.ams.org/mathscinet/MRAuthorID/749646,https://zbmath.org/authors/fletcher.alastair-n,https://www.mathgenealogy.org/id.php?id=91122,,,,
"Fowler, Jim",3,2004,2014,0,,13,,,https://math.osu.edu/people/fowler.291,https://mathscinet.ams.org/mathscinet/MRAuthorID/706621,https://zbmath.org/authors/fowler.jim,https://www.mathgenealogy.org/id.php?id=139744,https://orcid.org/0000-0003-4776-1221,,,
"Francoeur, Dominik",3,2020,2025,0,,22,"Facultad de Ciencias, Universidad Autónoma de Madrid, Cantoblanco Ciudad Universitaria, 28049 Madrid, Spain",arXiv:2607.26284 (2026),,,https://zbmath.org/authors/francoeur.dominik,,,,,
"Gambaudo, Jean-Marc",3,1990,2001,0,,67,,,,,https://zbmath.org/authors/gambaudo.jean-marc,,,,,
"Gandini, Giovanni",3,2012,2016,0,,10,"U. Bonn, Germany",,https://www.math.uni-bonn.de/people/ggandini,,https://zbmath.org/authors/gandini.giovanni,,,,,
"García-Prada, Oscar",3,2004,2024,2,Inventiones Mathematicae: 1; Annals of Mathematics: 1,111,,,https://www.icmat.es/miembros/garcia-prada/,https://mathscinet.ams.org/mathscinet/MRAuthorID/341742,https://zbmath.org/authors/garcia-prada.oscar,https://www.mathgenealogy.org/id.php?id=49509,https://orcid.org/0000-0002-5605-672X,https://en.wikipedia.org/wiki/Oscar_Garcia_Prada,,
"Gautero, François",3,2004,2012,0,,20,"U. de Nice, France",,https://math.unice.fr/~fgautero/publications.html,,https://zbmath.org/authors/gautero.francois,,,,,
"Ge, Huabin",3,2021,2022,0,,58,,,,,https://zbmath.org/authors/ge.huabin,,,,,
"Gendulphe, Matthieu",3,2011,2023,0,,11,,,,https://mathscinet.ams.org/mathscinet/MRAuthorID/881578,https://zbmath.org/authors/gendulphe.matthieu,https://www.mathgenealogy.org/id.php?id=121014,,,,
"Gervais, Sylvain",3,1996,2016,0,,9,,,,,https://zbmath.org/authors/gervais.sylvain,,,,,
"Ghiggini, Paolo",3,2005,2011,0,,35,"Université Grenoble Alpes, France",arXiv:2508.20964 (2025),,https://mathscinet.ams.org/mathscinet/MRAuthorID/728686,https://zbmath.org/authors/ghiggini.paolo,https://www.mathgenealogy.org/id.php?id=94380,,,,
"Giacchetto, Alessandro",3,2023,2025,0,,22,"A. G.Department Mathematik, ETH Zürich, Zürich, Switzerland",arXiv:2609.26922 (2026),https://sites.google.com/view/alessandrogiacchetto,,https://zbmath.org/authors/giacchetto.alessandro,https://www.mathgenealogy.org/id.php?id=278269,https://orcid.org/0000-0001-8415-5066,,,
"Giansiracusa, Jeffrey",3,2008,2011,0,,26,,,,,https://zbmath.org/authors/giansiracusa.jeffrey,,https://orcid.org/0000-0003-4252-0058,,,
"Gilman, Robert H.",3,1996,2004,0,,49,Stevens Institute,,https://personal.stevens.edu/~rgilman/ https://www.math.stevens.edu/~rgilman/,https://mathscinet.ams.org/mathscinet/MRAuthorID/73690,https://zbmath.org/authors/gilman.robert-h,https://www.mathgenealogy.org/id.php?id=37455,,,,
"Gitik, Rita",3,1998,2019,1,Annals of Mathematics: 1,31,"Department of Mathematics University of Michigan Ann Arbor, MI, 48109",arXiv:2405.05088 (2024),,https://mathscinet.ams.org/mathscinet/MRAuthorID/312741,https://zbmath.org/authors/gitik.rita,https://www.mathgenealogy.org/id.php?id=150218,,,,
"Glover, Henry H.",3,1992,2007,1,Inventiones Mathematicae: 1,42,,,,,https://zbmath.org/authors/glover.henry-h,,,,,
"Golan Polak, Gili",3,2023,2025,0,,6,,,,,https://zbmath.org/authors/golan-polak.gili,,,,,
"Golan, Gili",3,2015,2017,0,,18,"Department of Mathematics, Ben Gurion University of the Negev",arXiv:2607.10961 (2026),,,https://zbmath.org/authors/golan.gili,,,,,
"Goldman, Katherine M.",3,2024,2025,0,,8,"Department of Mathematics and Statistics, McGill University, Burnside Hall, 805 Sherbrooke Street West, Montreal, QC, H3A 0B9, Canada",arXiv:2512.00318 (2025),,,https://zbmath.org/authors/goldman.katherine-m,,,,,
"Goldsborough, Antoine",3,2024,2025,0,,8,"Department of Mathematics, Tata Institute of Fundamental Research, Mumbai, India",arXiv:2411.12715 (2024),,,https://zbmath.org/authors/goldsborough.antoine,,,,,
"Golla, Marco",3,2016,2023,0,,33,,,,,https://zbmath.org/authors/golla.marco,,,,,
"Gonzalo Pérez, Jesús",3,1984,1997,1,Inventiones Mathematicae: 1,35,Autonomous University of Madrid,,http://www.uam.es/personal_pdi/ciencias/jgonzalo/,https://mathscinet.ams.org/mathscinet/MRAuthorID/742300,https://zbmath.org/authors/gonzalo-perez.jesus,https://www.mathgenealogy.org/id.php?id=31922,https://orcid.org/0000-0003-0027-1815,,,
"Grabowski, Łukasz",3,2014,2016,1,Inventiones Mathematicae: 1,17,"Ł. GrabowskiFakultät für Mathematik und Informatik, Universität Leipzig, Augustusplatz 10, 04109 Leipzig, Germany",arXiv:2303.02823 (2023),,https://mathscinet.ams.org/mathscinet/MRAuthorID/993752,https://zbmath.org/authors/grabowski.lukasz,https://www.mathgenealogy.org/id.php?id=153141,https://orcid.org/0000-0002-9470-4679,,,
"Grigsby, Julia Elisenda",3,2015,2017,0,,27,,,https://sites.google.com/bc.edu/eli-grigsby/home,,https://zbmath.org/authors/grigsby.julia-elisenda,,,,,
"Grossman, Edna K.",3,1974,1981,0,,6,,,,,https://zbmath.org/authors/grossman.edna-k,,,,,
"Grushevsky, Samuel",3,2001,2022,0,,68,"Department of Mathematics and Simons Center for Geometry and Physics, Stony Brook University, Stony Brook, NY 11794-3651, USA",arXiv:2607.13486 (2026),https://www.math.stonybrook.edu/~sam/,https://mathscinet.ams.org/mathscinet/MRAuthorID/192264,https://zbmath.org/authors/grushevsky.samuel,https://www.mathgenealogy.org/id.php?id=69492,https://orcid.org/0000-0002-9943-3804,,,
"Guba, Viktor Sergeevich",3,1999,2006,1,Inventiones Mathematicae: 1,46,,,,,https://zbmath.org/authors/guba.viktor-sergeevich,,,,,
"Guillarmou, Colin",3,2014,2025,1,Inventiones Mathematicae: 1,90,"IMO, Université Paris-Saclay, France",arXiv:2505.09390 (2025),,https://mathscinet.ams.org/mathscinet/MRAuthorID/754486,https://zbmath.org/authors/guillarmou.colin,https://www.mathgenealogy.org/id.php?id=137125,https://orcid.org/0000-0002-8072-8522,,,ICM Invited Speaker (2018)
"Gulliver, Robert D. II",3,1975,1977,0,,62,,,https://math.umn.edu/directory/robert-gulliver,https://mathscinet.ams.org/mathscinet/MRAuthorID/78255,https://zbmath.org/authors/gulliver.robert-d-ii,https://www.mathgenealogy.org/id.php?id=12994,,,,
"Guyot, Luc",3,2008,2018,0,,17,,,http://www.lucguyot.name/,https://mathscinet.ams.org/mathscinet/MRAuthorID/759525,https://zbmath.org/authors/guyot.luc,https://www.mathgenealogy.org/id.php?id=122903,https://orcid.org/0000-0003-1533-8226,,,
"Görner, Matthias",3,2015,2021,0,,14,,,,https://mathscinet.ams.org/mathscinet/MRAuthorID/1100669,https://zbmath.org/authors/gorner.matthias,https://www.mathgenealogy.org/id.php?id=156885,,,,
"Haiden, Fabian",3,2021,2025,0,,19,,,,,https://zbmath.org/authors/haiden.fabian,,,,,
"Hain, Richard M.",3,2014,2021,0,,77,"Department of Mathematics Duke University Durham, NC 27708-0320",arXiv:2408.13997 (2024),http://fds.duke.edu/db/aas/math/faculty/hain/,https://mathscinet.ams.org/mathscinet/MRAuthorID/79695,https://zbmath.org/authors/hain.richard-m,https://www.mathgenealogy.org/id.php?id=4137,https://orcid.org/0000-0002-7009-6971,,,
"Hall, Toby",3,2001,2021,0,,34,,,https://www.liverpool.ac.uk/mathematical-sciences/staff/toby-hall/,https://mathscinet.ams.org/mathscinet/MRAuthorID/312789,https://zbmath.org/authors/hall.toby,https://www.mathgenealogy.org/id.php?id=64498,,,,
"Hartnick, Tobias",3,2018,2019,0,,46,"Institut für Algebra und Geometrie, KIT, Englerstraße 2, 76131 Karlsruhe, Germany",arXiv:2512.20596 (2025),http://www.math.technion.ac.il/Site/computing/services/faculty.php?id=1112 https://www.math.kit.edu/iag3/~hartnick/,https://mathscinet.ams.org/mathscinet/MRAuthorID/910836,https://zbmath.org/authors/hartnick.tobias,https://www.mathgenealogy.org/id.php?id=150377,,,,
"Harvey, William James",3,1971,2005,0,,32,,,,https://mathscinet.ams.org/mathscinet/MRAuthorID/82065,https://zbmath.org/authors/harvey.william-james,https://www.mathgenealogy.org/id.php?id=18350,,,,
"Heil, Wolfgang H.",3,1972,2002,0,,62,"Department of Mathematics, Florida State University, USA",arXiv:2308.04786 (2023),https://www.math.fsu.edu/~heil/,https://mathscinet.ams.org/mathscinet/MRAuthorID/83535,https://zbmath.org/authors/heil.wolfgang-h,https://www.mathgenealogy.org/id.php?id=686,,,,
"Hepworth, Richard A.",3,2020,2024,0,,22,Institute of Mathematics University of Aberdeen Scotland,arXiv:2404.06689 (2024),,,https://zbmath.org/authors/hepworth.richard-a,,,,,
"Herrlich, Frank",3,1986,1990,0,,29,,,https://www.math.kit.edu/iag3/~herrlich/,https://mathscinet.ams.org/mathscinet/MRAuthorID/85035,https://zbmath.org/authors/herrlich.frank,https://www.mathgenealogy.org/id.php?id=60195,,,,
"Hidalgo, Rubén Antonio",3,2005,2025,0,,195,,,http://dme2.ufro.cl/rhidalgo/index.html,https://mathscinet.ams.org/mathscinet/MRAuthorID/272770,https://zbmath.org/authors/hidalgo.ruben-antonio,https://www.mathgenealogy.org/id.php?id=1223,https://orcid.org/0000-0003-4070-2819,,,
"Hide, Will",3,2023,2026,0,,12,"Mathematical Institute, University of Oxford, Andrew Wiles Building, OX2 6GG Oxford, United Kingdom",arXiv:2512.13139 (2025),https://sites.google.com/view/will-hide/home,,https://zbmath.org/authors/hide.will,,,,,
"Hofer, Helmut H. W.",3,1995,1999,0,,116,,,https://www.math.ias.edu/people/faculty/hofer,https://mathscinet.ams.org/mathscinet/MRAuthorID/86945,https://zbmath.org/authors/hofer.helmut-h-w,https://www.mathgenealogy.org/id.php?id=33913,https://orcid.org/0000-0002-8849-6738,https://en.wikipedia.org/wiki/Helmut_Hofer,Ostrowski Prize (1999); Heinz Hopf Prize (2013),ICM Plenary Speaker (1998); ICM Invited Speaker (1990)
"Hoganson, Hannah",3,2023,2026,0,,11,"Department of Mathematics, University of Maryland",arXiv:2501.13234 (2025),,,https://zbmath.org/authors/hoganson.hannah,,,,,
"Horel, Geoffroy",3,2017,2019,0,,32,,,http://geoffroy.horel.org/,https://mathscinet.ams.org/mathscinet/MRAuthorID/1112508,https://zbmath.org/authors/horel.geoffroy,https://www.mathgenealogy.org/id.php?id=185361,,,,
"Hosaka, Tetsuya",3,2005,2012,0,,41,,,,,https://zbmath.org/authors/hosaka.tetsuya,,,,,
"Howlett, Robert B.",3,1980,2001,0,,40,"U. Sydney, Australia",,https://www.maths.usyd.edu.au:8000/u/bobh/,https://mathscinet.ams.org/mathscinet/MRAuthorID/88935,https://zbmath.org/authors/howlett.robert-b,https://www.mathgenealogy.org/id.php?id=55864,,,,
"Huang, Yi",3,2021,2025,0,,9,,,https://www.yihuang.site,https://mathscinet.ams.org/mathscinet/MRAuthorID/1115238,https://zbmath.org/authors/huang.yi.1,https://www.mathgenealogy.org/id.php?id=186747,https://orcid.org/0000-0002-7189-7594,,,
"Huo, ShengJin",3,2013,2026,0,,18,"School of Mathematical Sciences, Tiangong University, Tianjin 300387, China",arXiv:2307.14631 (2023),,,https://zbmath.org/authors/huo.shengjin,,,,,
"Hyde, James T.",3,2019,2026,0,,26,"Department of Mathematics and Statistics, Binghamton University, Binghamton, NY",arXiv:2605.20564 (2026),https://www2.math.binghamton.edu/p/people/jhyde1/start,,https://zbmath.org/authors/hyde.james-t,,,,,
"Igodt, Paul",3,1990,1997,0,,26,Katholieke U. Leuven,,https://www.kuleuven-kortrijk.be/~igodt/uk/,,https://zbmath.org/authors/igodt.paul,,,,,
"Incerti-Medici, Merlin",3,2021,2026,0,,15,University of Vienna,,https://www.merlinmedici.ch,,https://zbmath.org/authors/incerti-medici.merlin,https://www.mathgenealogy.org/id.php?id=265479,https://orcid.org/0000-0001-8404-9036,,,
"Irmak, Elmas",3,2007,2014,0,,16,Bowling Green State U.,,https://www-math.bgsu.edu/~eirmak/,,https://zbmath.org/authors/irmak.elmas,,,,,
"Ito, Kentaro",3,2000,2008,0,,16,,,,,https://zbmath.org/authors/ito.kentaro,,,,,
"Izquierdo, Milagros",3,1993,2012,0,,56,,,https://liu.se/en/employee/miliz96,https://mathscinet.ams.org/mathscinet/MRAuthorID/321165,https://zbmath.org/authors/izquierdo.milagros,https://www.mathgenealogy.org/id.php?id=185202,https://orcid.org/0000-0002-9557-9566,,,
"Jaikin-Zapirain, Andrei",3,2021,2025,0,,66,"Instituto de Ciencias Matemáticas, CSIC-UAM-UC3M-UCM",arXiv:2608.23273 (2026),,,https://zbmath.org/authors/jaikin-zapirain.andrei,,https://orcid.org/0000-0003-0958-2695,,,
"Jiang, Yongle",3,2019,2023,0,,25,"School of Mathematical Sciences, Dalian University of Technology, Dalian, 116024, China",arXiv:2606.09673 (2026),,,https://zbmath.org/authors/jiang.yongle,,https://orcid.org/0000-0002-0854-3136,,,
"Jiang, Yunping",3,2012,2024,0,,179,,,http://qcpages.qc.cuny.edu/~yjiang/,https://mathscinet.ams.org/mathscinet/MRAuthorID/238389,https://zbmath.org/authors/jiang.yunping,https://www.mathgenealogy.org/id.php?id=77681,,,,
"Jones, Gareth A.",3,1986,2013,0,,149,University of Southampton,,https://www.southampton.ac.uk/people/5wxxfr/emeritus-professor-gareth-jones,https://mathscinet.ams.org/mathscinet/MRAuthorID/95450,https://zbmath.org/authors/jones.gareth-a,https://www.mathgenealogy.org/id.php?id=46124,https://orcid.org/0000-0002-7082-7025,,,
"Juschenko, Kate",3,2015,2019,0,,32,U. Texas - Austin,,https://web.ma.utexas.edu/users/juschenko/,https://mathscinet.ams.org/mathscinet/MRAuthorID/780620,https://zbmath.org/authors/juschenko.kate,https://www.mathgenealogy.org/id.php?id=163037,,,,
"Kalliongis, John E.",3,1988,2002,0,,31,Department of Mathematics Saint Louis University,arXiv:1110.4996 (2011),,,https://zbmath.org/authors/kalliongis.john-e,,,,,
"Kano, Shunsuke",3,2024,2025,0,,10,"Mathematical Science Center for Co-Creative Society, Tohoku University, 6-3 Aoba, Aramaki, Aoba-ku, Sendai, Miyagi 980-8578, Japan",arXiv:2404.18236 (2024),https://sites.google.com/view/shunsuke-kano,,https://zbmath.org/authors/kano.shunsuke,,,,,
"Karlsson, Anders",3,2014,2026,0,,55,"U. Geneva, Switzerland",,https://www.uu.se/en/contact-and-organisation/staff?query=N13-1546 https://www.unige.ch/math/folks/karlsson/,https://mathscinet.ams.org/mathscinet/MRAuthorID/256750,https://zbmath.org/authors/karlsson.anders,https://www.mathgenealogy.org/id.php?id=46646,https://orcid.org/0000-0002-1886-6780,https://en.wikipedia.org/wiki/Anders_Karlsson_(mathematician),,
"Karrer, Annette",3,2022,2026,0,,11,"Department of Mathematics, The Ohio State University 231 W. 18th Ave. Columbus, OH 43210, USA 0000-0003-3761-5861",arXiv:2506.16789 (2025),,,https://zbmath.org/authors/karrer.annette,,,,,
"Kelly, Michael R.",3,1987,2004,0,,37,,,https://www.loyno.edu/academics/faculty-and-staff-directory/michael-kelly,https://mathscinet.ams.org/mathscinet/MRAuthorID/100090,https://zbmath.org/authors/kelly.michael-r,https://www.mathgenealogy.org/id.php?id=49188,,,,
"Kerr, Alice",3,2023,2025,0,,5,,,,,https://zbmath.org/authors/kerr.alice,,,,,
"Kim, YoungJu",3,2011,2025,0,,27,"Konkuk University, Department of Mathematics Education, Seoul, 05029, Republic of Korea",arXiv:2402.01014 (2024),,,https://zbmath.org/authors/kim.youngju,,,,,
"Koch, Sarah Colleen",3,2013,2016,0,,26,Department of Mathematics 530 Church Street East Hall University of Michigan Ann Arbor MI 48109 United States,arXiv:2211.15725 (2022),http://www-personal.umich.edu/~kochsc/,https://mathscinet.ams.org/mathscinet/MRAuthorID/874529,https://zbmath.org/authors/koch.sarah-c,https://www.mathgenealogy.org/id.php?id=126314,https://orcid.org/0000-0001-6019-5813,https://en.wikipedia.org/wiki/Sarah_Koch,,
"Kontsevich, Maxim",3,2003,2018,2,Inventiones Mathematicae: 1; Publications Mathématiques de l'IHÉS: 1,103,,,https://www.ihes.fr/~maxim/,https://mathscinet.ams.org/mathscinet/MRAuthorID/207045,https://zbmath.org/authors/kontsevich.maxim,https://www.mathgenealogy.org/id.php?id=26861,,https://en.wikipedia.org/wiki/Maxim_Kontsevich,EMS Prize (1992); Henri Poincaré Prize (1997); Fields Medal (1998); Crafoord Prize (2008); Shaw Prize (2012); Breakthrough Prize in Mathematics (2014),
"Kordek, Kevin",3,2022,2023,0,,11,"School of Mathematics Georgia Institute of Technology 686 Cherry St. Atlanta, GA 30332",arXiv:1910.07177 (2019),,,https://zbmath.org/authors/kordek.kevin,,,,,
"Kravchenko, Rostyslav V.",3,2011,2017,0,,19,University of Chicago,arXiv:1406.6465 (2014),,,https://zbmath.org/authors/kravchenko.rostyslav-v,,,,,
"Kudlinska, Monika",3,2025,2026,0,,12,"Emmanuel College, University of Cambridge, St Andrew’s Street, Cambridge CB2 3AP, United Kingdom",arXiv:2606.31774 (2026),https://sites.google.com/site/monkudlinska/,,https://zbmath.org/authors/kudlinska.monika,,https://orcid.org/0000-0003-2733-5612,,,
"Kuessner, Thilo",3,2003,2012,0,,24,"Mathematisch-Geographische Fakultät, Katholische Universität Eichstätt-Ingolstadt, Ostenstraße 28, 85072 Eichstätt, Germany",arXiv:2506.03368 (2025),https://www.ku.de/mgf/mathematik/statistik/dr-thilo-kuessner,https://mathscinet.ams.org/mathscinet/MRAuthorID/684996,https://zbmath.org/authors/kuessner.thilo,https://www.mathgenealogy.org/id.php?id=53708,https://orcid.org/0000-0002-5333-6435,,,
"Kȩdra, Jarek",3,2013,2022,0,,53,,,,https://mathscinet.ams.org/mathscinet/MRAuthorID/612302,https://zbmath.org/authors/kedra.jarek,https://www.mathgenealogy.org/id.php?id=75545,,,,
"Lafforgue, Vincent",3,2008,2018,0,,35,National Center for Scientific Research,,http://vlafforg.perso.math.cnrs.fr/,https://mathscinet.ams.org/mathscinet/MRAuthorID/640041,https://zbmath.org/authors/lafforgue.vincent,https://www.mathgenealogy.org/id.php?id=86461,,https://en.wikipedia.org/wiki/Vincent_Lafforgue,EMS Prize (2000); Breakthrough Prize in Mathematics (2018),ICM Plenary Speaker (2018); ICM Invited Speaker (2002)
"Lakic, Nikola",3,1997,2013,0,,31,,,http://comet.lehman.cuny.edu/lakic/,https://mathscinet.ams.org/mathscinet/MRAuthorID/606968,https://zbmath.org/authors/lakic.nikola,https://www.mathgenealogy.org/id.php?id=35571,,,,
"Lambropoulou, Sofia S. F.",3,1997,2021,0,,92,,,http://www.math.ntua.gr/~sofia/,https://mathscinet.ams.org/mathscinet/MRAuthorID/358140,https://zbmath.org/authors/lambropoulou.sofia,https://www.mathgenealogy.org/id.php?id=34249,,,,
"Landesman, Aaron",3,2023,2025,1,Annals of Mathematics: 1,40,,,,,https://zbmath.org/authors/landesman.aaron,,,,,
"Le Coz, Corentin",3,2023,2025,0,,6,"Institut für Geometrie, TU Dresden, Germany, Department of Mathematics: Algebra and Geometry (WE01), Ghent Univesity",arXiv:2401.08510 (2024),,,https://zbmath.org/authors/le-coz.corentin,,,,,
"Le, Khanh",3,2022,2026,0,,9,,,https://sites.google.com/view/khanhqle,,https://zbmath.org/authors/le.khanh,https://www.mathgenealogy.org/id.php?id=282840,https://orcid.org/0000-0002-6999-9196,,,
"Lebowitz, Aaron",3,1972,1975,0,,7,,,,,https://zbmath.org/authors/lebowitz.aaron,,,,,
"Lee, Kyung Bai",3,1990,2005,0,,61,,,,https://mathscinet.ams.org/mathscinet/MRAuthorID/111785,https://zbmath.org/authors/lee.kyung-bai,https://www.mathgenealogy.org/id.php?id=7051,,,,
"Lee, Michelle",3,2014,2017,0,,5,,,,,https://zbmath.org/authors/lee.michelle,,,,,
"Leuzinger, Enrico",3,2004,2014,0,,29,"KIT, Karlsruhe, Germany",,https://www.math.kit.edu/iag2/~leuzinger/,,https://zbmath.org/authors/leuzinger.enrico,,,,,
"Li, Qiongling",3,2017,2024,0,,22,Chern Institute of Mathematics,,https://sites.google.com/site/qionglingli/,https://mathscinet.ams.org/mathscinet/MRAuthorID/1149454,https://zbmath.org/authors/li.qiongling,https://www.mathgenealogy.org/id.php?id=194052,,,,
"Lin, Francesco",3,2022,2025,1,Journal of the American Mathematical Society: 1,27,"Department of Mathematics, Columbia University",arXiv:2603.02093 (2026),http://www.math.columbia.edu/~flin/,https://mathscinet.ams.org/mathscinet/MRAuthorID/1169363,https://zbmath.org/authors/lin.francesco,https://www.mathgenealogy.org/id.php?id=203937,,,,
"Lipnowski, Michael",3,2018,2025,1,Journal of the American Mathematical Society: 1,16,"Department of Mathematics, Ohio State University",arXiv:2603.02093 (2026),,https://mathscinet.ams.org/mathscinet/MRAuthorID/1140735,https://zbmath.org/authors/lipnowski.michael,https://www.mathgenealogy.org/id.php?id=187384,,,,
"Litt, Daniel",3,2023,2025,1,Annals of Mathematics: 1,34,University of Toronto,,https://www.daniellitt.com/,https://mathscinet.ams.org/mathscinet/MRAuthorID/916147,https://zbmath.org/authors/litt.daniel,https://www.mathgenealogy.org/id.php?id=207250,https://orcid.org/0000-0003-2273-4630,,,
"Liu, Mingkun",3,2022,2026,0,,8,"LAGA, Université Sorbonne Paris Nord",arXiv:2605.03833 (2026),https://www.math.univ-paris13.fr/~mingkun.liu/,,https://zbmath.org/authors/liu.mingkun,https://www.mathgenealogy.org/id.php?id=289683,,,,
"Lochak, Pierre",3,1997,2003,1,Inventiones Mathematicae: 1,58,"Institut de Mathématiques de Jussieu Sorbonne Université Paris , France",arXiv:2602.12462 (2026),,,https://zbmath.org/authors/lochak.pierre,,,,,
"Loftin, John C.",3,2004,2026,0,,28,"Department of Mathematics and Computer Science, Rutgers-Newark, Newark, NJ 07102, USA",arXiv:2602.24213 (2026),,https://mathscinet.ams.org/mathscinet/MRAuthorID/677695,https://zbmath.org/authors/loftin.john-c,https://www.mathgenealogy.org/id.php?id=77956,,,,
"Lozano Imízcoz, María Teresa",3,1999,2006,0,,61,University of Zaragoza,,http://www.unizar.es/matematicas/fichas/ficha_lozano.htm,https://mathscinet.ams.org/mathscinet/MRAuthorID/116365,https://zbmath.org/authors/lozano-imizcoz.maria-teresa,https://www.mathgenealogy.org/id.php?id=206078,https://orcid.org/0000-0003-3618-3657,https://en.wikipedia.org/wiki/Mar%C3%ADa_Teresa_Lozano_Im%C3%ADzcoz,,
"Luo, Yusheng",3,2025,2026,0,,24,"Department of Mathematics, Cornell University, 212 Garden Ave, Ithaca, NY 14853, USA",arXiv:2608.12287 (2026),,,https://zbmath.org/authors/luo.yusheng,,,,,
"Lysenok, Igor' Geront'evich",3,2002,2022,0,,30,,,,https://mathscinet.ams.org/mathscinet/MRAuthorID/227730,https://zbmath.org/authors/lysenok.igor-g,https://www.mathgenealogy.org/id.php?id=159987,,,,
"Lytchak, Alexander",3,2001,2020,0,,73,,,https://www.math.kit.edu/iag9/~lytchak/de,https://mathscinet.ams.org/mathscinet/MRAuthorID/679338,https://zbmath.org/authors/lytchak.alexander,https://www.mathgenealogy.org/id.php?id=62041,,https://en.wikipedia.org/wiki/Alexander_Lytchak,,
"Magaard, Kay",3,1998,2017,0,,77,,,,https://mathscinet.ams.org/mathscinet/MRAuthorID/252279,https://zbmath.org/authors/magaard.kay,https://www.mathgenealogy.org/id.php?id=10459,,,,
"Magid, Aaron D.",3,2009,2015,0,,3,,,,,https://zbmath.org/authors/magid.aaron-d,,,,,
"Magnus, Wilhelm",3,1969,1980,0,,108,,,,https://mathscinet.ams.org/mathscinet/MRAuthorID/118105,https://zbmath.org/authors/magnus.wilhelm,https://www.mathgenealogy.org/id.php?id=12042,,https://en.wikipedia.org/wiki/Wilhelm_Magnus,,
"Malfait, Wim",3,1996,2003,0,,30,,,,,https://zbmath.org/authors/malfait.wim,,,,,
"Mangioni, Giorgio",3,2026,2026,0,,13,"Maxwell Institute and Department of Mathematics, Heriot-Watt University, Edinburgh, UK",arXiv:2605.23829 (2026),,,https://zbmath.org/authors/mangioni.giorgio,,,,,
"Marchese, Luca",3,2015,2018,0,,14,"Dipartimento di Matematica, Università di Bologna, Piazza di Porta San Donato 5, 40126, Bologna, Italia",arXiv:2608.30965 (2026),https://www.math.univ-paris13.fr/~marchese/,https://mathscinet.ams.org/mathscinet/MRAuthorID/933992,https://zbmath.org/authors/marchese.luca,https://www.mathgenealogy.org/id.php?id=167641,https://orcid.org/0000-0002-6588-2871,,,
"Martone, Giuseppe",3,2019,2024,0,,11,Sam Houston State University,arXiv:2601.04009 (2026),,,https://zbmath.org/authors/martone.giuseppe,,,,,
"Massot, Patrick",3,2008,2017,0,,15,,,https://www.imo.universite-paris-saclay.fr/~pmassot/en/,https://mathscinet.ams.org/mathscinet/MRAuthorID/844086,https://zbmath.org/authors/massot.patrick,https://www.mathgenealogy.org/id.php?id=130862,,,,
"Matei, Daniel",3,2002,2022,0,,19,"Simion Stoilow Institute of Mathematics, P.O. Box 1-764, RO-014700 Bucharest, Romania",arXiv:1302.5822 (2013),,,https://zbmath.org/authors/matei.daniel,,,,,
"Mathéus, Frédéric",3,2012,2024,0,,17,,,,,https://zbmath.org/authors/matheus.frederic,,,,,
"McCammond, Jonathan P.",3,2002,2008,0,,14,U. California - Santa Barbara,,https://web.math.ucsb.edu/~jon.mccammond/,,https://zbmath.org/authors/mccammond.jonathan-p,,,,,
"McLeay, Alan",3,2019,2022,0,,9,University of Luxembourg,arXiv:2101.07188 (2021),,,https://zbmath.org/authors/mcleay.alan,,,,,
"Mecchia, Mattia",3,2002,2019,0,,26,"Dipartimento Di Matematica e Geoscienze, Università degli Studi di Trieste, Via Valerio 12/1, 34127, Trieste, Italy",arXiv:2501.01922 (2025),,https://mathscinet.ams.org/mathscinet/MRAuthorID/662001,https://zbmath.org/authors/mecchia.mattia,https://www.mathgenealogy.org/id.php?id=127761,,,,
"Meinert, Holger",3,1994,1998,0,,12,,,,https://mathscinet.ams.org/mathscinet/MRAuthorID/346424,https://zbmath.org/authors/meinert.holger,https://www.mathgenealogy.org/id.php?id=18669,,,,
"Migliorini, Matteo",3,2023,2026,1,Inventiones Mathematicae: 1,11,"Karlsruher Institut für Technologie, Englerstraße 2, 76131 Karlsruhe",arXiv:2606.05091 (2026),,,https://zbmath.org/authors/migliorini.matteo,,,,,
"Miller, Jeremy",3,2021,2025,0,,47,,,https://sites.google.com/site/jeremykennethmiller/home/research,https://mathscinet.ams.org/mathscinet/MRAuthorID/1009804,https://zbmath.org/authors/miller.jeremy,https://www.mathgenealogy.org/id.php?id=170229,,,,
"Mineh, Lawk",3,2024,2025,0,,6,"Mathematisches Institut, Universität Bonn, 53115, Germany",arXiv:2504.15762 (2025),,,https://zbmath.org/authors/mineh.lawk,,,,,
"Mislin, Guido",3,1979,2011,2,Inventiones Mathematicae: 2,101,,,https://u.osu.edu/mislin.1/,https://mathscinet.ams.org/mathscinet/MRAuthorID/125480,https://zbmath.org/authors/mislin.guido,https://www.mathgenealogy.org/id.php?id=15013,,https://en.wikipedia.org/wiki/Guido_Mislin,,
"Miyazaki, Katura",3,2000,2014,0,,30,"Faculty of Engineering, Tokyo Denki University, 5 Senju Asahi-cho, Adachi-ku, Tokyo 120–8551, Japan",arXiv:1903.11266 (2019),,,https://zbmath.org/authors/miyazaki.katura,,,,,
"Mooney, Christopher P.",3,2008,2014,0,,10,"Reinhart Center Viterbo University 900 Viterbo Drive La Crosse, WI 54601",arXiv:1401.0095 (2013),,https://mathscinet.ams.org/mathscinet/MRAuthorID/852349,https://zbmath.org/authors/mooney.christopher-p,https://www.mathgenealogy.org/id.php?id=126779,,,,
"Morales, Ismael",3,2024,2025,0,,7,"Mathematical Institute, University of Oxford, Radcliffe Observatory, Andrew Wiles Building, Woodstock Rd, Oxford OX2 6GG",arXiv:2312.12293 (2023),,,https://zbmath.org/authors/morales.ismael,,,,,
"Moroianu, Sergiu",3,2014,2017,0,,56,"Facultatea de Matematică, strada Academiei 14, Bucureşti, and Institutul de Matematică al Academiei Române, calea Griviţei 21, Bucharest…",arXiv:2606.27152 (2026),http://www.imar.ro/~sergium/,https://mathscinet.ams.org/mathscinet/MRAuthorID/680987,https://zbmath.org/authors/moroianu.sergiu,https://www.mathgenealogy.org/id.php?id=37029,,,,
"Mozes, Shahar",3,2010,2024,1,Acta Mathematica: 1,52,"The Hebrew University of Jerusalem, Einstein Institute of Mathematics, Givat Ram. Jerusalem, 9190401, Israel",arXiv:2609.06440 (2026),https://www.ma.huji.ac.il/staff/acc/faculty.html,,https://zbmath.org/authors/mozes.shahar,,,,,ICM Invited Speaker (1998)
"Murray, Devin",3,2019,2022,0,,4,"Department of Mathematics, University of Hawaii at Manoa, Hawaii, Hawaii",arXiv:2008.09199 (2020),,,https://zbmath.org/authors/murray.devin,,,,,
"Möller, Philip",3,2022,2026,0,,11,"Institute of Mathematics, Heinrich-Heine-University Düsseldorf, Universitätsstraße 1, 40225, Düsseldorf, Germany",arXiv:2505.08701 (2025),https://www.uni-muenster.de/AGKramer/index.php?lang=en&menu=members&name=pm,,https://zbmath.org/authors/moller.philip,,,,,
"Namazi, Hossein",3,2009,2012,1,Acta Mathematica: 1,7,,,,,https://zbmath.org/authors/namazi.hossein,,,,,
"Naryshkin, Petr",3,2023,2026,0,,13,"Institute for Advanced Study, 1 Einstein Dr, Princeton, NJ 08540, USA",arXiv:2510.16749 (2025),,,https://zbmath.org/authors/naryshkin.petr,,,,,
"Nicas, Andrew J.",3,1990,2020,0,,52,"Department of Mathematics and Statistics, McMaster University, Hamilton, Ontario, Canada L8S 4K1",arXiv:1908.04440 (2019),,https://mathscinet.ams.org/mathscinet/MRAuthorID/131000,https://zbmath.org/authors/nicas.andrew-j,https://www.mathgenealogy.org/id.php?id=32170,,,,
"Nie, Xin",3,2023,2024,0,,13,"Shing-Tung Yau Center of Southeast University, Nanjing 210096, China",arXiv:2306.11570 (2023),https://sites.google.com/site/xinniemath/,https://mathscinet.ams.org/mathscinet/MRAuthorID/1040171,https://zbmath.org/authors/nie.xin,https://www.mathgenealogy.org/id.php?id=202327,https://orcid.org/0009-0001-6030-9240,,,
"Nolte, Alexander",3,2023,2025,0,,13,,,,,https://zbmath.org/authors/nolte.alexander,,,,,
"Oertel, Ulrich",3,1988,1998,0,,34,,,,,https://zbmath.org/authors/oertel.ulrich,,,,,
"Ohtsuki, Tomotada",3,2015,2018,0,,49,,,https://www.kurims.kyoto-u.ac.jp/~tomotada/index-e.html,https://mathscinet.ams.org/mathscinet/MRAuthorID/323080,https://zbmath.org/authors/ohtsuki.tomotada,https://www.mathgenealogy.org/id.php?id=98315,https://orcid.org/0000-0002-2678-3571,,,ICM Invited Speaker (1998)
"Oyakawa, Koichi",3,2024,2026,0,,13,"Department of Mathematics and Statistics, McGill University, Burnside Hall, 805 Sherbrooke Street West, Montreal, QC, H3A 0B9, Canada",arXiv:2511.20559 (2025),,,https://zbmath.org/authors/oyakawa.koichi,,,,,
"Pagliantini, Cristina",3,2015,2016,0,,11,Department Mathematik ETH Zentrum 8092 Zürich,arXiv:1508.03017 (2015),,,https://zbmath.org/authors/pagliantini.cristina,,,,,
"Pallier, Gabriel",3,2023,2026,0,,13,"Univ. Lille, CNRS, UMR 8524 - Laboratoire Paul Painlevé, F-59000 Lille, France",arXiv:2509.12823 (2025),http://www.pallier.org/gabriel/,https://mathscinet.ams.org/mathscinet/MRAuthorID/1181101,https://zbmath.org/authors/pallier.gabriel,https://www.mathgenealogy.org/id.php?id=253156,https://orcid.org/0000-0002-6219-7262,,,
"Papistas, Athanassios I.",3,1989,2001,0,,37,,,,,https://zbmath.org/authors/papistas.athanassios-i,,,,,
"Parreau, Anne",3,2021,2024,0,,16,"Institut Fourier, UMR 5582, Laboratoire de Mathématiques, Université Grenoble Alpes, CS 40700, 38058 Grenoble cedex 9, France",arXiv:2503.22671 (2025),,,https://zbmath.org/authors/parreau.anne,,,,,
"Pasquinelli, Irene",3,2019,2023,0,,8,"School of Mathematics, University of Bristol Bristol BS8 1UG, UK",arXiv:2110.02644 (2021),https://people.maths.bris.ac.uk/~ip13935/,https://mathscinet.ams.org/mathscinet/MRAuthorID/1169569,https://zbmath.org/authors/pasquinelli.irene,https://www.mathgenealogy.org/id.php?id=240230,https://orcid.org/0000-0002-4845-4795,,,
"Paternain, Gabriel Pedro",3,2022,2026,1,Inventiones Mathematicae: 1,113,"Department of Mathematics, University of Washington, Seattle, WA 98195-4350, USA",arXiv:2606.28689 (2026),,https://mathscinet.ams.org/mathscinet/MRAuthorID/291298,https://zbmath.org/authors/paternain.gabriel-p,https://www.mathgenealogy.org/id.php?id=1230,,https://en.wikipedia.org/wiki/Gabriel_Paternain,,
"Patterson, David B.",3,1972,1973,0,,6,,,,,https://zbmath.org/authors/patterson.david-b,,,,,
"Pavelescu, Elena",3,2011,2014,0,,24,,,,,https://zbmath.org/authors/pavelescu.elena,,,,,
"Perron, Bernard",3,2004,2006,0,,28,,,,,https://zbmath.org/authors/perron.bernard,,,,,
"Pichon, Anne",3,1997,2014,1,Acta Mathematica: 1,35,"Aix Marseille Univ, CNRS, I2M, Marseille, France",arXiv:2501.03110 (2025),https://www.i2m.univ-amu.fr/perso/anne.pichon/index.en.html,https://mathscinet.ams.org/mathscinet/MRAuthorID/617466,https://zbmath.org/authors/pichon.anne,https://www.mathgenealogy.org/id.php?id=91334,https://orcid.org/0000-0002-0578-5578,,,
"Piterman, Kevin Iván",3,2021,2025,0,,20,"Vrije Universiteit Brussel Department of Mathematics & Data Science 1050 Brussels, Belgium",arXiv:2607.27500 (2026),,,https://zbmath.org/authors/piterman.kevin-ivan,,,,,
"Poulain D'Andecy, Loïc",3,2014,2024,0,,47,"Laboratoire de Mathématiques de Reims, UMR CNRS 9008, Université Reims Champagne-Ardenne, 51687 Reims - France",arXiv:2607.18959 (2026),http://poulain.perso.math.cnrs.fr/,https://mathscinet.ams.org/mathscinet/MRAuthorID/937862,https://zbmath.org/authors/poulain-dandecy.loic,https://www.mathgenealogy.org/id.php?id=162822,,,,
"Praeger, Cheryl Elisabeth",3,1983,2018,0,,507,University of Western Australia,,https://research-repository.uwa.edu.au/en/persons/cheryl-praeger http://research-repository.uwa.edu.au/en/persons/cheryl-praeger(f6ccf1af-d5db-4659-b3b5-53c402fc18f9).html,https://mathscinet.ams.org/mathscinet/MRAuthorID/141715,https://zbmath.org/authors/praeger.cheryl-e,https://www.mathgenealogy.org/id.php?id=35943,https://orcid.org/0000-0002-0881-7336,https://en.wikipedia.org/wiki/Cheryl_Praeger,,ICM Invited Speaker (2002)
"Prosanov, R. I.",3,2023,2026,0,,17,,,https://sites.google.com/view/rprosanov,,https://zbmath.org/authors/prosanov.r-i,https://www.mathgenealogy.org/id.php?id=274178,https://orcid.org/0000-0002-0002-8877,,,
"Qi, Yi",3,2002,2025,0,,48,"School of Mathematics and Systems Science, Beihang University, 100191, Beijing, China",arXiv:2511.06314 (2025),,,https://zbmath.org/authors/qi.yi,,,,,
"Rafalski, Shawn",3,2010,2013,0,,5,"Department of Mathematics, Fairfield University, Fairfield, CT 06824, USA",arXiv:1703.04160 (2017),,,https://zbmath.org/authors/rafalski.shawn,,,,,
"Rajeevsarathy, Kashyap",3,2025,2025,0,,28,"Department of Mathematics Indian Institute of Science Education and Research Bhopal Bhopal Bypass Road, Bhauri Bhopal 462066, Madhya…",arXiv:2607.14608 (2026),,https://mathscinet.ams.org/mathscinet/MRAuthorID/929991,https://zbmath.org/authors/rajeevsarathy.kashyap,https://www.mathgenealogy.org/id.php?id=160256,,,,
"Rasmussen, Jacob A.",3,2017,2024,1,Journal of the American Mathematical Society: 1,25,"Dept. of Math., MC-382 University of Illinois 1409 W. Green St. Urbana, IL 61801 USA",arXiv:2209.03382 (2022),https://rasmusj.web.illinois.edu/,https://mathscinet.ams.org/mathscinet/MRAuthorID/702055,https://zbmath.org/authors/rasmussen.jacob-a,https://www.mathgenealogy.org/id.php?id=77541,https://orcid.org/0009-0006-7102-2639,,,ICM Invited Speaker (2022)
"Reeves, Lawrence D.",3,1997,2008,1,Annals of Mathematics: 1,21,"School of Mathematics and Statistics, University of Melbourne, Melbourne, Australia",arXiv:2609.14093 (2026),,https://mathscinet.ams.org/mathscinet/MRAuthorID/360650,https://zbmath.org/authors/reeves.lawrence-d,https://www.mathgenealogy.org/id.php?id=36297,,,,
"Riera, Gonzalo G.",3,1977,1984,0,,18,,,,,https://zbmath.org/authors/riera.gonzalo-g,,,,,
"Robbin, Joel William",3,2006,2008,0,,43,University of Wisconsin–Madison,,http://www.math.wisc.edu/~robbin/,https://mathscinet.ams.org/mathscinet/MRAuthorID/148830,https://zbmath.org/authors/robbin.joel-w,https://www.mathgenealogy.org/id.php?id=8036,,,,
"Rowley, Peter J.",3,1989,1998,0,,167,,,https://personalpages.manchester.ac.uk/staff/peter.j.rowley/,https://mathscinet.ams.org/mathscinet/MRAuthorID/151275,https://zbmath.org/authors/rowley.peter-j,https://www.mathgenealogy.org/id.php?id=85824,https://orcid.org/0000-0002-3044-7271,,,
"Ruberman, Daniel",3,1990,2017,0,,85,"Department of Mathematics, MS 050 Brandeis University Waltham, MA 02454",arXiv:2501.12673 (2025),,https://mathscinet.ams.org/mathscinet/MRAuthorID/192968,https://zbmath.org/authors/ruberman.daniel,https://www.mathgenealogy.org/id.php?id=31994,https://orcid.org/0000-0001-5126-6122,,,
"Rungi, Nicholas",3,2024,2025,0,,9,"Department of Mathematics, University of Turin, Italy",arXiv:2609.18436 (2026),https://sites.google.com/view/nicholasrungiwebpage/home-page,,https://zbmath.org/authors/rungi.nicholas,https://www.mathgenealogy.org/id.php?id=307524,,,,
"Röver, Claas E.",3,2008,2016,0,,14,"Department of Mathematics National University of Ireland, Galway University Road Galway Ireland",arXiv:1403.0026 (2014),,,https://zbmath.org/authors/rover.claas-e,,,,,
"Sabalka, Lucas",3,2005,2014,0,,16,St. Louis U.,,https://math.slu.edu/~lsabalka/,https://mathscinet.ams.org/mathscinet/MRAuthorID/749127,https://zbmath.org/authors/sabalka.lucas,https://www.mathgenealogy.org/id.php?id=98415,,,,
"Sako, Hiroki",3,2009,2020,0,,17,"Faculty of engineering, Niigata University, Niigata 950-2181, Japan",arXiv:2003.12732 (2020),,,https://zbmath.org/authors/sako.hiroki,,,,,
"Salamon, Dietmar Arno",3,2006,2008,0,,95,ETH Zürich,arXiv:2004.08659 (2020),,https://mathscinet.ams.org/mathscinet/MRAuthorID/153290,https://zbmath.org/authors/salamon.dietmar-a,https://www.mathgenealogy.org/id.php?id=26635,,https://en.wikipedia.org/wiki/Dietmar_Salamon,,ICM Invited Speaker (1994)
"Salles de Carvalho, André",3,2001,2021,0,,32,,,https://www.ime.usp.br/~andre/index.html https://www.ime.usp.br/~andre/,https://mathscinet.ams.org/mathscinet/MRAuthorID/652366,https://zbmath.org/authors/salles-de-carvalho.andre,https://www.mathgenealogy.org/id.php?id=35689,https://orcid.org/0000-0002-1673-1022,,,
"Salo, Ville O.",3,2019,2026,0,,105,"Department of Mathematics and Statistics, University of Turku, 20014 Turku, Finland",arXiv:2606.17757 (2026),http://www.villesalo.com/,https://mathscinet.ams.org/mathscinet/MRAuthorID/979053,https://zbmath.org/authors/salo.ville-o,https://www.mathgenealogy.org/id.php?id=195466,https://orcid.org/0000-0002-2059-194X,,,
"Saloff-Coste, Laurent",3,2011,2022,0,,202,"Math Department, Cornell University, 212 Garden Ave, Ithaca, 14853, NY, USA",arXiv:2608.00811 (2026),http://pi.math.cornell.edu/~lsc/lau.html,https://mathscinet.ams.org/mathscinet/MRAuthorID/153585,https://zbmath.org/authors/saloff-coste.laurent,https://www.mathgenealogy.org/id.php?id=68894,https://orcid.org/0000-0001-6285-1845,https://en.wikipedia.org/wiki/Laurent_Saloff-Coste,Rollo Davidson Prize (1994),ICM Invited Speaker (2022)
"Sambarino, Andrés",3,2015,2019,1,Inventiones Mathematicae: 1,19,CNRS - Université Sorbonne Paris Nord,arXiv:2602.20146 (2026),https://webusers.imj-prg.fr/~andres.sambarino/,,https://zbmath.org/authors/sambarino.andres,https://www.mathgenealogy.org/id.php?id=250800,,,,
"Sankaran, Parameswaran",3,2006,2024,0,,95,"Chennai Mathematical Institute, H1 SIPCOT IT Park, Siruseri, Kelambakkam 603103, Tamil Nadu, India",arXiv:2604.13544 (2026),http://www.imsc.res.in/~sankaran/,https://mathscinet.ams.org/mathscinet/MRAuthorID/154260,https://zbmath.org/authors/sankaran.parameswaran,https://www.mathgenealogy.org/id.php?id=43960,,,,
"Santoro, Diego",3,2024,2026,0,,6,"HUN-REN Alfréd Rényi Institute of Mathematics, Reáltanoda utca 13-15, 1053, Budapest, Hungary",arXiv:2606.27145 (2026),https://sites.google.com/view/santoro,,https://zbmath.org/authors/santoro.diego,https://www.mathgenealogy.org/id.php?id=315825,,,,
"Scannell, Kevin P.",3,2000,2002,1,Journal of the American Mathematical Society: 1,10,,,,,https://zbmath.org/authors/scannell.kevin-p,,,,,
"Schlage-Puchta, Jan-Christoph",3,2002,2023,0,,119,,,http://www.math.uni-rostock.de/~schlage-puchta/ZahlTheo.html,,https://zbmath.org/authors/schlage-puchta.jan-christoph,,,,,
"Schroll, Sibylle",3,2023,2025,0,,71,"Department Mathematik, Universität zu Köln, Weyertal 86-90, 50931 Köln, Germany",arXiv:2607.24942 (2026),https://sites.google.com/site/sibylleschroll/,https://mathscinet.ams.org/mathscinet/MRAuthorID/760778,https://zbmath.org/authors/schroll.sibylle,https://www.mathgenealogy.org/id.php?id=197438,https://orcid.org/0000-0001-9618-7647,https://en.wikipedia.org/wiki/Sibylle_Schroll,,ICM Invited Speaker (2026)
"Schumacher, Georg",3,1983,2010,1,Inventiones Mathematicae: 1,96,,,https://www.mathematik.uni-marburg.de/~schumac/,https://mathscinet.ams.org/mathscinet/MRAuthorID/193042,https://zbmath.org/authors/schumacher.georg,https://www.mathgenealogy.org/id.php?id=21447,,,,
"Schweigert, Christoph",3,2014,2023,0,,168,,,,https://mathscinet.ams.org/mathscinet/MRAuthorID/328535,https://zbmath.org/authors/schweigert.christoph,https://www.mathgenealogy.org/id.php?id=93174,https://orcid.org/0000-0003-1342-6230,,,ICM Invited Speaker (2006)
"Schütz, Dirk",3,2005,2009,0,,50,,,http://maths.dur.ac.uk/~dma0ds/,,https://zbmath.org/authors/schutz.dirk,https://www.mathgenealogy.org/id.php?id=49192,https://orcid.org/0000-0003-4520-5301,,,
"Seidel, Paul",3,2002,2006,1,Journal of the American Mathematical Society: 1,69,,,http://www-math.mit.edu/~seidel/,https://mathscinet.ams.org/mathscinet/MRAuthorID/613874,https://zbmath.org/authors/seidel.paul,https://www.mathgenealogy.org/id.php?id=93808,https://orcid.org/0000-0003-1628-1591,https://en.wikipedia.org/wiki/Paul_Seidel,EMS Prize (2000); Veblen Prize (2010),ICM Invited Speaker (2002)
"Sergiescu, Vlad",3,1991,2010,0,,23,,,,,https://zbmath.org/authors/sergiescu.vlad,,,,,
"Shapiro, Michael D.",3,1989,2019,1,Inventiones Mathematicae: 1,36,,,,https://mathscinet.ams.org/mathscinet/MRAuthorID/288778,https://zbmath.org/authors/shapiro.michael-d,https://www.mathgenealogy.org/id.php?id=7128,,,,
"Shapiro, Michael Z.",3,2008,2023,1,Acta Mathematica: 1,90,"Department of Mathematics, Michigan State University, East Lansing, MI 48823",arXiv:2603.12496 (2026),http://users.math.msu.edu/users/mshapiro/,https://mathscinet.ams.org/mathscinet/MRAuthorID/249594,https://zbmath.org/authors/shapiro.michael-z,https://www.mathgenealogy.org/id.php?id=61343,https://orcid.org/0000-0001-9698-6377,,,
"Shelukhin, Egor",3,2017,2026,0,,45,"Département de Mathématiques et de Statistique, Université de Montréal, C.P. 6128 Succ. Centre-Ville, Montreal (Québec), H3C 3J7, Canada",arXiv:2608.27242 (2026),https://sites.google.com/site/egorshel/ https://dms.umontreal.ca/repertoire-departement/professeurs/portrait/shelukhin,https://mathscinet.ams.org/mathscinet/MRAuthorID/909827,https://zbmath.org/authors/shelukhin.egor,https://www.mathgenealogy.org/id.php?id=173920,,,,
"Shields, Sandra L.",3,2002,2011,0,,17,,,http://shieldss.people.cofc.edu/,,https://zbmath.org/authors/shields.sandra-l,,,,,
"Shinkle, Emily",3,2020,2025,0,,4,"Department of Mathematics, University of Illinois, Urbana-Champaign, IL",arXiv:2212.13320 (2022),,,https://zbmath.org/authors/shinkle.emily,,,,,
"Shioya, Takashi",3,2004,2020,0,,55,"Mathematical Institute, Tohoku University, Sendai 980-8578, Japan",arXiv:2609.30700 (2026),,,https://zbmath.org/authors/shioya.takashi,,,,,
"Silberman, Lior",3,2003,2013,0,,20,,,,,https://zbmath.org/authors/silberman.lior,,,,,
"Silhol, Robert",3,2001,2007,0,,40,,,,,https://zbmath.org/authors/silhol.robert,,,,,
"Sipe, Patricia L.",3,1982,1991,0,,4,,,,https://mathscinet.ams.org/mathscinet/MRAuthorID/232204,https://zbmath.org/authors/sipe.patricia-l,https://www.mathgenealogy.org/id.php?id=7804,,,,
"Smith, Graham Andrew",3,2022,2025,0,,52,"Departamento de Matemática, PUC-Rio, Rua Marquês de São Vicente, 225, Rio de Janeiro, 22451-900, RJ, Brazil",arXiv:2609.29542 (2026),http://mat.puc-rio.br/~moriarty/,https://mathscinet.ams.org/mathscinet/MRAuthorID/741176,https://zbmath.org/authors/smith.graham-andrew,https://www.mathgenealogy.org/id.php?id=14116,,,,
"Song, Antoine",3,2023,2025,0,,23,,,https://sites.google.com/view/antoinesong/home,https://mathscinet.ams.org/mathscinet/MRAuthorID/1290116,https://zbmath.org/authors/song.antoine,https://www.mathgenealogy.org/id.php?id=252005,,https://en.wikipedia.org/wiki/Antoine_Song,,
"Squier, Craig C.",3,1984,1988,0,,20,,,,,https://zbmath.org/authors/squier.craig-c,,,,,
"Stadler, Stephan",3,2022,2026,0,,23,Max Planck Institute for Mathematics Vivatsgasse 7 53111 Bonn Germany,arXiv:2506.04882 (2025),,,https://zbmath.org/authors/stadler.stephan,,,,,
"Stalder, Yves",3,2008,2012,0,,17,"U. Blaise Pascal, France",,https://lmbp.uca.fr/~stalder/Perso/Research.html https://math.univ-bpclermont.fr/~stalder/,https://mathscinet.ams.org/mathscinet/MRAuthorID/700989,https://zbmath.org/authors/stalder.yves,https://www.mathgenealogy.org/id.php?id=94923,https://orcid.org/0000-0001-5371-3168,,,
"Sullivan, Dennis Parnell",3,1992,1998,1,Acta Mathematica: 1,163,,,https://www.math.stonybrook.edu/~dennis/,https://mathscinet.ams.org/mathscinet/MRAuthorID/168805,https://zbmath.org/authors/sullivan.dennis-p,https://www.mathgenealogy.org/id.php?id=1472,,https://en.wikipedia.org/wiki/Dennis_Sullivan,Veblen Prize (1971); King Faisal Prize (1994); Wolf Prize (2010); Abel Prize (2022),"ICM Plenary Speaker (1974); ICM Invited Speaker (1970, 1986)"
"Swoboda, Jan",3,2017,2024,0,,20,"Department of Mathematics for Engineering Universität der Bundeswehr München, 95579 Neubiberg, Germany",arXiv:2603.17020 (2026),https://www.unibw.de/bw/professuren/prof-dr-jan-swoboda,https://mathscinet.ams.org/mathscinet/MRAuthorID/905743,https://zbmath.org/authors/swoboda.jan,https://www.mathgenealogy.org/id.php?id=135130,,,,
"Takase, Masamichi",3,2002,2012,0,,18,,,,,https://zbmath.org/authors/takase.masamichi,,,,,
"Takhtajan, Leon Armenovich",3,2006,2019,0,,125,"Department of Mathematics, Stony Brook University, Stony Brook, NY 11794 USA, Euler International Mathematical Institute, Pesochnaya Nab.…",arXiv:2502.10210 (2025),http://www.math.stonybrook.edu/~leontak/ http://www.math.sunysb.edu/~leontak/,https://mathscinet.ams.org/mathscinet/MRAuthorID/200921,https://zbmath.org/authors/takhtajan.leon-a,https://www.mathgenealogy.org/id.php?id=55068,,https://en.wikipedia.org/wiki/Leon_Takhtajan,,
"Tang, ShuAn",3,2020,2025,0,,37,,,,,https://zbmath.org/authors/tang.shuan,,,,,
"Tarantello, Gabriella",3,2023,2026,0,,77,,,https://www.mat.uniroma2.it/~tarantel/,https://mathscinet.ams.org/mathscinet/MRAuthorID/170800,https://zbmath.org/authors/tarantello.gabriella,https://www.mathgenealogy.org/id.php?id=33532,,https://en.wikipedia.org/wiki/Gabriella_Tarantello,,ICM Invited Speaker (2022)
"Tarocchi, Matteo",3,2024,2025,0,,11,,,https://sites.google.com/view/tarocchi-math/,,https://zbmath.org/authors/tarocchi.matteo,,https://orcid.org/0000-0003-3668-4654,,,
"Taylor, Edward C.",3,1999,2008,0,,24,Wesleyan U.,,http://ectaylor.web.wesleyan.edu/ https://ectaylor.web.wesleyan.edu/,https://mathscinet.ams.org/mathscinet/MRAuthorID/622181,https://zbmath.org/authors/taylor.edward-c,https://www.mathgenealogy.org/id.php?id=1251,,,,
"Teo, Lee-Peng",3,2007,2017,0,,69,"Department of Mathematics, Xiamen University Malaysia Jalan Sunsuria, Bandar Sunsuria, 43900, Sepang, Selangor, Malaysia",arXiv:2511.09782 (2025),,,https://zbmath.org/authors/teo.lee-peng,,,,,
"Thistlethwaite, Morwen B.",3,2007,2014,0,,34,"Department of Mathematics, University of Tennessee, Knoxville, TN 37996",arXiv:1108.0510 (2011),,,https://zbmath.org/authors/thistlethwaite.morwen-b,,,,,
"Tian, Yin",3,2014,2024,0,,23,"School of Mathematical Sciences, Beijing Normal University, Laboratory of Mathematics and Complex Systems, Ministry of Education, Beijing…",arXiv:2609.23638 (2026),,,https://zbmath.org/authors/tian.yin,,,,,
"Torres-Teigell, David",3,2018,2020,0,,13,"Departamento de Matemáticas, Universidad Autónoma de Madrid, 28049 Madrid, Spain",arXiv:1906.07442 (2019),https://verso.mat.uam.es/~david.torres/index.html,https://mathscinet.ams.org/mathscinet/MRAuthorID/954847,https://zbmath.org/authors/torres-teigell.david,https://www.mathgenealogy.org/id.php?id=169144,https://orcid.org/0000-0002-0709-6194,,,
"Tosun, Bülent",3,2012,2020,0,,17,Department of Mathematics University of Alabama Tuscaloosa AL,arXiv:2512.04278 (2025),,https://mathscinet.ams.org/mathscinet/MRAuthorID/990741,https://zbmath.org/authors/tosun.bulent,https://www.mathgenealogy.org/id.php?id=172483,,,,
"Tošić, Ognjen",3,2024,2025,0,,7,,,,,https://zbmath.org/authors/tosic.ognjen,,,,,
"Trin, Marie",3,2024,2025,0,,5,Max-Plank-Institut für Mathematik in den Naturwissenschaften,arXiv:2605.03833 (2026),,,https://zbmath.org/authors/trin.marie,,,,,
"Ulcigrai, Corinna",3,2015,2019,0,,41,,,https://www.math.uzh.ch/index.php?id=people&key1=14302,https://mathscinet.ams.org/mathscinet/MRAuthorID/775315,https://zbmath.org/authors/ulcigrai.corinna,https://www.mathgenealogy.org/id.php?id=174125,,https://en.wikipedia.org/wiki/Corinna_Ulcigrai,EMS Prize (2012); Whitehead Prize (2013),ICM Invited Speaker (2022)
"Ulirsch, Martin",3,2015,2021,0,,30,"Institut für Mathematik, Universität Paderborn, 33098 Paderborn, Germany",arXiv:2511.05422 (2025),https://www.martinulirsch.net/,https://mathscinet.ams.org/mathscinet/MRAuthorID/1106925,https://zbmath.org/authors/ulirsch.martin,https://www.mathgenealogy.org/id.php?id=199321,https://orcid.org/0000-0001-8481-7947,,,
"Valette, Alain",3,2012,2017,0,,120,"U. Neuchatel, Switzerland",,https://www.unine.ch/math/biographie/alain-valette https://www2.unine.ch/math/page7859.html,,https://zbmath.org/authors/valette.alain,,,,,
"Valiunas, Motiejus",3,2021,2024,0,,21,"Instytut Matematyczny, Uniwersytet Wrocławski, plac Grunwaldzki 2, 50-384 Wrocław, Poland",arXiv:2511.20787 (2025),https://valiunas.wordpress.com/,,https://zbmath.org/authors/valiunas.motiejus,https://www.mathgenealogy.org/id.php?id=275738,https://orcid.org/0000-0003-1519-6643,,,
"Varjú, Péter Pál",3,2012,2019,0,,41,,,https://www.dpmms.cam.ac.uk/people/pv270/,,https://zbmath.org/authors/varju.peter-pal,https://www.mathgenealogy.org/id.php?id=239949,,https://en.wikipedia.org/wiki/P%C3%A9ter_Varj%C3%BA,EMS Prize (2016); Whitehead Prize (2018),ICM Invited Speaker (2022)
"Vershinin, Vladimir V.",3,1998,2012,0,,94,"Institut Montpelliérain Alexander Grothendieck, Université de Montpellier, Place Eugène Bataillon, 34095 Montpellier cedex 5, France",arXiv:2311.00881 (2023),,,https://zbmath.org/authors/vershinin.vladimir-v,,,,,
"Wagner, Neal R.",3,1971,1974,0,,13,,,,,https://zbmath.org/authors/wagner.neal-r,,,,,
"Walker, Kevin",3,2002,2010,1,Journal of the American Mathematical Society: 1,22,,,http://canyon23.net/math/,https://mathscinet.ams.org/mathscinet/MRAuthorID/270777,https://zbmath.org/authors/walker.kevin,https://www.mathgenealogy.org/id.php?id=32001,,,,
"Wand, Andy",3,2012,2026,1,Annals of Mathematics: 1,13,"School of Mathematics and Statistics, University of Glasgow",arXiv:2502.02403 (2025),,https://mathscinet.ams.org/mathscinet/MRAuthorID/971938,https://zbmath.org/authors/wand.andy,https://www.mathgenealogy.org/id.php?id=159563,,,,
"Wang, Jane",3,2022,2024,0,,12,,,https://sites.google.com/view/jane-wang/about,https://mathscinet.ams.org/mathscinet/MRAuthorID/1094494,https://zbmath.org/authors/wang.jane,https://www.mathgenealogy.org/id.php?id=249249,,,,
"Wang, Zhihao",3,2025,2026,0,,23,,,https://sites.google.com/rug.nl/zhihao,,https://zbmath.org/authors/wang.zhihao,,,,,
"Watanabe, Yohsuke",3,2016,2020,0,,7,,,,,https://zbmath.org/authors/watanabe.yohsuke,,,,,
"Wemyss, Michael",3,2018,2022,0,,40,University of Glasgow,,https://www.maths.gla.ac.uk/~mwemyss/,https://mathscinet.ams.org/mathscinet/MRAuthorID/893224,https://zbmath.org/authors/wemyss.michael,https://www.mathgenealogy.org/id.php?id=176275,https://orcid.org/0000-0003-4760-7750,,,ICM Invited Speaker (2026)
"Wenger, Stefan",3,2011,2020,0,,41,"Department of Mathematics, University of Fribourg, Chemin du Musée 23, 1700 Fribourg, Switzerland",arXiv:2603.05246 (2026),http://homeweb.unifr.ch/wengerst/pub/ https://homeweb.unifr.ch/wengerst/pub/,https://mathscinet.ams.org/mathscinet/MRAuthorID/764752,https://zbmath.org/authors/wenger.stefan,https://www.mathgenealogy.org/id.php?id=116593,https://orcid.org/0000-0003-3645-105X,,,ICM Invited Speaker (2014)
"Wilkes, Gareth",3,2016,2022,0,,19,,,,,https://zbmath.org/authors/wilkes.gareth,,,,,
"Will, Pierre",3,2007,2017,0,,18,,,,https://mathscinet.ams.org/mathscinet/MRAuthorID/756450,https://zbmath.org/authors/will.pierre,https://www.mathgenealogy.org/id.php?id=112825,,,,
"Wong, Peter N.-S.",3,2003,2009,0,,94,"Department of Mathematics, Bates College, Lewiston, ME 04240, U.S.A",arXiv:2606.16039 (2026),https://www.bates.edu/mathematics/faculty-profile/peter-n-wong/ https://abacus.bates.edu/acad/depts/math/wong.html,https://mathscinet.ams.org/mathscinet/MRAuthorID/251047,https://zbmath.org/authors/wong.peter-n-s,https://www.mathgenealogy.org/id.php?id=11388,https://orcid.org/0000-0002-0094-3653,,,
"Wysocki, Krzysztof",3,1995,1999,0,,31,,,,,https://zbmath.org/authors/wysocki.krzysztof,,,,,
"Yadin, Ariel",3,2017,2026,0,,40,Ben-Gurion University of the Negev,arXiv:2604.21142 (2026),,https://mathscinet.ams.org/mathscinet/MRAuthorID/815741,https://zbmath.org/authors/yadin.ariel,https://www.mathgenealogy.org/id.php?id=190839,https://orcid.org/0000-0002-1334-5521,,,
"Yaman, Aslı",3,2004,2008,0,,5,"U. Provence, France",,https://www.latp.univ-mrs.fr/~ayaman/,,https://zbmath.org/authors/yaman.asli,,,,,
"Yang, Guoqiu",3,2009,2009,0,,13,,,,,https://zbmath.org/authors/yang.guoqiu,,,,,
"Yao, Guowu",3,2004,2019,0,,47,,,,,https://zbmath.org/authors/yao.guowu,,,,,
"Yau, Shing-Tung",3,1987,2005,0,,938,"Y.-H. He London Institute for Mathematical Sciences, Royal Institution, London, W1S 4BS, UK",arXiv:2609.29426 (2026),https://www.math.harvard.edu/people/yau-shing-tung/,https://mathscinet.ams.org/mathscinet/MRAuthorID/185480,https://zbmath.org/authors/yau.shing-tung,https://www.mathgenealogy.org/id.php?id=18758,https://orcid.org/0000-0003-3394-2187,https://en.wikipedia.org/wiki/Shing-Tung_Yau,Veblen Prize (1981); Fields Medal (1982); MacArthur Fellowship (1984); Crafoord Prize (1994); Wolf Prize (2010); Shaw Prize (2023),ICM Plenary Speaker (1978)
"Yazdi, Mehdi",3,2018,2023,1,Acta Mathematica: 1,12,Department of Mathematics King’s College London,arXiv:2604.08096 (2026),https://yazdi6.wixsite.com/mehdi-yazdi,,https://zbmath.org/authors/yazdi.mehdi,https://www.mathgenealogy.org/id.php?id=225382,https://orcid.org/0000-0002-2831-6651,,,
"Yokota, Yoshiyuki",3,2007,2018,0,,26,"Department of Mathematics, Tokyo Metropolitan University, Tokyo 192-0397, Japan",arXiv:math/0401084 (2004),,,https://zbmath.org/authors/yokota.yoshiyuki,,,,,
"Yoon, Seokbeom",3,2020,2024,0,,22,"Department of Mathematics, Center for Quantum Computing Chonnam National University Gwangju, South Korea…",arXiv:2609.22708 (2026),https://sites.google.com/view/seokbeom,,https://zbmath.org/authors/yoon.seokbeom,,,,,
"Zagier, Don",3,2016,2020,2,Journal of the American Mathematical Society: 1; Inventiones Mathematicae: 1,222,,,https://people.mpim-bonn.mpg.de/zagier/,https://mathscinet.ams.org/mathscinet/MRAuthorID/186205,https://zbmath.org/authors/zagier.don-bernard,https://www.mathgenealogy.org/id.php?id=24048,,https://en.wikipedia.org/wiki/Don_Zagier,,
"Zehnder, Eduard J.",3,1995,1999,0,,88,"ETH Zürich, Switzerland",arXiv:1906.08618 (2019),,https://mathscinet.ams.org/mathscinet/MRAuthorID/186815,https://zbmath.org/authors/zehnder.eduard-j,https://www.mathgenealogy.org/id.php?id=44119,,https://en.wikipedia.org/wiki/Eduard_Zehnder,,ICM Invited Speaker (1986)
"Zeitlin, Anton M.",3,2018,2023,0,,57,,,,https://mathscinet.ams.org/mathscinet/MRAuthorID/707115,https://zbmath.org/authors/zeitlin.anton-m,https://www.mathgenealogy.org/id.php?id=165953,,,,
"Zhou, Qing",3,2000,2002,0,,40,E. China Normal U.,,https://math.ecnu.edu.cn/~qzhou/intro_c.html?language=2&id=140 https://www.math.ecnu.edu.cn/~qzhou/intro.html,,https://zbmath.org/authors/zhou.qing.1,,,,,
"Zhu, Anqiang",3,2013,2020,0,,33,"School of Mathematics and Statistics, Wuhan University, Wuhan 430072, China",arXiv:2608.08748 (2026),,,https://zbmath.org/authors/zhu.anqiang,,,,,
"Zhu, Feng",3,2021,2025,0,,28,University of Wisconsin-Madison,arXiv:2607.25773 (2026),https://sites.google.com/view/zhufeng-math,,https://zbmath.org/authors/zhu.feng,https://www.mathgenealogy.org/id.php?id=267021,,,,
"de Pool, Rodrigo",3,2025,2025,0,,7,"Department of Mathematics, University of Notre Dame, South Bend, Indiana, United States of America",arXiv:2607.05826 (2026),,,https://zbmath.org/authors/de-pool.rodrigo,,,,,
"van Horn-Morris, Jeremy",3,2012,2018,0,,20,"Department of Mathematical Sciences, University of Arkansas",arXiv:2502.02403 (2025),,https://mathscinet.ams.org/mathscinet/MRAuthorID/917877,https://zbmath.org/authors/van-horn-morris.jeremy,https://www.mathgenealogy.org/id.php?id=139457,,,,
"Łuczak, Tomasz",3,2014,2017,0,,193,,,http://tomasz.home.amu.edu.pl/ http://www.staff.amu.edu.pl/~tomasz/,https://mathscinet.ams.org/mathscinet/MRAuthorID/116660,https://zbmath.org/authors/luczak.tomasz,https://www.mathgenealogy.org/id.php?id=154490,https://orcid.org/0000-0002-3517-9034,https://en.wikipedia.org/wiki/Tomasz_%C5%81uczak,EMS Prize (1992),
"Abdulrahim, Mohammad N.",2,1997,1997,0,,54,,,,,https://zbmath.org/authors/abdulrahim.mohammad-n,,,,,
"Abrams, Aaron D.",2,2005,2013,0,,34,U. Virginia,,https://datascience.virginia.edu/people/aaron-abrams,https://mathscinet.ams.org/mathscinet/MRAuthorID/619839,https://zbmath.org/authors/abrams.aaron-d,https://www.mathgenealogy.org/id.php?id=46272,https://orcid.org/0000-0002-2557-3003,,,
"Accola, Robert D. M.",2,1981,1984,0,,32,,,,https://mathscinet.ams.org/mathscinet/MRAuthorID/22760,https://zbmath.org/authors/accola.robert-d-m,https://www.mathgenealogy.org/id.php?id=4640,,,,
"Adeboye, Ilesanmi",2,2008,2012,0,,6,Wesleyan University,,,https://mathscinet.ams.org/mathscinet/MRAuthorID/841905,https://zbmath.org/authors/adeboye.ilesanmi,https://www.mathgenealogy.org/id.php?id=126338,,,,
"Afton, Santana F.",2,2021,2026,0,,3,"School of Mathematics Georgia Institute of Technology Atlanta, Georgia, USA",arXiv:2002.09760 (2020),,,https://zbmath.org/authors/afton.santana-f,,,,,
"Akhmedov, Anar",2,2008,2020,0,,41,,,http://www.math.umn.edu/~akhmedov/,https://mathscinet.ams.org/mathscinet/MRAuthorID/807042,https://zbmath.org/authors/akhmedov.anar,https://www.mathgenealogy.org/id.php?id=98775,,,,
"Almgren, Frederick Justin jun.",2,1965,1977,1,Annals of Mathematics: 1,65,,,,https://mathscinet.ams.org/mathscinet/MRAuthorID/232140,https://zbmath.org/authors/almgren.frederick-j-jun,https://www.mathgenealogy.org/id.php?id=4367,,https://en.wikipedia.org/wiki/Frederick_J._Almgren_Jr.,,ICM Invited Speaker (1970)
"Altshuler, Amos",2,1981,1986,0,,35,,,,,https://zbmath.org/authors/altshuler.amos,,,,,
"Amrutam, Tattwamasi",2,2021,2025,1,Inventiones Mathematicae: 1,31,,,,,https://zbmath.org/authors/amrutam.tattwamasi,,,,,
"Anderson, Michael T.",2,2002,2003,0,,96,Stony Brook University,,https://www.math.stonybrook.edu/~anderson/,https://mathscinet.ams.org/mathscinet/MRAuthorID/191964,https://zbmath.org/authors/anderson.michael-t,https://www.mathgenealogy.org/id.php?id=32072,,https://en.wikipedia.org/wiki/Michael_T._Anderson,,ICM Invited Speaker (1994)
"Anghel, Cristina Ana-Maria",2,2021,2025,0,,19,"Laboratoire de mathématiques Blaise Pascal, Université Clermont-Auvergne, Campus des Cézeaux 3, place Vasarely, 63178 Aubière, France…",arXiv:2601.08805 (2026),,,https://zbmath.org/authors/anghel.cristina-ana-maria,,,,,
"Asada, Mamoru",2,1995,1995,0,,20,,,,,https://zbmath.org/authors/asada.mamoru,,,,,
"Ascari, Dario",2,2024,2024,0,,14,"Department of Mathematics, University of the Basque Country",arXiv:2508.03231 (2025),,,https://zbmath.org/authors/ascari.dario,,,,,
"Ashcroft, Calum James",2,2023,2023,0,,8,,,,,https://zbmath.org/authors/ashcroft.calum-james,,,,,
"Astala, Kari",2,1990,1991,0,,84,,,http://math.aalto.fi/en/people/kari.astala,https://mathscinet.ams.org/mathscinet/MRAuthorID/27885,https://zbmath.org/authors/astala.kari,https://www.mathgenealogy.org/id.php?id=57097,https://orcid.org/0000-0002-1540-6463,https://en.wikipedia.org/wiki/Kari_Astala,Salem Prize (1994),ICM Invited Speaker (1998)
"Astorg, Matthieu",2,2017,2019,1,Inventiones Mathematicae: 1,16,,,,,https://zbmath.org/authors/astorg.matthieu,,,,,
"Audoux, Benjamin",2,2005,2018,0,,23,,,,https://mathscinet.ams.org/mathscinet/MRAuthorID/773798,https://zbmath.org/authors/audoux.benjamin,https://www.mathgenealogy.org/id.php?id=119210,,,,
"Auinger, Karl",2,2017,2025,0,,85,"Fakultät für Mathematik, Universität Wien, Oskar-Morgenstern-Platz 1, A-1090 Wien, Austria",arXiv:2507.11685 (2025),,https://mathscinet.ams.org/mathscinet/MRAuthorID/238865,https://zbmath.org/authors/auinger.karl,https://www.mathgenealogy.org/id.php?id=123059,,,,
"Ba, Idrissa",2,2025,2026,0,,8,Department of Mathematics Marianopolis College Westmount QC H3Y 1X9,arXiv:2204.09458 (2022),,,https://zbmath.org/authors/ba.idrissa,,,,,
"Baker, Owen",2,2013,2020,0,,4,"Department of Mathematics, 900 University Avenue, University of California, Riverside, CA 92521, USA",arXiv:1209.0815 (2012),,,https://zbmath.org/authors/baker.owen,,,,,
"Balacheff, Florent",2,2019,2023,0,,32,"Universitat Autònoma de Barcelona and Centre de Recerca Matemàtica, 08193 Bellaterra, Spain",arXiv:2407.07198 (2024),,https://mathscinet.ams.org/mathscinet/MRAuthorID/759115,https://zbmath.org/authors/balacheff.florent,https://www.mathgenealogy.org/id.php?id=106014,,,,
"Banchoff, Thomas F.",2,1974,1974,0,,73,,,http://www.math.brown.edu/~banchoff/,https://mathscinet.ams.org/mathscinet/MRAuthorID/30370,https://zbmath.org/authors/banchoff.thomas-f,https://www.mathgenealogy.org/id.php?id=9440,https://orcid.org/0000-0003-2485-9568,https://en.wikipedia.org/wiki/Thomas_Banchoff,,ICM Invited Speaker (1978)
"Bar-Natan, Assaf",2,2020,2023,0,,9,,,http://www.math.toronto.edu/safibn/,,https://zbmath.org/authors/bar-natan.assaf,,https://orcid.org/0000-0002-2715-788X,,,
"Barge, Jean",2,1988,2024,1,Inventiones Mathematicae: 1,19,,,,,https://zbmath.org/authors/barge.jean,,,,,
"Barnard, Josh",2,2007,2012,0,,5,U. South Alabama,,https://www.southalabama.edu/mathstat/personal_pages/jbarnard/,https://mathscinet.ams.org/mathscinet/MRAuthorID/793669,https://zbmath.org/authors/barnard.josh,https://www.mathgenealogy.org/id.php?id=88641,,,,
"Barnette, David W.",2,1988,1989,0,,75,"University of California, Davis (former)",,,https://mathscinet.ams.org/mathscinet/MRAuthorID/31460,https://zbmath.org/authors/barnette.david-w,https://www.mathgenealogy.org/id.php?id=28135,,,,
"Bass, Hyman",2,1990,1994,1,Journal of the American Mathematical Society: 1,122,University of Michigan,,http://www.soe.umich.edu/people/profile/hyman_bass/,https://mathscinet.ams.org/mathscinet/MRAuthorID/32265,https://zbmath.org/authors/bass.hyman,https://www.mathgenealogy.org/id.php?id=6486,https://orcid.org/0000-0002-5730-7164,https://en.wikipedia.org/wiki/Hyman_Bass,,ICM Invited Speaker (1974)
"Basu, Riddhipratim",2,2022,2026,0,,50,"International Centre for Theoretical Sciences, Tata Institute of Fundamental Research, Bengaluru, India",arXiv:2607.25567 (2026),,,https://zbmath.org/authors/basu.riddhipratim,,,,,
"Batterson, Steve",2,1981,1981,1,Inventiones Mathematicae: 1,29,,,,,https://zbmath.org/authors/batterson.steve,,,,,
"Bauer, Ingrid C.",2,2010,2011,1,Inventiones Mathematicae: 1,53,,,,,https://zbmath.org/authors/bauer.ingrid-c,,,,,
"Bauer, Max",2,1992,1992,0,,5,,,https://perso.univ-rennes1.fr/maximilian.bauer/,https://mathscinet.ams.org/mathscinet/MRAuthorID/307005,https://zbmath.org/authors/bauer.max,https://www.mathgenealogy.org/id.php?id=8928,,,,
"Baumeister, Barbara",2,2017,2019,0,,56,"Fakultät für Mathematik Universität Bielefeld, Postfach 10 01 31, 33501 Bielefeld, Germany",arXiv:2607.14369 (2026),https://www.math.uni-bielefeld.de/~baumeist/,https://mathscinet.ams.org/mathscinet/MRAuthorID/350609,https://zbmath.org/authors/baumeister.barbara,https://www.mathgenealogy.org/id.php?id=29003,,,,
"Behrens, Stefan",2,2013,2016,0,,15,"Department of Mathematics, Utrecht University, 3508 TA Utrecht, The Netherlands",arXiv:1706.09207 (2017),https://www.math.uni-bielefeld.de/~sbehrens/,https://mathscinet.ams.org/mathscinet/MRAuthorID/1031623,https://zbmath.org/authors/behrens.stefan,https://www.mathgenealogy.org/id.php?id=202589,,,,
"Belgun, Florin Alexandru",2,2001,2003,0,,21,,,,,https://zbmath.org/authors/belgun.florin-alexandru,,,,,
"Bell, Mark Christopher",2,2017,2019,0,,16,,,http://math.illinois.edu/~mcbell/,https://mathscinet.ams.org/mathscinet/MRAuthorID/1229922,https://zbmath.org/authors/bell.mark-c,https://www.mathgenealogy.org/id.php?id=199194,,,,
"Ben-Zvi, Michael",2,2021,2022,0,,5,,,,,https://zbmath.org/authors/ben-zvi.michael,,,,,
"Benjamini, Itai",2,2012,2021,0,,203,Weizmann Institute of Science,,,https://mathscinet.ams.org/mathscinet/MRAuthorID/311800,https://zbmath.org/authors/benjamini.itai,https://www.mathgenealogy.org/id.php?id=58615,,https://en.wikipedia.org/wiki/Itai_Benjamini,Rollo Davidson Prize (2004),ICM Invited Speaker (2010)
"Bennett, Hanna",2,2008,2011,0,,3,U. Michigan,,https://www.math.lsa.umich.edu/~hbennett,https://mathscinet.ams.org/mathscinet/MRAuthorID/840120,https://zbmath.org/authors/bennett.hanna,https://www.mathgenealogy.org/id.php?id=140432,,,,
"Bensaid, Oussama",2,2025,2026,0,,9,,,https://sites.google.com/view/oussamabensaid,,https://zbmath.org/authors/bensaid.oussama,https://www.mathgenealogy.org/id.php?id=296491,https://orcid.org/0009-0000-2741-9571,,,
"Bertola, Marco",2,2021,2023,0,,126,,,https://www.concordia.ca/faculty/marco-bertola.html,https://mathscinet.ams.org/mathscinet/MRAuthorID/654554,https://zbmath.org/authors/bertola.marco,https://www.mathgenealogy.org/id.php?id=51293,https://orcid.org/0000-0001-7945-925X,,,
"Bing, R. H.",2,1978,1978,0,,101,,,http://www.ams.org/about-us/presidents/44-bing,https://mathscinet.ams.org/mathscinet/MRAuthorID/198713,https://zbmath.org/authors/bing.r-h,https://www.mathgenealogy.org/id.php?id=305,,https://en.wikipedia.org/wiki/R._H._Bing,,ICM Invited Speaker (1962)
"Birget, Jean-Camille",2,2002,2002,2,Annals of Mathematics: 2,64,,,,,https://zbmath.org/authors/birget.jean-camille,,,,,
"Biss, Daniel K.",2,2006,2009,2,Inventiones Mathematicae: 2,19,University of Chicago (former),,https://www.danielbiss.com/,https://mathscinet.ams.org/mathscinet/MRAuthorID/632214,https://zbmath.org/authors/biss.daniel-k,https://www.mathgenealogy.org/id.php?id=67217,,https://en.wikipedia.org/wiki/Daniel_Biss,,
"Biswas, Kingshook",2,2012,2012,0,,37,,,,,https://zbmath.org/authors/biswas.kingshook,,,,,
"Bižaca, Žarko",2,1994,1995,0,,6,,,,,https://zbmath.org/authors/bizaca.zarko,,,,,
"Bloch, Ethan D.",2,1985,1985,0,,22,,,,,https://zbmath.org/authors/bloch.ethan-d,,,,,
"Bobb, Martin D.",2,2019,2021,0,,4,"Department of Mathematics,•••••••• The University of Texas at Austin, 2515 Speedway, RLM 8.100, Austin, TX 78712",arXiv:2001.11096 (2020),,,https://zbmath.org/authors/bobb.martin-d,,,,,
"Bodart, Corentin",2,2024,2026,0,,15,"Département de Mathématiques, Université du Luxembourg, Luxembourg",arXiv:2609.35251 (2026),https://sites.google.com/view/corentin-bodart,,https://zbmath.org/authors/bodart.corentin,,https://orcid.org/0000-0001-9911-7062,,,
"Bogliolo, Elena",2,2025,2026,0,,2,"Dipartimento di Matematica, Università di Pisa, Italy",arXiv:2412.15463 (2024),,,https://zbmath.org/authors/bogliolo.elena,,,,,
"Bohr, Christian",2,2002,2002,0,,12,Mathematisches Institut Theresienstr. 39 80333 München Germany,arXiv:math/0105224 (2001),,https://mathscinet.ams.org/mathscinet/MRAuthorID/641858,https://zbmath.org/authors/bohr.christian,https://www.mathgenealogy.org/id.php?id=96163,,,,
"Boldsen, Søren Kjærgaard",2,2012,2012,0,,3,,,,,https://zbmath.org/authors/boldsen.soren-kjaergaard,,,,,
"Bonnot, Sylvain",2,2007,2021,0,,12,Departamento de Matemática IME-USP Rua Do Matão 1010 Cidade Universitária 05508-090 São Paulo SP Brazil,arXiv:1902.05513 (2019),https://www.ime.usp.br/~sylvain/,https://mathscinet.ams.org/mathscinet/MRAuthorID/755018,https://zbmath.org/authors/bonnot.sylvain,https://www.mathgenealogy.org/id.php?id=121986,https://orcid.org/0000-0003-4852-1094,,,
"Borot, Gaëtan",2,2023,2023,0,,58,"Institut für Mathematik und Institut für Physik, Humboldt-Universität zu Berlin, 10099 Berlin, Germany",arXiv:2608.00117 (2026),https://www.mathematik.hu-berlin.de/de/forschung/forschungsgebiete/mathematische-physik/borot-mp-homepage,https://mathscinet.ams.org/mathscinet/MRAuthorID/920038,https://zbmath.org/authors/borot.gaetan,https://www.mathgenealogy.org/id.php?id=169973,https://orcid.org/0000-0002-9861-2018,,,
"Bouw, Irene I.",2,2010,2010,1,Annals of Mathematics: 1,37,,,,,https://zbmath.org/authors/bouw.irene-i,,,,,
"Boyer, Adrien",2,2019,2025,0,,14,Université de Paris Cité - Paris - France,arXiv:2302.13716 (2023),,,https://zbmath.org/authors/boyer.adrien,,,,,
"Brick, Stephen G.",2,1993,1995,0,,13,U. South Alabama,,https://www.southalabama.edu/mathstat/personal_pages/brick/,,https://zbmath.org/authors/brick.stephen-g,,,,,
"Brin, Matthew G.",2,1985,2010,0,,33,SUNY - Binghamton,,https://www.math.binghamton.edu/matt/,,https://zbmath.org/authors/brin.matthew-g,,,,,
"Brodzki, Jacek",2,2007,2015,0,,41,,,,,https://zbmath.org/authors/brodzki.jacek,,,,,
"Broughton, S. Allen",2,1993,2007,0,,34,,,,,https://zbmath.org/authors/broughton.s-allen,,,,,
"Brown, Edward M.",2,1974,1979,0,,13,,,,,https://zbmath.org/authors/brown.edward-m,,,,,
"Brown, Morton",2,1977,1982,0,,37,University of Michigan,,,https://mathscinet.ams.org/mathscinet/MRAuthorID/201489,https://zbmath.org/authors/brown.morton,https://www.mathgenealogy.org/id.php?id=667,,https://en.wikipedia.org/wiki/Morton_Brown,Veblen Prize (1966),
"Brown, Robert F.",2,1993,2004,0,,91,,,http://www.math.ucla.edu/~rfb/,,https://zbmath.org/authors/brown.robert-f,,,,,
"Brown, Ronald",2,1987,1989,0,,146,University of Liverpool,,http://pages.bangor.ac.uk/~mas010/,https://mathscinet.ams.org/mathscinet/MRAuthorID/196697,https://zbmath.org/authors/brown.ronald,https://www.mathgenealogy.org/id.php?id=42712,,https://en.wikipedia.org/wiki/Ronald_Brown_(mathematician),,
"Brum, Joaquin",2,2018,2022,0,,13,"IMERL, Facultad de Ingeniería, Universidad de la República, Julio Herrera y Reissig 565, Montevideo, Uruguay",arXiv:2605.13406 (2026),https://www.fing.edu.uy/es/node/41160,,https://zbmath.org/authors/brum.joaquin,,,,,
"Brunat, Olivier",2,2014,2017,0,,29,Université Paris Cité Institut de mathématiques de Jussieu – Paris Rive Gauche UFR de mathématiques Case 7012 75205 Paris Cedex 13 France,arXiv:2609.15244 (2026),,https://mathscinet.ams.org/mathscinet/MRAuthorID/740465,https://zbmath.org/authors/brunat.olivier,https://www.mathgenealogy.org/id.php?id=136675,,,,
"Brunner, Andrew Michael",2,1982,2010,0,,29,"Department of Mathematics, University of Wisconsin-Parkside, Kenosha, Wisconsin 53141-2000",arXiv:0906.3450 (2009),,https://mathscinet.ams.org/mathscinet/MRAuthorID/42525,https://zbmath.org/authors/brunner.andrew-michael,https://www.mathgenealogy.org/id.php?id=57318,,,,
"Bud, Andrei",2,2021,2021,0,,14,,,https://www.math.hu-berlin.de/~budviore/,,https://zbmath.org/authors/bud.andrei,,,,,
"Budney, Ryan David",2,2001,2010,0,,22,University of Victoria,,http://rybu.org/,https://mathscinet.ams.org/mathscinet/MRAuthorID/688902,https://zbmath.org/authors/budney.ryan-d,https://www.mathgenealogy.org/id.php?id=61718,https://orcid.org/0000-0003-4514-9354,,,
"Bujalance, Emilio",2,2003,2005,0,,121,National University of Distance Education,,,https://mathscinet.ams.org/mathscinet/MRAuthorID/43085,https://zbmath.org/authors/bujalance.emilio,https://www.mathgenealogy.org/id.php?id=137984,https://orcid.org/0000-0002-3407-8936,,,
"Bullock, Doug",2,1997,1999,0,,15,,,,,https://zbmath.org/authors/bullock.doug,,,,,
"Burton, Stephan D.",2,2014,2017,0,,6,"Department of Mathematics, Michigan State University, E Lansing, MI 48824",arXiv:1608.05035 (2016),,,https://zbmath.org/authors/burton.stephan-d,,,,,
"Cahn, Patricia",2,2013,2018,0,,22,"Department of Mathematics Smith College 46 College Lane, Northampton, MA 01060",arXiv:2609.00163 (2026),,https://mathscinet.ams.org/mathscinet/MRAuthorID/866699,https://zbmath.org/authors/cahn.patricia,https://www.mathgenealogy.org/id.php?id=172180,,,,
"Calsamiglia-Mendlewicz, Gabriel",2,2023,2026,0,,10,,,https://www.professores.uff.br/calsamiglia/,https://mathscinet.ams.org/mathscinet/MRAuthorID/810133,https://zbmath.org/authors/calsamiglia-mendlewicz.gabriel,https://www.mathgenealogy.org/id.php?id=96142,https://orcid.org/0000-0001-9479-0696,,,
"Campisi, Marion Moore",2,2017,2018,0,,15,"San José State University San José, CA USA",arXiv:2603.08597 (2026),,https://mathscinet.ams.org/mathscinet/MRAuthorID/966828,https://zbmath.org/authors/campisi.marion-moore,https://www.mathgenealogy.org/id.php?id=150387,,,,
"Caranti, Andrea",2,2015,2016,0,,60,,,https://caranti.maths.unitn.it/,,https://zbmath.org/authors/caranti.andrea,,https://orcid.org/0000-0002-5746-9294,,,
"Carrasco Piaggio, Matias",2,2014,2017,0,,6,Laboratoire de Mathématiques d’Orsay,arXiv:1411.6381 (2014),,,https://zbmath.org/authors/carrasco-piaggio.matias,,,,,
"Carter, J. Scott",2,1991,2002,0,,102,,,https://www.southalabama.edu/colleges/artsandsci/mathstat/faculty/carter.html,https://mathscinet.ams.org/mathscinet/MRAuthorID/682724,https://zbmath.org/authors/carter.j-scott,https://www.mathgenealogy.org/id.php?id=30992,,,,
"Caruso, Sandrine",2,2017,2017,0,,4,,,,https://mathscinet.ams.org/mathscinet/MRAuthorID/1036990,https://zbmath.org/authors/caruso.sandrine,https://www.mathgenealogy.org/id.php?id=180338,,,,
"Castel, Fabrice",2,2007,2025,0,,4,"IMB, UMR 5584, CNRS, Université de Bourgogne, 21000 Dijon, France Luis Paris, IMB, UMR 5584, CNRS, Université de Bourgogne, 21000 Dijon…",arXiv:2307.02880 (2023),,,https://zbmath.org/authors/castel.fabrice,,,,,
"Catanese, Fabrizio M. E.",2,2010,2011,1,Inventiones Mathematicae: 1,222,,,http://www.mathe8.uni-bayreuth.de/Personen/Catanese.html,https://mathscinet.ams.org/mathscinet/MRAuthorID/46240,https://zbmath.org/authors/catanese.fabrizio,https://www.mathgenealogy.org/id.php?id=81190,https://orcid.org/0000-0002-3746-0452,,,
"Cavallucci, Nicola",2,2025,2025,0,,22,"Département de mathématiques, Université de Fribourg, Ch. du musée 23 CH-1700 Fribourg, Switzerland",arXiv:2608.24220 (2026),,,https://zbmath.org/authors/cavallucci.nicola,,,,,
"Cawley, Elise E.",2,1992,1993,1,Inventiones Mathematicae: 1,4,,,,,https://zbmath.org/authors/cawley.elise-e,,,,,
"Ceccherini-Silberstein, Tullio G.",2,1999,2002,0,,118,"Dipartimento di Ingegneria, Università del Sannio, I-82100 Benevento, Italy",arXiv:2606.17757 (2026),https://www.unisannio.it/en/users/ceccherini https://www.ing.unisannio.it/tullio/,https://mathscinet.ams.org/mathscinet/MRAuthorID/317090,https://zbmath.org/authors/ceccherini-silberstein.tullio-g,https://www.mathgenealogy.org/id.php?id=36660,https://orcid.org/0000-0002-2394-9820,,,
"Cekić, Mihajlo",2,2022,2026,1,Inventiones Mathematicae: 1,25,"CNRS, Université Paris-Est Créteil, Université Gustave Eiffel, LAMA UMR8050, F-94010 Créteil, France",arXiv:2610.01280 (2026),,,https://zbmath.org/authors/cekic.mihajlo,,,,,
"Cervone, Davide P.",2,2000,2004,0,,12,,,,,https://zbmath.org/authors/cervone.davide-p,,,,,
"Cha, Jae Choon",2,2016,2020,0,,51,Center for Research in Topology POSTECH Pohang Gyeongbuk 37673 Republic of Korea,arXiv:2609.28598 (2026),,https://mathscinet.ams.org/mathscinet/MRAuthorID/630269,https://zbmath.org/authors/cha.jae-choon,https://www.mathgenealogy.org/id.php?id=51560,,,,
"Chalopin, Jérémie",2,2013,2025,0,,93,"Aix-Marseille Université, CNRS, LIS, Marseille, France",arXiv:2602.18362 (2026),,,https://zbmath.org/authors/chalopin.jeremie,,,,,
"Champetier, Christophe",2,1993,1995,0,,11,,,,,https://zbmath.org/authors/champetier.christophe,,,,,
"Chang, Yu-Chan",2,2026,2026,0,,7,"Department of Mathematics, The Ohio State University, 231 W. 18th Ave., Columbus, OH 43210, USA",arXiv:2609.16345 (2026),,,https://zbmath.org/authors/chang.yu-chan,,,,,
"Chantraine, Baptiste",2,2010,2015,0,,18,,,,https://mathscinet.ams.org/mathscinet/MRAuthorID/892487,https://zbmath.org/authors/chantraine.baptiste,https://www.mathgenealogy.org/id.php?id=175028,,,,
"Chao, Khek Lun Harold",2,2014,2015,0,,3,"Department of Mathematics, Indiana University, Bloomington, IN 47405",arXiv:1403.3954 (2014),,,https://zbmath.org/authors/chao.khek-lun-harold,,,,,
"Charbonnier, Séverin",2,2023,2023,0,,12,"Université de Paris, UMR 8243 CNRS, Institut de Recherche en Informatique Fondamentale, 75205 Paris Cedex 13, France",arXiv:2203.16523 (2022),,,https://zbmath.org/authors/charbonnier.severin,,,,,
"Charette, Virginie",2,2010,2014,0,,26,,,,,https://zbmath.org/authors/charette.virginie,,,,,
"Charitos, Charalampos",2,2014,2016,0,,51,,,,,https://zbmath.org/authors/charitos.charalampos,,,,,
"Chen, Weimin",2,2000,2015,0,,34,,,https://people.math.umass.edu/~wchen/personal.html,https://mathscinet.ams.org/mathscinet/MRAuthorID/621242,https://zbmath.org/authors/chen.weimin,https://www.mathgenealogy.org/id.php?id=23935,,,,
"Chen, William Yun",2,2025,2026,0,,8,,,https://www.williamyunchen.com/,https://mathscinet.ams.org/mathscinet/MRAuthorID/1264624,https://zbmath.org/authors/chen.william-yun,https://www.mathgenealogy.org/id.php?id=223690,,,,
"Chen, Xiaoman",2,2006,2013,0,,89,,,,,https://zbmath.org/authors/chen.xiaoman,,,,,
"Chillingworth, David R.",2,1972,1972,0,,47,,,https://www.southampton.ac.uk/maths/about/staff/drjc.page,https://mathscinet.ams.org/mathscinet/MRAuthorID/48370,https://zbmath.org/authors/chillingworth.david-r,https://www.mathgenealogy.org/id.php?id=73671,,,,
"Chiswell, Ian M.",2,1981,1992,0,,49,"Queen Mary and Westfield, U.K.",,https://www.maths.qmw.ac.uk/~mathres/staff.html,https://mathscinet.ams.org/mathscinet/MRAuthorID/48495,https://zbmath.org/authors/chiswell.ian-m,https://www.mathgenealogy.org/id.php?id=5319,,,,
"Cho, Jinseok",2,2016,2020,0,,13,"Department of Mathematics Education, Busan National University of Education",arXiv:1805.11841 (2018),,,https://zbmath.org/authors/cho.jinseok,,,,,
"Cirre, Francisco-Javier",2,2003,2005,0,,47,,,,https://mathscinet.ams.org/mathscinet/MRAuthorID/601436,https://zbmath.org/authors/cirre.francisco-javier,https://www.mathgenealogy.org/id.php?id=191744,https://orcid.org/0000-0001-9970-0979,,,
"Cohen, David Bruce",2,2017,2019,0,,12,,,,https://mathscinet.ams.org/mathscinet/MRAuthorID/1089950,https://zbmath.org/authors/cohen.david-bruce,https://www.mathgenealogy.org/id.php?id=204534,,,,
"Cohen, Marshall M.",2,1989,1999,1,Inventiones Mathematicae: 1,25,Cornell U.,,http://www.math.cornell.edu/~marshall/ https://www.math.cornell.edu/People/Faculty/cohen.html,https://mathscinet.ams.org/mathscinet/MRAuthorID/50340,https://zbmath.org/authors/cohen.marshall-m,https://www.mathgenealogy.org/id.php?id=5519,,,,
"Colestock, A.",2,2004,2006,0,,2,,,,,https://zbmath.org/authors/colestock.a,,,,,
"Colin, Nestor",2,2024,2025,0,,8,"Instituto de Matemáticas, Universidad Nacional Autónoma de México, Oaxaca de Juárez, Oaxaca 68000, México",arXiv:2601.09897 (2026),https://sites.google.com/im.unam.mx/nestor-colin,,https://zbmath.org/authors/colin.nestor,https://www.mathgenealogy.org/id.php?id=284556,https://orcid.org/0000-0001-7076-0441,,,
"Collin, Pascal",2,2018,2023,0,,16,,,,,https://zbmath.org/authors/collin.pascal,,,,,
"Coornaert, Michel",2,1993,2002,0,,75,"IRMA, Strasbourg, France",,https://www-irma.u-strasbg.fr/~coornaer/,,https://zbmath.org/authors/coornaert.michel,,,,,
"Corran, Ruth",2,2006,2011,0,,10,,,https://www.aup.edu/profile/rcorran,https://mathscinet.ams.org/mathscinet/MRAuthorID/647771,https://zbmath.org/authors/corran.ruth,https://www.mathgenealogy.org/id.php?id=64361,,,,
"Corson, Jon Michael",2,1992,1993,0,,31,U. Alabama,,https://obelix.math.ua.edu/~jcorson/,,https://zbmath.org/authors/corson.jon-michael,,,,,
"Costa Gonzáles, Antonio Félix",2,2004,2008,0,,120,,,https://www.uned.es/universidad/docentes/ciencias/antonio-felix-costa-gonzalez.html,https://mathscinet.ams.org/mathscinet/MRAuthorID/51935,https://zbmath.org/authors/costa.antonio-felix,https://www.mathgenealogy.org/id.php?id=137904,https://orcid.org/0000-0002-9905-0264,,,
"Costello, Kevin Joseph",2,2007,2007,0,,50,,,https://www.perimeterinstitute.ca/people/kevin-costello https://perimeterinstitute.ca/people/kevin-costello,https://mathscinet.ams.org/mathscinet/MRAuthorID/708836,https://zbmath.org/authors/costello.kevin-j,https://www.mathgenealogy.org/id.php?id=80588,https://orcid.org/0000-0002-0382-5353,https://en.wikipedia.org/wiki/Kevin_Costello,Berwick Prize (2017); Fellow of the Royal Society (2018),ICM Invited Speaker (2010)
"Cotton-Barratt, Owen",2,2012,2013,0,,2,"Mathematical Institute, 24-29 St Giles’, Oxford OX1 3LB, UK",arXiv:1205.0271 (2012),,https://mathscinet.ams.org/mathscinet/MRAuthorID/1000833,https://zbmath.org/authors/cotton-barratt.owen,https://www.mathgenealogy.org/id.php?id=164430,,,,
"Courtois, Gilles",2,1990,2011,0,,42,,,https://webusers.imj-prg.fr/~gilles.courtois/,,https://zbmath.org/authors/courtois.gilles,https://www.mathgenealogy.org/id.php?id=78167,,,,
"Craggs, Robert",2,1971,1978,0,,19,,,,,https://zbmath.org/authors/craggs.robert,,,,,
"Cuypers, Hans",2,1996,1996,0,,71,,,,,https://zbmath.org/authors/cuypers.hans,,,,,
"Dai, Xian",2,2023,2026,0,,5,"Laboratoire Jean-Alexandre Dieudonné, Université Côte d’Azur, Nice 06200, France",arXiv:2507.02617 (2025),https://sites.google.com/view/xiandai,,https://zbmath.org/authors/dai.xian,,,,,
"Dal'bo, Françoise",2,1993,2018,0,,42,University of Rennes 1,,https://perso.univ-rennes1.fr/francoise.dalbo/,https://mathscinet.ams.org/mathscinet/MRAuthorID/271851,https://zbmath.org/authors/dalbo.francoise,https://www.mathgenealogy.org/id.php?id=96121,,,,
"Danthony, Claude",2,1988,1988,0,,4,,,,,https://zbmath.org/authors/danthony.claude,,,,,
"Dasbach, Oliver T.",2,2001,2007,0,,34,Lousiana State U.,,https://www.math.lsu.edu/~kasten/OLIVER_T_DASBACH/Oliver_Dasbach.html https://www.math.lsu.edu/~kasten/,,https://zbmath.org/authors/dasbach.oliver-t,,,,,
"Davalo, Colin",2,2024,2024,0,,8,,,,,https://zbmath.org/authors/davalo.colin,,,,,
"Daverman, Robert J.",2,1992,2019,0,,127,,,https://www.math.utk.edu/~daverman/ https://web.math.utk.edu/~daverman/,https://mathscinet.ams.org/mathscinet/MRAuthorID/54905,https://zbmath.org/authors/daverman.robert-j,https://www.mathgenealogy.org/id.php?id=705,,https://en.wikipedia.org/wiki/Robert_Daverman,,
"De Concini, Corrado",2,1984,1999,1,Annals of Mathematics: 1,100,,,https://www.mat.uniroma1.it/people/deconcini,https://mathscinet.ams.org/mathscinet/MRAuthorID/55410,https://zbmath.org/authors/de-concini.corrado,https://www.mathgenealogy.org/id.php?id=23999,https://orcid.org/0000-0002-8257-4766,https://en.wikipedia.org/wiki/Corrado_de_Concini,,ICM Invited Speaker (1986)
"Deligne, Pierre",2,1972,1997,2,Inventiones Mathematicae: 2,172,,,https://www.ias.edu/scholars/deligne http://www.math.ias.edu/people/faculty/deligne,https://mathscinet.ams.org/mathscinet/MRAuthorID/56335,https://zbmath.org/authors/deligne.pierre,https://www.mathgenealogy.org/id.php?id=61289,,https://en.wikipedia.org/wiki/Pierre_Deligne,Fields Medal (1978); Crafoord Prize (1988); Wolf Prize (2008); Abel Prize (2013),ICM Plenary Speaker (1974); ICM Invited Speaker (1970)
"Delucchi, Emanuele",2,2021,2024,0,,45,"IDSIA USI-SUPSI, University of applied arts and sciences of Southern Switzerland, Lugano, Switzerland",arXiv:2607.07567 (2026),http://www.maestran.ch/math/ https://www.informatik.uni-bremen.de/~delucchi/,https://mathscinet.ams.org/mathscinet/MRAuthorID/811555,https://zbmath.org/authors/delucchi.emanuele,https://www.mathgenealogy.org/id.php?id=99149,https://orcid.org/0000-0003-3430-1517,,,
"Deraux, Martin",2,2015,2020,0,,22,"Univ. Grenoble Alpes, CNRS, IF, 38000 Grenoble, France, Sorbonne Université and Université de Paris, CNRS, INRIA, IMJ-PRG, Ouragan, F-75005…",arXiv:2301.07387 (2023),https://www-fourier.ujf-grenoble.fr/~deraux/,https://mathscinet.ams.org/mathscinet/MRAuthorID/740008,https://zbmath.org/authors/deraux.martin,https://www.mathgenealogy.org/id.php?id=54769,,,,
"Dever, Lindsay",2,2023,2024,0,,3,"Department of Mathematics Millersville University Millersville, PA 17551, USA",arXiv:2606.14914 (2026),,,https://zbmath.org/authors/dever.lindsay,,,,,
"Di Cerbo, Luca Fabrizio",2,2018,2023,0,,46,"Department of Mathematics, University of Florida, 358 Little Hall, Gainesville, FL 32611-8105, USA",arXiv:2607.28763 (2026),https://fds.duke.edu/db/aas/math/faculty/luca,https://mathscinet.ams.org/mathscinet/MRAuthorID/777546,https://zbmath.org/authors/di-cerbo.luca-fabrizio,https://www.mathgenealogy.org/id.php?id=156039,,,,
"Ding, Changying",2,2024,2024,0,,11,"Department of Mathematics, University of California, Los Angeles, Los Angeles, CA 90095, USA",arXiv:2609.07052 (2026),,,https://zbmath.org/authors/ding.changying,,,,,
"Ding, Fan",2,2001,2004,0,,39,,,,,https://zbmath.org/authors/ding.fan,,,,,
"Dixon, Martyn Russell",2,1992,1993,0,,119,University of Alabama,,,https://mathscinet.ams.org/mathscinet/MRAuthorID/58485,https://zbmath.org/authors/dixon.martyn-russell,https://www.mathgenealogy.org/id.php?id=36277,,,,
"Djament, Aurélien",2,2013,2015,0,,32,"CNRS, laboratoire Analyse, Géométrie et Applications (UMR7539) Institut Galilée Université Sorbonne Paris Nord 99 avenue Jean-Baptiste…",arXiv:2412.15231 (2024),https://djament.perso.math.cnrs.fr/,,https://zbmath.org/authors/djament.aurelien,,,,,
"Doucha, Michal",2,2018,2022,0,,50,Institute of Mathematics of the Czech Academy of Sciences,,https://users.math.cas.cz/~doucha/,https://mathscinet.ams.org/mathscinet/MRAuthorID/984180,https://zbmath.org/authors/doucha.michal,https://www.mathgenealogy.org/id.php?id=176494,https://orcid.org/0000-0003-3675-1378,,,
"Dougherty, Michael Joseph",2,2020,2026,0,,11,"Dept. of Mathematical Sciences, Lafayette College, Easton, PA 18042",arXiv:2604.14462 (2026),https://math.lafayette.edu/people/michael-dougherty/ https://mdougherty.org/,https://mathscinet.ams.org/mathscinet/MRAuthorID/938590,https://zbmath.org/authors/dougherty.michael-joseph,https://www.mathgenealogy.org/id.php?id=236238,,,,
"Douglas, Daniel Charles",2,2024,2024,0,,7,"Department of Mathematics, Virginia Tech, 225 Stanger Street, Blacksburg, VA 24061",arXiv:2510.07543 (2025),https://sites.google.com/view/daniel-douglas,,https://zbmath.org/authors/douglas.daniel-c,https://www.mathgenealogy.org/id.php?id=265617,,,,
"Dreesen, Dennis",2,2013,2014,0,,9,,,,https://mathscinet.ams.org/mathscinet/MRAuthorID/917038,https://zbmath.org/authors/dreesen.dennis,https://www.mathgenealogy.org/id.php?id=151772,,,,
"Droste, Manfred",2,1995,2001,0,,211,,,http://www.informatik.uni-leipzig.de/theo/pers/droste/,https://mathscinet.ams.org/mathscinet/MRAuthorID/59920,https://zbmath.org/authors/droste.manfred,https://www.mathgenealogy.org/id.php?id=25781,https://orcid.org/0000-0001-9128-8844,,,
"Drumm, Todd A.",2,2010,2014,0,,26,"Department of Mathematics Howard University Washington, DC 20059 USA",arXiv:2002.09520 (2020),https://profiles.howard.edu/profile/38166/todd-a-drumm,https://mathscinet.ams.org/mathscinet/MRAuthorID/291438,https://zbmath.org/authors/drumm.todd-a,https://www.mathgenealogy.org/id.php?id=39709,,,,
"Dugas, Manfred H.",2,1982,1992,0,,117,,,https://www.baylor.edu/Math/index.php?id=54006,https://mathscinet.ams.org/mathscinet/MRAuthorID/60385,https://zbmath.org/authors/dugas.manfred-h,https://www.mathgenealogy.org/id.php?id=21866,,,,
"Dyer, Micheal N.",2,1981,1987,0,,36,University of Oregon,,,https://mathscinet.ams.org/mathscinet/MRAuthorID/61190,https://zbmath.org/authors/dyer.micheal-n,https://www.mathgenealogy.org/id.php?id=12825,,,,
"Dynnikov, Ivan Alekseevich",2,2007,2021,0,,63,"Steklov Mathematical Institute of Russian Academy of Sciences, 8 Gubkina Str., Moscow 119991, Russia",arXiv:2608.23331 (2026),,,https://zbmath.org/authors/dynnikov.ivan-alekseevich,,,,,
"East, James",2,2007,2007,0,,88,,,,https://mathscinet.ams.org/mathscinet/MRAuthorID/770366,https://zbmath.org/authors/east.james,https://www.mathgenealogy.org/id.php?id=96973,,,,
"Eckmann, Beno",2,1982,1983,1,Inventiones Mathematicae: 1,132,,,,https://mathscinet.ams.org/mathscinet/MRAuthorID/61705,https://zbmath.org/authors/eckmann.beno,https://www.mathgenealogy.org/id.php?id=18355,,https://en.wikipedia.org/wiki/Beno_Eckmann,,ICM Plenary Speaker (1962)
"Edelson, Allan L.",2,1988,1989,0,,37,,,,,https://zbmath.org/authors/edelson.allan-l,,,,,
"Ekholm, Tobias",2,2011,2016,0,,77,,,,https://mathscinet.ams.org/mathscinet/MRAuthorID/641675,https://zbmath.org/authors/ekholm.tobias,https://www.mathgenealogy.org/id.php?id=88097,,,,ICM Invited Speaker (2018)
"El Emam, Christian",2,2022,2026,0,,10,"University of Torino, Dipartimento di Matematica “Giuseppe Peano”, Via Carlo Alberto, 10, 10123 Torino, Italy",arXiv:2506.11746 (2025),,,https://zbmath.org/authors/el-emam.christian,,,,,
"Elliott, Luna",2,2023,2025,0,,21,,,https://le27.github.io/L-Elliott/,,https://zbmath.org/authors/elliott.luna,,,,,
"Emerson, Heath",2,2003,2018,0,,27,"Department of Mathematics and Statistics University of Victoria PO BOX 3045 STN CSC Victoria, B.C. Canada V8W 3P4",arXiv:2001.06124 (2020),,https://mathscinet.ams.org/mathscinet/MRAuthorID/630788,https://zbmath.org/authors/emerson.heath,https://www.mathgenealogy.org/id.php?id=59722,,,,
"Engber, Michael",2,1975,1977,0,,5,,,,https://mathscinet.ams.org/mathscinet/MRAuthorID/300885,https://zbmath.org/authors/engber.michael,https://www.mathgenealogy.org/id.php?id=19998,,,,
"Escalier, Amandine",2,2022,2024,0,,5,,,,,https://zbmath.org/authors/escalier.amandine,,,,,
"Esterov, Alexander I.",2,2021,2026,0,,40,,,https://www.hse.ru/en/staff/esterov,https://mathscinet.ams.org/mathscinet/MRAuthorID/667237,https://zbmath.org/authors/esterov.alexander-i,https://www.mathgenealogy.org/id.php?id=246849,https://orcid.org/0000-0001-9526-900X,,,
"Everitt, Brent",2,2004,2012,0,,31,"U. York, U.K.",,https://www-users.york.ac.uk/~bje1/,,https://zbmath.org/authors/everitt.brent,,,,,
"Ezell, Cloyd L.",2,1980,1980,0,,4,,,,,https://zbmath.org/authors/ezell.cloyd-l,,,,,
"Falk, Michael J.",2,1985,2018,1,Inventiones Mathematicae: 1,37,,,,,https://zbmath.org/authors/falk.michael-j,,,,,
"Fan, Jinhua",2,2011,2015,0,,34,,,,,https://zbmath.org/authors/fan.jinhua,,,,,
"Farber, Michael S.",2,2011,2012,0,,162,,,https://www.qmul.ac.uk/maths/profiles/farberm.html,https://mathscinet.ams.org/mathscinet/MRAuthorID/195573,https://zbmath.org/authors/farber.michael-s,https://www.mathgenealogy.org/id.php?id=95689,,,,
"Fel'shtyn, Alexander",2,2007,2020,0,,84,"Alexander Fel’shtyn, Instytut Matematyki, Uniwersytet Szczecinski, ul. Wielkopolska 15, 70-451 Szczecin, Poland",arXiv:2603.08527 (2026),,,https://zbmath.org/authors/felshtyn.alexander,,https://orcid.org/0000-0002-4344-7780,,,
"Feng, Ke",2,2022,2022,0,,12,,,,,https://zbmath.org/authors/feng.ke,,,,,
"Fenn, Roger",2,1975,1999,0,,68,,,https://www.maths.sussex.ac.uk/Staff/RAF/,https://mathscinet.ams.org/mathscinet/MRAuthorID/66060,https://zbmath.org/authors/fenn.roger-andrew,https://www.mathgenealogy.org/id.php?id=45201,,,,
"Fernandes, Maria Elisa",2,2011,2013,0,,29,"Center for Research and Development in Mathematics and Applications, Department of Mathematics, University of Aveiro, Portugal",arXiv:2505.09169 (2025),,,https://zbmath.org/authors/fernandes.maria-elisa,,,,,
"Finn-Sell, Martin",2,2017,2019,0,,12,,,,,https://zbmath.org/authors/finn-sell.martin,,,,,
"Fischer, Hanspeter",2,2005,2005,0,,18,"Department of Mathematical Sciences, Ball State University, Muncie, IN 47306, USA",arXiv:2508.01041 (2025),,,https://zbmath.org/authors/fischer.hanspeter,,,,,
"Flores, Ramón J.",2,2020,2026,0,,46,"U.Sevilla, Spain",,https://personal.us.es/ramonjflores,https://mathscinet.ams.org/mathscinet/MRAuthorID/769918,https://zbmath.org/authors/flores.ramon-j,https://www.mathgenealogy.org/id.php?id=79741,,,,
"Fluch, Martin G.",2,2013,2016,0,,8,,,,https://mathscinet.ams.org/mathscinet/MRAuthorID/935773,https://zbmath.org/authors/fluch.martin-g,https://www.mathgenealogy.org/id.php?id=151624,,,,
"Fomin, Sergeĭ Vladimirovich",2,2008,2022,1,Acta Mathematica: 1,81,University of Michigan,,https://public.websites.umich.edu/~fomin/ http://www.math.lsa.umich.edu/~fomin/,https://mathscinet.ams.org/mathscinet/MRAuthorID/230455,https://zbmath.org/authors/fomin.sergey-vladimirovich,https://www.mathgenealogy.org/id.php?id=46455,https://orcid.org/0000-0002-4714-6141,https://en.wikipedia.org/wiki/Sergey_Fomin,,
"Forrest, Bradley",2,2015,2019,0,,11,,,,https://mathscinet.ams.org/mathscinet/MRAuthorID/834589,https://zbmath.org/authors/forrest.bradley,https://www.mathgenealogy.org/id.php?id=136602,,,,
"Fossas, Ariadna",2,2017,2022,0,,6,"Inst. Fourier, Grenoble, France",,https://www-fourier.ujf-grenoble.fr/~ariadna/,https://mathscinet.ams.org/mathscinet/MRAuthorID/992983,https://zbmath.org/authors/fossas.ariadna,https://www.mathgenealogy.org/id.php?id=166656,,,,
"Franceschini, Federico",2,2018,2019,0,,13,"Stanford University, USA",arXiv:2608.19991 (2026),,,https://zbmath.org/authors/franceschini.federico,,https://orcid.org/0000-0003-0346-0478,,,
"Franks, John M.",2,1980,2013,1,Inventiones Mathematicae: 1,92,"Northwestern University, Evanston, IL 60208 USA",arXiv:1901.10432 (2019),,,https://zbmath.org/authors/franks.john-m,,,,,ICM Invited Speaker (1994)
"Frohman, Charles D.",2,1988,2018,0,,50,"Department of Mathematics, The University of Iowa, Iowa City, IA 52242, USA",arXiv:2310.06189 (2023),,,https://zbmath.org/authors/frohman.charles-d,,,,,
"Frączek, Krzysztof Marek",2,2009,2024,0,,56,"Faculty of Mathematics and Computer Science, Nicolaus Copernicus University, ul. Chopina 12/18, 87-100 Toruń, Poland",arXiv:2602.04993 (2026),https://www-users.mat.umk.pl//~fraczek/,https://mathscinet.ams.org/mathscinet/MRAuthorID/336773,https://zbmath.org/authors/fraczek.krzysztof-m,https://www.mathgenealogy.org/id.php?id=128839,https://orcid.org/0000-0002-0788-6292,,,
"Féray, Valentin",2,2023,2024,0,,74,"Université de Lorraine, CNRS, IECL, F-54000 Nancy",arXiv:2609.16955 (2026),,,https://zbmath.org/authors/feray.valentin,,,,,
"Gadish, Nir",2,2020,2021,0,,19,"Department of Mathematics, University of Pennsylvania, USA",arXiv:2609.11009 (2026),,,https://zbmath.org/authors/gadish.nir,,https://orcid.org/0000-0003-4479-0537,,,
"Galindo Martínez, César Neyit",2,2013,2019,0,,61,,,https://sites.google.com/site/neyitgalindo,https://mathscinet.ams.org/mathscinet/MRAuthorID/826518,https://zbmath.org/authors/galindo.cesar,https://www.mathgenealogy.org/id.php?id=138294,https://orcid.org/0000-0003-3590-6964,,,
"Gallo, Daniel M.",2,1993,2000,1,Annals of Mathematics: 1,21,,,,,https://zbmath.org/authors/gallo.daniel-m,,,,,
"Gamboa Mutuberria, José Manuel",2,2003,2005,0,,82,,,https://www.ucm.es/directorio?id=4518,https://mathscinet.ams.org/mathscinet/MRAuthorID/70980,https://zbmath.org/authors/gamboa.jose-manuel,https://www.mathgenealogy.org/id.php?id=37086,https://orcid.org/0000-0003-2864-7482,,,
"Garnier, Owen",2,2026,2026,0,,9,"Departamento de Álgebra e Instituto de Matemáticas de la Universidad de Sevilla, Spain",arXiv:2511.22446 (2025),,,https://zbmath.org/authors/garnier.owen,,,,,
"Geck, Meinolf",2,1997,1997,0,,120,,,https://www.idsr.uni-stuttgart.de/institut/Geck-00001/,https://mathscinet.ams.org/mathscinet/MRAuthorID/272405,https://zbmath.org/authors/geck.meinolf,https://www.mathgenealogy.org/id.php?id=50051,,,,
"Gell-Redman, Jesse",2,2019,2023,0,,22,University of Melbourne,,,https://mathscinet.ams.org/mathscinet/MRAuthorID/831708,https://zbmath.org/authors/gell-redman.jesse,https://www.mathgenealogy.org/id.php?id=154826,,,,
"Gendron, Quentin",2,2018,2022,0,,19,"Instituto de Matemáticas de la UNAM, Ciudad Universitaria, Coyoacán, 04510, Tenochtitlán, México",arXiv:2510.01630 (2025),https://qgendron-math.bee.wf/,,https://zbmath.org/authors/gendron.quentin,,,,,
"Gerritzen, Lothar",2,1982,1988,0,,56,Ruhr University Bochum,,,https://mathscinet.ams.org/mathscinet/MRAuthorID/72770,https://zbmath.org/authors/gerritzen.lothar,https://www.mathgenealogy.org/id.php?id=23895,,,,
"Gibson, Andrew",2,2011,2012,0,,8,"Department of Mathematics, Tokyo Institute of Technology, Oh-okayama, Meguro, Tokyo 152-8551, Japan",arXiv:1007.1693 (2010),,https://mathscinet.ams.org/mathscinet/MRAuthorID/729199,https://zbmath.org/authors/gibson.andrew,https://www.mathgenealogy.org/id.php?id=119766,,,,
"Gilbert, Nick D.",2,1987,1989,0,,49,"Heriott-Watt U., U.K.",,http://www.macs.hw.ac.uk/~ndg/ https://www.ma.hw.ac.uk/~nick/,,https://zbmath.org/authors/gilbert.nick-d,,https://orcid.org/0000-0002-7280-2753,,,
"Gillam, William Danny",2,2004,2006,0,,21,,,,https://mathscinet.ams.org/mathscinet/MRAuthorID/729899,https://zbmath.org/authors/gillam.william-danny,https://www.mathgenealogy.org/id.php?id=147665,,,,
"Gillet, Henri A.",2,1990,1991,0,,68,University of Illinois Chicago,,http://www.math.uic.edu/~henri/,https://mathscinet.ams.org/mathscinet/MRAuthorID/73630,https://zbmath.org/authors/gillet.henri-a,https://www.mathgenealogy.org/id.php?id=28526,https://orcid.org/0000-0002-1011-973X,https://en.wikipedia.org/wiki/Henri_Gillet,,ICM Invited Speaker (1990)
"Girondo, Ernesto",2,2002,2025,0,,24,"Departamento de Matemáticas, Universidad Autónoma de Madrid and Instituto de Ciencias Matemáticas ICMAT (CSIC-UAM-UCM-UC3M). 28049-Madrid…",arXiv:2607.15882 (2026),,,https://zbmath.org/authors/girondo.ernesto,,,,,
"Goffer, Gil",2,2022,2026,0,,11,"Department of Mathematics, University of California, San Diego, La Jolla, CA 92093, USA",arXiv:2409.09630 (2024),,,https://zbmath.org/authors/goffer.gil,,,,,
"Goldberg, Lisa Robin",2,1990,1993,1,Inventiones Mathematicae: 1,23,"University of California, Berkeley",,,https://mathscinet.ams.org/mathscinet/MRAuthorID/225264,https://zbmath.org/authors/goldberg.lisa-robin,https://www.mathgenealogy.org/id.php?id=36755,,https://en.wikipedia.org/wiki/Lisa_Goldberg,,
"Golovko, Roman",2,2011,2015,0,,27,Charles University,,https://sites.google.com/site/ragolovko/,https://mathscinet.ams.org/mathscinet/MRAuthorID/931134,https://zbmath.org/authors/golovko.roman,https://www.mathgenealogy.org/id.php?id=138468,https://orcid.org/0000-0002-7723-4871,,,
"Gongopadhyay, Krishnendu",2,2011,2018,0,,90,"IISER Mohali, India",,https://sites.google.com/site/krishnendug/,https://mathscinet.ams.org/mathscinet/MRAuthorID/866190,https://zbmath.org/authors/gongopadhyay.krishnendu,https://www.mathgenealogy.org/id.php?id=132948,,,,
"González Acuña, Francisco Javier",2,1978,1994,1,Annals of Mathematics: 1,66,,,https://matematicos.matem.unam.mx/matematicos-a-g/matematicos-g/gonzalez-francisco/1424-semblanza-de-francisco-gonzalez-acuna,https://mathscinet.ams.org/mathscinet/MRAuthorID/75150,https://zbmath.org/authors/gonzalez-acuna.francisco-javier,https://www.mathgenealogy.org/id.php?id=24496,,https://en.wikipedia.org/wiki/Francisco_Javier_Gonz%C3%A1lez-Acu%C3%B1a,,
"Goodman, Noah D.",2,2005,2006,0,,8,,,,,https://zbmath.org/authors/goodman.noah-d,,,,,
"Gorsky, Eugene",2,2021,2025,1,Journal of the American Mathematical Society: 1,76,"Department of Mathematics, University of California Davis One Shield Avenue, Davis CA 95616 USA",arXiv:2603.29260 (2026),,https://mathscinet.ams.org/mathscinet/MRAuthorID/796278,https://zbmath.org/authors/gorsky.eugene,https://www.mathgenealogy.org/id.php?id=171961,https://orcid.org/0000-0002-9572-4938,,,
"Gournay, Antoine",2,2023,2024,0,,26,"Institut für Geometrie, TU Dresden, Germany, Department of Mathematics: Algebra and Geometry (WE01), Ghent Univesity",arXiv:2401.08510 (2024),,,https://zbmath.org/authors/gournay.antoine,,,,,
"Gramain, André",2,1973,1977,0,,22,Tours University,,,,https://zbmath.org/authors/gramain.andre,,,,,
"Grant, Joseph",2,2015,2017,0,,9,,,,https://mathscinet.ams.org/mathscinet/MRAuthorID/987626,https://zbmath.org/authors/grant.joseph,https://www.mathgenealogy.org/id.php?id=153174,,,,
"Griffin, James T.",2,2013,2013,0,,7,"School of Mathematics, University of Southampton, Highfield, Southampton, SO17 1BJ, United Kingdom",arXiv:1109.5345 (2011),https://jtgriffin.co.uk/,,https://zbmath.org/authors/griffin.james-t,,,,,
"Gromadzki, Grzegorz",2,1998,2003,0,,89,University of Gdańsk,,,,https://zbmath.org/authors/gromadzki.grzegorz,,https://orcid.org/0000-0002-1630-2113,,,
"Gruber, Moritz",2,2019,2020,0,,6,,,,,https://zbmath.org/authors/gruber.moritz,,,,,
"Gupta, Chander Kanta",2,1992,1993,0,,107,University of Manitoba,,,https://mathscinet.ams.org/mathscinet/MRAuthorID/78395,https://zbmath.org/authors/gupta.chander-kanta,https://www.mathgenealogy.org/id.php?id=47997,,https://en.wikipedia.org/wiki/Kanta_Gupta,,
"Habegger, Nathan",2,1999,2002,0,,37,,,https://www.math.sciences.univ-nantes.fr/~habegger/,https://mathscinet.ams.org/mathscinet/MRAuthorID/78970,https://zbmath.org/authors/habegger.nathan,https://www.mathgenealogy.org/id.php?id=64335,,,,
"Hall, Jonathan I.",2,1989,1993,0,,79,,,,https://mathscinet.ams.org/mathscinet/MRAuthorID/80060,https://zbmath.org/authors/hall.jonathan-i,https://www.mathgenealogy.org/id.php?id=25009,,,,
"Hamidi-Tehrani, Hessam",2,2001,2002,0,,5,"B.C.C. of the City University of New YorkBronx, NY 10453, USA",arXiv:math/0206131 (2002),,,https://zbmath.org/authors/hamidi-tehrani.hessam,,,,,
"Hanlon, Richard Gaelan",2,2014,2016,0,,2,,,,,https://zbmath.org/authors/hanlon.richard-gaelan,,,,,
"Hansen, Vagn Lundsgaard",2,1979,1983,0,,63,,,http://www2.mat.dtu.dk/people/V.L.Hansen/,https://mathscinet.ams.org/mathscinet/MRAuthorID/81010,https://zbmath.org/authors/hansen.vagn-lundsgaard,https://www.mathgenealogy.org/id.php?id=22370,https://orcid.org/0000-0003-4106-1945,,,ICM Invited Speaker (2002)
"Harlander, Jens",2,2012,2023,0,,38,"U. Frankfurt, Germany",,https://www.math.uni-frankfurt.de/~colmar/ag21.shtml,,https://zbmath.org/authors/harlander.jens,,,,,
"Hartley, Richard I.",2,1979,1983,0,,44,Australian National University,,http://users.cecs.anu.edu.au/~hartley/,https://mathscinet.ams.org/mathscinet/MRAuthorID/81890,https://zbmath.org/authors/hartley.richard-i,https://www.mathgenealogy.org/id.php?id=16028,https://orcid.org/0000-0002-5005-0191,https://en.wikipedia.org/wiki/Richard_Hartley_(scientist),Fellow of the Royal Society (2024),
"Hausen, Jutta",2,1970,1998,0,,61,,,,,https://zbmath.org/authors/hausen.jutta,,,,,
"Hauswirth, Laurent",2,2018,2023,0,,42,"Laboratoire d’Analyse et de Mathématiques Appliquées UMR8050, Univ. Gustave Eiffel, Champs-sur-Marne, France",arXiv:2609.36717 (2026),,,https://zbmath.org/authors/hauswirth.laurent,,,,,
"Hayat-Legrand, Claude",2,1997,2002,0,,13,,,,,https://zbmath.org/authors/hayat-legrand.claude,,,,,
"Hayes, Ben",2,2018,2024,0,,42,,,,,https://zbmath.org/authors/hayes.ben,,,,,
"He, Zheng-Xu",2,1990,2013,0,,36,,,,,https://zbmath.org/authors/he.zheng-xu,,,,,
"Heath, Daniel J.",2,1997,2005,0,,16,,,,,https://zbmath.org/authors/heath.daniel-j,,,,,
"Hejhal, Dennis A.",2,1975,1975,1,Acta Mathematica: 1,77,,,,https://mathscinet.ams.org/mathscinet/MRAuthorID/83790,https://zbmath.org/authors/hejhal.dennis-a,https://www.mathgenealogy.org/id.php?id=44533,,https://en.wikipedia.org/wiki/Dennis_Hejhal,,ICM Invited Speaker (1986)
"Hickin, Kenneth Keller",2,1985,1993,0,,29,,,,,https://zbmath.org/authors/hickin.kenneth-keller,,,,,
"Higes, J.",2,2010,2010,0,,11,,,,,https://zbmath.org/authors/higes.j,,,,,
"Hinich, Vladimir",2,2010,2010,0,,56,,,http://math.haifa.ac.il/hinich/WEB/hinich.htm,https://mathscinet.ams.org/mathscinet/MRAuthorID/204650,https://zbmath.org/authors/hinich.vladimir,https://www.mathgenealogy.org/id.php?id=19256,,,,
"Hitchin, Nigel",2,1987,2023,0,,122,,,http://people.maths.ox.ac.uk/~hitchin/,https://mathscinet.ams.org/mathscinet/MRAuthorID/86485,https://zbmath.org/authors/hitchin.nigel-j,https://www.mathgenealogy.org/id.php?id=43911,https://orcid.org/0000-0002-4484-7604,https://en.wikipedia.org/wiki/Nigel_Hitchin,Whitehead Prize (1981); Senior Berwick Prize (1990); Pólya Prize (2002); Shaw Prize (2016); Fellow of the Royal Society,ICM Invited Speaker (1983)
"Ho, Nan-Kuo",2,2003,2005,0,,21,"Department of Mathematics, National Tsing Hua University, Hsinchu 300, and National Center for Theoretical Sciences, Taipei 106, Taiwan",arXiv:2604.04358 (2026),,https://mathscinet.ams.org/mathscinet/MRAuthorID/625258,https://zbmath.org/authors/ho.nan-kuo,https://www.mathgenealogy.org/id.php?id=75379,,,,
"Hoare, A. Howard M.",2,1980,1988,0,,28,,,,,https://zbmath.org/authors/hoare.a-howard-m,https://www.mathgenealogy.org/id.php?id=30369,,,,
"Hodgkin, Luke",2,1994,1995,0,,21,,,,,https://zbmath.org/authors/hodgkin.luke,,,,,
"Hoehn, Logan C.",2,2019,2020,0,,22,"Nipissing University, Department of Computer Science & Mathematics, 100 College Drive, Box 5002, North Bay, Ontario, Canada, P1B 8L7",arXiv:2506.11979 (2025),,https://mathscinet.ams.org/mathscinet/MRAuthorID/854228,https://zbmath.org/authors/hoehn.logan-c,https://www.mathgenealogy.org/id.php?id=158372,,,,
"Holt, John D.",2,2003,2008,0,,15,U. Illinois - Chicago,,https://www.math.uic.edu/~jholt/,https://mathscinet.ams.org/mathscinet/MRAuthorID/462875,https://zbmath.org/authors/holt.john-d,https://www.mathgenealogy.org/id.php?id=73053,,,,
"Hooper, W. Patrick",2,2014,2020,0,,28,,,http://wphooper.com/,https://mathscinet.ams.org/mathscinet/MRAuthorID/759028,https://zbmath.org/authors/hooper.w-patrick,https://www.mathgenealogy.org/id.php?id=109527,,,,
"Howie, Joshua Andrew",2,2020,2025,0,,7,"School of Mathematics, Monash University, 9 Rainforest Walk, Clayton VIC 3800, Australia",arXiv:2411.06368 (2024),https://sites.google.com/view/joshuahowie/,https://mathscinet.ams.org/mathscinet/MRAuthorID/1214326,https://zbmath.org/authors/howie.joshua-a,https://www.mathgenealogy.org/id.php?id=201543,https://orcid.org/0000-0003-4551-6599,,,
"Hsiang, Wu-Chung",2,1977,1979,0,,82,"University of California, Berkeley",,,https://mathscinet.ams.org/mathscinet/MRAuthorID/89070,https://zbmath.org/authors/hsiang.wu-chung,https://www.mathgenealogy.org/id.php?id=8591,,https://en.wikipedia.org/wiki/Wu-Chung_Hsiang,,ICM Plenary Speaker (1983); ICM Invited Speaker (1970)
"Hu, Guangming",2,2023,2025,0,,27,"College of Science, Jiangsu Key Laboratory of Quantum Computing Science and Devices, Nanjing University of Posts and Telecommunications…",arXiv:2609.08856 (2026),,,https://zbmath.org/authors/hu.guangming,,,,,
"Hu, Yun",2,2014,2017,0,,14,"(Department of Mathematics, Soochow University)",arXiv:1305.0628 (2013),,,https://zbmath.org/authors/hu.yun,,,,,
"Hubbard, Diana",2,2016,2025,0,,9,"Brooklyn College, New York, NY, USA",arXiv:2608.06201 (2026),,,https://zbmath.org/authors/hubbard.diana,,,,,
"Huebschmann, Johannes",2,1980,1981,0,,98,,,,,https://zbmath.org/authors/huebschmann.johannes,,,,,
"Hughes, Bruce",2,2004,2009,0,,25,,,,,https://zbmath.org/authors/hughes.bruce,,,,,
"Hurley, Ted",2,1990,1990,0,,50,"Royal Holloway, University of London",,http://www.nuigalway.ie/our-research/people/mathematics-statistics-and-applied-mathematics/tedhurley/,https://mathscinet.ams.org/mathscinet/MRAuthorID/213680,https://zbmath.org/authors/hurley.ted,https://www.mathgenealogy.org/id.php?id=114124,,https://en.wikipedia.org/wiki/Ted_Hurley,,
"Iguchi, Daiki",2,2024,2026,0,,6,,,,,https://zbmath.org/authors/iguchi.daiki,,,,,
"Igusa, Kiyoshi",2,2004,2004,0,,113,Brandeis University,,https://people.brandeis.edu/~igusa/ http://people.brandeis.edu/~igusa/,https://mathscinet.ams.org/mathscinet/MRAuthorID/90790,https://zbmath.org/authors/igusa.kiyoshi,https://www.mathgenealogy.org/id.php?id=23349,https://orcid.org/0000-0003-2780-0924,https://en.wikipedia.org/wiki/Kiyoshi_Igusa,,ICM Invited Speaker (1990)
"Ihara, Yasutaka",2,1992,2000,0,,95,,,http://www.kurims.kyoto-u.ac.jp/~kenkyubu/emeritus/ihara/index.html,https://mathscinet.ams.org/mathscinet/MRAuthorID/90800,https://zbmath.org/authors/ihara.yasutaka,https://www.mathgenealogy.org/id.php?id=172396,,https://en.wikipedia.org/wiki/Yasutaka_Ihara,,ICM Plenary Speaker (1990); ICM Invited Speaker (1970)
"Imayoshi, Yoichi",2,1983,1985,0,,25,,,,,https://zbmath.org/authors/imayoshi.yoichi,,,,,
"Irmer, Ingrid",2,2015,2026,0,,21,,,https://faculty.sustech.edu.cn/?tagid=ingridmary&iscss=1&snapid=1&orderby=date&go=2&lang=en,https://mathscinet.ams.org/mathscinet/MRAuthorID/994987,https://zbmath.org/authors/irmer.ingrid,https://www.mathgenealogy.org/id.php?id=166589,https://orcid.org/0000-0002-3728-206X,,,
"Ivanov, Nikolai V.",2,1997,1999,1,Inventiones Mathematicae: 1,87,Michigan State U.,,http://nikolaivivanov.blogspot.com/ https://www.mth.msu.edu/~ivanov/,https://mathscinet.ams.org/mathscinet/MRAuthorID/189052,https://zbmath.org/authors/ivanov.nikolai-v,https://www.mathgenealogy.org/id.php?id=25044,,https://en.wikipedia.org/wiki/Nikolai_Ivanov_(mathematician),,
"Izmestiev, Ivan",2,2009,2011,0,,43,TU Wien,,,https://mathscinet.ams.org/mathscinet/MRAuthorID/662169,https://zbmath.org/authors/izmestiev.ivan,https://www.mathgenealogy.org/id.php?id=96793,https://orcid.org/0000-0003-3173-7841,,,
"Jablow, Eric Robert",2,1986,1989,0,,2,,,,,https://zbmath.org/authors/jablow.eric-robert,,,,,
"Jaerisch, Johannes",2,2020,2020,0,,28,"Graduate School of Mathematics, Nagoya University, Furocho, Chikusaku, Nagoya, 464-8602 Japan",arXiv:2601.05698 (2026),,https://mathscinet.ams.org/mathscinet/MRAuthorID/907537,https://zbmath.org/authors/jaerisch.johannes,https://www.mathgenealogy.org/id.php?id=153409,,,,
"Jaipong, Pradthana",2,2011,2023,0,,9,"Department of Mathematics, Chiang Mai University Thailand",arXiv:2006.04329 (2020),,https://mathscinet.ams.org/mathscinet/MRAuthorID/772160,https://zbmath.org/authors/jaipong.pradthana,https://www.mathgenealogy.org/id.php?id=158407,,,,
"Janzen, David A.",2,2009,2013,0,,5,,,,,https://zbmath.org/authors/janzen.david-a,,,,,
"Jeffrey, Lisa Claire",2,1994,1995,0,,91,,,,https://mathscinet.ams.org/mathscinet/MRAuthorID/307032,https://zbmath.org/authors/jeffrey.lisa-c,https://www.mathgenealogy.org/id.php?id=25522,,https://en.wikipedia.org/wiki/Lisa_Jeffrey,,
"Jekel, Solomon M.",2,2012,2025,0,,21,,,,,https://zbmath.org/authors/jekel.solomon-m,,,,,
"Jezierski, Jerzy",2,2002,2003,0,,62,University of Gdańsk,,http://jerzy_jezierski.users.sggw.pl/,https://mathscinet.ams.org/mathscinet/MRAuthorID/191506,https://zbmath.org/authors/jezierski.jerzy,https://www.mathgenealogy.org/id.php?id=146527,https://orcid.org/0000-0003-1096-9387,,,
"Ji, Lizhen",2,2012,2014,0,,164,,,http://www.math.lsa.umich.edu/~lji/,https://mathscinet.ams.org/mathscinet/MRAuthorID/290412,https://zbmath.org/authors/ji.lizhen,https://www.mathgenealogy.org/id.php?id=18739,,https://en.wikipedia.org/wiki/Lizhen_Ji,,
"Ji, Ronghui",2,2009,2012,0,,23,"Department of Mathematical Sciences Indiana University-Purdue University, Indianapolis 402 N. Blackford Street Indianapolis, IN 46202",arXiv:1307.1935 (2013),,,https://zbmath.org/authors/ji.ronghui,,,,,
"Jiang, Renfang",2,1991,1993,0,,12,,,,,https://zbmath.org/authors/jiang.renfang,,,,,
"Jiang, Yueping",2,2003,2023,0,,88,,,,,https://zbmath.org/authors/jiang.yueping,,,,,
"Jones, Keith John",2,2012,2014,0,,9,,,,,https://zbmath.org/authors/jones.keith-john,,,,,
"Jordan, David Andrew",2,2009,2011,0,,38,,,https://www.maths.ed.ac.uk/~djordan/,https://mathscinet.ams.org/mathscinet/MRAuthorID/871202,https://zbmath.org/authors/jordan.david-andrew,https://www.mathgenealogy.org/id.php?id=154663,,,,
"Jost, Jürgen",2,1987,2015,0,,390,,,https://www.mpg.de/390723/mathematics-in-the-sciences-jost,https://mathscinet.ams.org/mathscinet/MRAuthorID/95950,https://zbmath.org/authors/jost.jurgen,https://www.mathgenealogy.org/id.php?id=47011,https://orcid.org/0000-0001-5258-6590,https://en.wikipedia.org/wiki/J%C3%BCrgen_Jost,,ICM Invited Speaker (1986)
"Judge, Christopher M.",2,2000,2022,0,,31,,,https://cjudge.pages.iu.edu,https://mathscinet.ams.org/mathscinet/MRAuthorID/349512,https://zbmath.org/authors/judge.christopher-m,https://www.mathgenealogy.org/id.php?id=39752,,,,
"Juhász, Arye",2,2018,2026,0,,59,"The Technion, Israel",,https://gauss.technion.ac.il/people/arju/,https://mathscinet.ams.org/mathscinet/MRAuthorID/201875,https://zbmath.org/authors/juhasz.arye,https://www.mathgenealogy.org/id.php?id=43518,,,,
"Jöricke, Burglind",2,2020,2022,0,,60,"IHES, 35 Route de Chartres 91440 Bures-sur-Yvette France",arXiv:2105.13938 (2021),,https://mathscinet.ams.org/mathscinet/MRAuthorID/95820,https://zbmath.org/authors/joricke.burglind,https://www.mathgenealogy.org/id.php?id=101928,,,,
"Kabiraj, Arpan",2,2016,2022,0,,12,"Department of Mathematics, Indian Institute of Technology Palakkad",arXiv:2608.24317 (2026),https://sites.google.com/site/intoarpan/home,,https://zbmath.org/authors/kabiraj.arpan,,,,,
"Kalantar, Mehrdad",2,2022,2023,0,,40,"University of Oxford, UK",arXiv:2609.16974 (2026),,,https://zbmath.org/authors/kalantar.mehrdad,,,,,
"Kalelkar, Tejas",2,2020,2022,0,,13,,,,,https://zbmath.org/authors/kalelkar.tejas,,,,,
"Kaluba, Marek",2,2019,2022,0,,13,Department of Mathematics Karlsruhe Institute of Technology Englerstr. 2 D-76131 Karlsruhe Germany,arXiv:2306.12358 (2023),https://kalmar.faculty.wmi.amu.edu.pl/ http://amu.edu.pl/~kalmar,https://mathscinet.ams.org/mathscinet/MRAuthorID/974551,https://zbmath.org/authors/kaluba.marek,https://www.mathgenealogy.org/id.php?id=189220,https://orcid.org/0000-0002-8777-8223,,,
"Kaneto, Takeshi",2,1982,1983,0,,12,,,,,https://zbmath.org/authors/kaneto.takeshi,,,,,
"Kapari, Pankaj",2,2025,2025,0,,7,"Department of Mathematics Tata Institute of Fundamental Research Mumbai A-431, School of Mathematics, TIFR, Old Navy Nagar, Colaba Mumbai…",arXiv:2607.14608 (2026),https://sites.google.com/view/pankajkapdi/,,https://zbmath.org/authors/kapari.pankaj,https://www.mathgenealogy.org/id.php?id=331346,,,,
"Karpinski, Chris",2,2025,2026,0,,7,,,https://sites.google.com/view/chris-karpinski/home,,https://zbmath.org/authors/karpinski.chris,,https://orcid.org/0009-0007-7571-7654,,,
"Kasahara, Yasushi",2,2001,2024,0,,13,,,,,https://zbmath.org/authors/kasahara.yasushi,,,,,
"Kashaev, Rinat M.",2,2014,2026,0,,94,"Section de Mathématiques, Université de Genève 2-4 rue du Lièvre, Case Postale 64, 1211 Genève 4, Switzerland…",arXiv:2605.29443 (2026),https://www.unige.ch/math/folks/kashaev/,,https://zbmath.org/authors/kashaev.rinat-m,https://www.mathgenealogy.org/id.php?id=329346,https://orcid.org/0000-0001-5705-5561,,,ICM Invited Speaker (2018)
"Kasprowski, Daniel",2,2020,2021,0,,46,,,,,https://zbmath.org/authors/kasprowski.daniel,,,,,
"Katada, Mai",2,2023,2026,0,,11,"Graduate School of Mathematical Sciences, University of Tokyo, Tokyo 153-8914, Japan",arXiv:2609.34203 (2026),,,https://zbmath.org/authors/katada.mai,,https://orcid.org/0000-0002-7094-175X,,,
"Katerman, E.",2,2004,2006,0,,2,,,,,https://zbmath.org/authors/katerman.e,,,,,
"Kawasaki, Morimichi",2,2016,2025,0,,26,"Department of Mathematics, Faculty of Science, Hokkaido University, North 10, West 8, Kita-ku, Sapporo, Hokkaido 060-0810, Japan",arXiv:2605.19843 (2026),,,https://zbmath.org/authors/kawasaki.morimichi,,,,,
"Keating, Ailsa M.",2,2014,2022,0,,15,"Department of Pure Mathematics and Mathematical Statistics, Centre for Mathematical Sciences, University of Cambridge, Wilberforce Road…",arXiv:2503.05680 (2025),,,https://zbmath.org/authors/keating.ailsa-m,,,,,
"Kellerhals, Ruth",2,2007,2013,0,,41,"U. Fribourg, Switzerland",,https://homeweb.unifr.ch/kellerha/pub/Ruth-Main.html https://homeweb.unifr.ch/kellerha/pub/index.html,https://mathscinet.ams.org/mathscinet/MRAuthorID/288777,https://zbmath.org/authors/kellerhals.ruth,https://www.mathgenealogy.org/id.php?id=84525,https://orcid.org/0000-0001-5704-8521,https://en.wikipedia.org/wiki/Ruth_Kellerhals,,
"Kennedy, Matthew",2,2020,2022,0,,38,,,https://www.math.uwaterloo.ca/~m3kenned/,https://mathscinet.ams.org/mathscinet/MRAuthorID/836009,https://zbmath.org/authors/kennedy.matthew,https://www.mathgenealogy.org/id.php?id=155719,,,,
"Kenyon, Richard W.",2,1996,2013,0,,113,,,https://gauss.math.yale.edu/~rwk25/,https://mathscinet.ams.org/mathscinet/MRAuthorID/307971,https://zbmath.org/authors/kenyon.richard-w,https://www.mathgenealogy.org/id.php?id=18910,https://orcid.org/0000-0003-0035-7969,https://en.wikipedia.org/wiki/Richard_Kenyon,Rollo Davidson Prize (2001),ICM Invited Speaker (2018)
"Kerler, Thomas",2,2011,2016,0,,24,Harvard University,,,https://mathscinet.ams.org/mathscinet/MRAuthorID/308885,https://zbmath.org/authors/kerler.thomas,https://www.mathgenealogy.org/id.php?id=165663,,,,
"Kim, Heejoung",2,2023,2024,0,,4,"Department of Mathematics. Ohio State University. 231 West 18th Avenue, Columbus, OH, USA",arXiv:2304.04698 (2023),,,https://zbmath.org/authors/kim.heejoung,,,,,
"Kim, Young-Heon",2,2007,2008,0,,53,,,http://www.math.ubc.ca/~yhkim/index.html,,https://zbmath.org/authors/kim.young-heon,,,,,
"Kindred, Thomas",2,2018,2023,0,,20,,,,,https://zbmath.org/authors/kindred.thomas,,,,,
"Kineider, Clarence",2,2025,2026,0,,3,"Max Planck Institute for Mathematics in the Sciences Inselstraße 22, 04103 Leipzig, Germany",arXiv:2412.03588 (2024),https://kineider.github.io/,,https://zbmath.org/authors/kineider.clarence,,,,,
"Kiremidjian, Garo K.",2,1972,1974,0,,13,,,,,https://zbmath.org/authors/kiremidjian.garo-k,,,,,
"Kiwi, Jan",2,2015,2026,0,,27,"Facultad de Matemáticas, Pontificia Universidad Católica de Chile",arXiv:2501.13738 (2025),,https://mathscinet.ams.org/mathscinet/MRAuthorID/655733,https://zbmath.org/authors/kiwi.jan,https://www.mathgenealogy.org/id.php?id=52006,,,,
"Kleineidam, Gero",2,2002,2005,0,,4,,,,,https://zbmath.org/authors/kleineidam.gero,,,,,
"Klinge, Kevin",2,2026,2026,0,,3,,,,,https://zbmath.org/authors/klinge.kevin,,,,,
"Knieper, Gerhard",2,2002,2026,0,,48,,,,https://mathscinet.ams.org/mathscinet/MRAuthorID/103300,https://zbmath.org/authors/knieper.gerhard,https://www.mathgenealogy.org/id.php?id=74641,https://orcid.org/0000-0001-8683-5081,,,
"Kodama, Yuya",2,2024,2024,0,,12,,,https://sites.google.com/view/yuyakodama,,https://zbmath.org/authors/kodama.yuya,,https://orcid.org/0009-0005-6485-8262,,,
"Kondo, Takefumi",2,2012,2012,0,,12,,,,,https://zbmath.org/authors/kondo.takefumi,,,,,
"Kontorovich, Alex V.",2,2011,2024,1,Journal of the American Mathematical Society: 1,68,"Department of Mathematics, Rutgers University, New Brunswick, NJ",arXiv:2609.05349 (2026),http://www.math.rutgers.edu/~ak1230/,https://mathscinet.ams.org/mathscinet/MRAuthorID/704943,https://zbmath.org/authors/kontorovich.alex-v,https://www.mathgenealogy.org/id.php?id=110727,https://orcid.org/0000-0001-7626-8319,https://en.wikipedia.org/wiki/Alex_Kontorovich,,ICM Plenary Speaker (2026)
"Kopeliovich, Yaacov",2,2019,2019,0,,36,,,,,https://zbmath.org/authors/kopeliovich.yaacov,,,,,
"Krannich, Manuel",2,2020,2024,0,,24,Department of Mathematics Karlsruhe Institute of Technology 76131 Karlsruhe Germany,arXiv:2607.15979 (2026),https://manuelkrannich.github.io,,https://zbmath.org/authors/krannich.manuel,https://www.mathgenealogy.org/id.php?id=240560,,,,
"Krasnov, Kirill V.",2,2009,2011,0,,102,,,,,https://zbmath.org/authors/krasnov.kirill-v,,,,,
"Kuperberg, Gregory John",2,2011,2019,0,,75,U. California - Davis,,https://www.math.ucdavis.edu/~greg/,https://mathscinet.ams.org/mathscinet/MRAuthorID/264914,https://zbmath.org/authors/kuperberg.greg,https://www.mathgenealogy.org/id.php?id=31494,,https://en.wikipedia.org/wiki/Greg_Kuperberg,,
"Kwak, Sanghoon",2,2023,2026,0,,10,,,https://www.samkwak.info,,https://zbmath.org/authors/kwak.sanghoon,https://www.mathgenealogy.org/id.php?id=317502,https://orcid.org/0000-0001-5266-8481,,,
"Lacourte, Octave",2,2022,2022,0,,3,,,,,https://zbmath.org/authors/lacourte.octave,,,,,
"Lahn, Max",2,2025,2026,0,,6,"Department of Mathematics University of Michigan Ann Arbor, MI 48109",arXiv:2411.15321 (2024),,,https://zbmath.org/authors/lahn.max,,,,,
"Lam, Wai Yeung",2,2021,2024,0,,19,,,,,https://zbmath.org/authors/lam.wai-yeung,,https://orcid.org/0000-0003-4715-6152,,,
"Landry, Michael J.",2,2018,2023,0,,15,St. Louis U.,,https://mathstat.slu.edu/~landry/,,https://zbmath.org/authors/landry.michael-j,,,,,
"Lang, Lionel",2,2021,2026,0,,13,Faculty of Engineering and Sustainable Developement University of Gävle 80176 Gävle Sweden,arXiv:2103.02576 (2021),,,https://zbmath.org/authors/lang.lionel,,,,,
"Laudenbach, François",2,1973,2008,0,,86,Nantes University,,,https://mathscinet.ams.org/mathscinet/MRAuthorID/110705,https://zbmath.org/authors/laudenbach.francois,https://www.mathgenealogy.org/id.php?id=87971,https://orcid.org/0000-0002-5165-6259,,,
"Le Roux, Frédéric",2,2024,2026,0,,41,"IMJ-PRG, Sorbonne Université, 4 place Jussieu, 75252 Paris Cedex 05, France",arXiv:2601.03412 (2026),,,https://zbmath.org/authors/le-roux.frederic,,,,,
"LeBrun, Claude R.",2,1998,2009,0,,115,Stony Brook University,,https://www.math.stonybrook.edu/~claude/,https://mathscinet.ams.org/mathscinet/MRAuthorID/111330,https://zbmath.org/authors/lebrun.claude-r,https://www.mathgenealogy.org/id.php?id=11629,https://orcid.org/0000-0002-6794-2081,https://en.wikipedia.org/wiki/Claude_LeBrun,,ICM Invited Speaker (1994)
"Lederle, Waltraud",2,2019,2025,0,,14,"Faculty of Mathematics, Bielefeld University, Universitätsstraße 25, 33501 Bielefeld, Germany",arXiv:2512.20596 (2025),,,https://zbmath.org/authors/lederle.waltraud,,,,,
"Lee, Donghi",2,2013,2024,0,,32,"Department of Mathematics Pusan National University San-30 Jangjeon-Dong, Geumjung-Gu, Pusan, 609-735, Korea",arXiv:2306.14215 (2023),https://math.tulane.edu/~d-lee9/,,https://zbmath.org/authors/lee.donghi,,,,,
"Lee, Eonkyung",2,2008,2010,0,,27,,,,,https://zbmath.org/authors/lee.eonkyung,,,,,
"Lee, Jong Bum",2,1996,2005,0,,58,,,,https://mathscinet.ams.org/mathscinet/MRAuthorID/343537,https://zbmath.org/authors/lee.jong-bum,https://www.mathgenealogy.org/id.php?id=7151,,,,
"Lee, Ronnie",2,1984,1992,0,,77,,,,https://mathscinet.ams.org/mathscinet/MRAuthorID/194574,https://zbmath.org/authors/lee.ronnie,https://www.mathgenealogy.org/id.php?id=5443,,,,
"Lee, Seraphina Eun Bi",2,2023,2025,0,,8,"Department of Mathematics, Harvard University",arXiv:2602.10051 (2026),,,https://zbmath.org/authors/lee.seraphina-eun-bi,,,,,
"Leemans, Dimitri",2,2011,2013,0,,128,,,https://leemans.dimitri.web.ulb.be/index.html http://homepages.ulb.ac.be/~dleemans/,https://mathscinet.ams.org/mathscinet/MRAuthorID/613090,https://zbmath.org/authors/leemans.dimitri,https://www.mathgenealogy.org/id.php?id=85056,https://orcid.org/0000-0002-4439-502X,https://en.wikipedia.org/wiki/Dimitri_Leemans,,
"Lefeuvre, Thibault",2,2024,2025,0,,37,"Université Paris-Saclay, CNRS, Laboratoire de mathématiques d’Orsay, 91405, Orsay, France",arXiv:2609.29542 (2026),,,https://zbmath.org/authors/lefeuvre.thibault,,,,,
"Legaspi, Xabier",2,2024,2026,0,,2,"ICMAT, CSIC, 28049 Madrid, Spain & IRMAR, Université de Rennes 1, 35000 Rennes, France",arXiv:2405.14387 (2024),,,https://zbmath.org/authors/legaspi.xabier,,,,,
"Levaillant, Claire Isabelle",2,2012,2015,0,,30,,,,,https://zbmath.org/authors/levaillant.claire-isabelle,,,,,
"Levine, Alex",2,2024,2025,0,,19,,,,,https://zbmath.org/authors/levine.alex,,,,,
"Levit, Arie",2,2018,2025,0,,21,"Department of Pure Mathematics, Tel Aviv University, Israel",arXiv:2607.25065 (2026),https://english.tau.ac.il/profile/arielevit_78,,https://zbmath.org/authors/levit.arie,https://www.mathgenealogy.org/id.php?id=260307,,,,
"Li, Jingyan",2,2009,2011,0,,37,,,,,https://zbmath.org/authors/li.jingyan,,,,,
"Li, Kang",2,2021,2021,0,,83,"Centre for Mathematical Sciences, Lund University, Box 118, SE-221 00 Lund, Sweden",arXiv:2608.22439 (2026),,,https://zbmath.org/authors/li.kang.3,,,,,
"Li, Xin",2,2018,2026,0,,56,University of Glasgow,,https://www.gla.ac.uk/schools/mathematicsstatistics/staff/xinli/ http://www.maths.gla.ac.uk/~xli,https://mathscinet.ams.org/mathscinet/MRAuthorID/911893,https://zbmath.org/authors/li.xin,https://www.mathgenealogy.org/id.php?id=167832,https://orcid.org/0000-0002-2243-3742,,,
"Li, Youlin",2,2013,2013,0,,25,,,http://math.sjtu.edu.cn/Showteacher.aspx?id=80&info_lb=98&flag=98,,https://zbmath.org/authors/li.youlin,,,,,
"Liang, Hao",2,2013,2023,0,,44,,,,https://mathscinet.ams.org/mathscinet/MRAuthorID/1026030,https://zbmath.org/authors/liang.hao,https://www.mathgenealogy.org/id.php?id=185282,,,,
"Licata, Joan E.",2,2018,2020,0,,26,"Mathematical Sciences Institute, Australian National University & International Research Lab, France-Australia Mathematical Sciences and…",arXiv:2604.00448 (2026),,,https://zbmath.org/authors/licata.joan-e,,,,,
"Linnell, Peter Arnold",2,1983,2007,0,,68,Virginia Tech,,http://intranet.math.vt.edu/people/plinnell,https://mathscinet.ams.org/mathscinet/MRAuthorID/114455,https://zbmath.org/authors/linnell.peter-a,https://www.mathgenealogy.org/id.php?id=70452,,,,
"Liu, Beibei",2,2023,2023,0,,26,"Department of Mathematics, The Ohio State University, 100 Math Tower, 231 W 18th Ave, Columbus, OH 43201, USA",arXiv:2608.18906 (2026),https://www.math.ucdavis.edu/~bxliu/,,https://zbmath.org/authors/liu.beibei,,,,,
"Liu, Chiu-Chu Melissa",2,2003,2005,0,,63,,,https://www.math.columbia.edu/~ccliu/ http://www.math.columbia.edu/~ccliu/,https://mathscinet.ams.org/mathscinet/MRAuthorID/691648,https://zbmath.org/authors/liu.chiu-chu-melissa,https://www.mathgenealogy.org/id.php?id=69488,,https://en.wikipedia.org/wiki/Chiu-Chu_Melissa_Liu,,ICM Invited Speaker (2010)
"Liu, Chun-Hung",2,2024,2025,0,,58,,,,,https://zbmath.org/authors/liu.chun-hung,,,,,
"Liu, Peijia",2,2024,2026,0,,6,,,,,https://zbmath.org/authors/liu.peijia,,,,,
"Liu, Xiaobo",2,2007,2009,0,,27,,,,https://mathscinet.ams.org/mathscinet/MRAuthorID/816248,https://zbmath.org/authors/liu.xiaobo.3,https://www.mathgenealogy.org/id.php?id=97372,,,,ICM Invited Speaker (2006)
"Long, Yusen",2,2025,2026,0,,6,,,https://perso.math.u-pem.fr/long.yusen/index.html,,https://zbmath.org/authors/long.yusen,https://www.mathgenealogy.org/id.php?id=326377,https://orcid.org/0009-0006-3424-817X,,,
"Lou, Beicheng",2,2018,2022,0,,3,Department of Applied Physics Stanford University USA,arXiv:2010.10725 (2020),,,https://zbmath.org/authors/lou.beicheng,,,,,
"Louwsma, Joel",2,2011,2016,0,,13,"Department of Mathematics Niagara University Niagara University, NY 14109 USA",arXiv:2511.12765 (2025),https://jlouwsma.nupurple.net/,https://mathscinet.ams.org/mathscinet/MRAuthorID/932716,https://zbmath.org/authors/louwsma.joel,https://www.mathgenealogy.org/id.php?id=153744,,,,
"Loveland, L. D.",2,1974,1980,0,,49,,,,,https://zbmath.org/authors/loveland.l-d,,,,,
"Lue, Abraham S.-T.",2,1979,1979,0,,12,,,,,https://zbmath.org/authors/lue.abraham-s-t,,,,,
"Lyons, Russell",2,2008,2021,0,,115,"Department of Mathematics, 831 E. 3rd St., Indiana University, Bloomington, IN 47405-7106",arXiv:2109.10386 (2021),,https://mathscinet.ams.org/mathscinet/MRAuthorID/196888,https://zbmath.org/authors/lyons.russell,https://www.mathgenealogy.org/id.php?id=7100,https://orcid.org/0000-0001-8618-6173,https://en.wikipedia.org/wiki/Russell_Lyons,,ICM Invited Speaker (2014)
"Ma, Biao",2,2021,2026,0,,15,,,https://sites.google.com/view/biao-ma,,https://zbmath.org/authors/ma.biao,https://www.mathgenealogy.org/id.php?id=275009,,,,
"Macura, Nataša",2,2000,2011,0,,6,,,,,https://zbmath.org/authors/macura.natasa,,,,,
"Madsen, Ib Henning",2,2001,2006,2,Inventiones Mathematicae: 1; Journal of the American Mathematical Society: 1,116,Department of Mathematical Sciences University of Copenhagen Universitetsparken 5 DK-2100 Copenhagen Ø Denmark,arXiv:1401.4096 (2014),,https://mathscinet.ams.org/mathscinet/MRAuthorID/117855,https://zbmath.org/authors/madsen.ib-henning,https://www.mathgenealogy.org/id.php?id=6627,,https://en.wikipedia.org/wiki/Ib_Madsen,Ostrowski Prize (2011),ICM Plenary Speaker (2006)
"Maitani, Fumio",2,1982,2004,0,,33,,,,,https://zbmath.org/authors/maitani.fumio,,,,,
"Majid, Shahn",2,1999,2000,0,,232,Queen Mary University of London,,https://webspace.maths.qmul.ac.uk/s.majid/Welcome.html,https://mathscinet.ams.org/mathscinet/MRAuthorID/256215,https://zbmath.org/authors/majid.shahn,https://www.mathgenealogy.org/id.php?id=63541,https://orcid.org/0000-0003-1657-5434,https://en.wikipedia.org/wiki/Shahn_Majid,,
"Mannan, Wajid H.",2,2021,2024,0,,19,,,,https://mathscinet.ams.org/mathscinet/MRAuthorID/815502,https://zbmath.org/authors/mannan.wajid-h,https://www.mathgenealogy.org/id.php?id=113037,,,,
"Marchand, Alexis",2,2025,2026,0,,6,"Instytut Matematyczny Polskiej Akademii Nauk, Śniadeckich 8, 00-656 Warszawa, Poland",arXiv:2609.29872 (2026),https://alexis-marchand.github.io/,,https://zbmath.org/authors/marchand.alexis,https://www.mathgenealogy.org/id.php?id=324981,https://orcid.org/0000-0001-6594-4254,,,
"Maret, Arnaud",2,2022,2026,0,,9,"Université de Strasbourg, IRMA, 7 rue Descartes, 67000 Strasbourg, France",arXiv:2605.02823 (2026),https://arnaudmaret.com/,,https://zbmath.org/authors/maret.arnaud,https://www.mathgenealogy.org/id.php?id=291557,https://orcid.org/0009-0001-6253-779X,,,
"Mark, Thomas E.",2,2008,2018,0,,21,Department of Mathematics University of Virginia Charlottesville VA,arXiv:2512.04278 (2025),,,https://zbmath.org/authors/mark.thomas-e,,,,,
"Marrakchi, Amine",2,2021,2023,0,,27,,,,,https://zbmath.org/authors/marrakchi.amine,,,,,
"Marschler, Marco",2,2013,2016,0,,2,"Department of Mathematics, Bielefeld University, PO Box 100131, 33501 Bielefeld, Germany",arXiv:1207.4832 (2012),,,https://zbmath.org/authors/marschler.marco,,,,,
"Marsh, Bethany Rose",2,2017,2026,0,,56,"School of Mathematics, University of Leeds, Leeds LS2 9JT, U.K",arXiv:2506.21372 (2025),https://eps.leeds.ac.uk/maths/staff/8632/professor-bethany-rose-marsh http://www1.maths.leeds.ac.uk/~marsh/,https://mathscinet.ams.org/mathscinet/MRAuthorID/614298,https://zbmath.org/authors/marsh.bethany-rose,https://www.mathgenealogy.org/id.php?id=59125,https://orcid.org/0000-0002-4268-8937,https://en.wikipedia.org/wiki/Bethany_Rose_Marsh,Whitehead Prize (2009),
"Marzantowicz, Wacław",2,2002,2003,0,,82,University of Gdańsk,,,https://mathscinet.ams.org/mathscinet/MRAuthorID/120800,https://zbmath.org/authors/marzantowicz.waclaw,https://www.mathgenealogy.org/id.php?id=13914,https://orcid.org/0000-0001-5933-9955,https://en.wikipedia.org/wiki/Wac%C5%82aw_Marzantowicz,,
"Mason, W. K.",2,1972,1973,0,,7,,,,,https://zbmath.org/authors/mason.w-k,,,,,
"Mathieu, Pierre",2,2011,2020,0,,45,,,http://www.cmi.univ-mrs.fr/~pmathieu/,https://mathscinet.ams.org/mathscinet/MRAuthorID/208497,https://zbmath.org/authors/mathieu.pierre.2,https://www.mathgenealogy.org/id.php?id=127389,,,,
"Matignon, Daniel",2,2003,2007,0,,21,,,,,https://zbmath.org/authors/matignon.daniel,,,,,
"Matsuda, Yoshifumi",2,2009,2021,0,,15,"Department of Mathematical Sciences, College of Science and Engineering, Aoyama Gakuin University, 5-10-1 Fuchinobe, Chuo-ku, Sagamihara…",arXiv:2412.00839 (2024),http://www.agnes.aoyama.ac.jp/en/phys/faculty/matsuda.html,,https://zbmath.org/authors/matsuda.yoshifumi,,,,,
"Matsumoto, Makoto",2,1996,2000,0,,83,"Keio U., Japan",,http://www.math.sci.hiroshima-u.ac.jp/~m-mat/eindex.html https://www.math.keio.ac.jp/matumoto/eindex.html,https://mathscinet.ams.org/mathscinet/MRAuthorID/685953,https://zbmath.org/authors/matsumoto.makoto.1,,,https://en.wikipedia.org/wiki/Makoto_Matsumoto_(mathematician),,
"Matsumoto, Saburo",2,1997,1999,0,,7,,,,https://mathscinet.ams.org/mathscinet/MRAuthorID/612379,https://zbmath.org/authors/matsumoto.saburo,https://www.mathgenealogy.org/id.php?id=7229,,,,
"Matveev, Rostislav",2,1998,2000,0,,17,,,,,https://zbmath.org/authors/matveev.rostislav,,,,,
"Mauldin, Richard Daniel",2,1975,2001,0,,159,,,http://www.math.unt.edu/~mauldin/,https://mathscinet.ams.org/mathscinet/MRAuthorID/121615,https://zbmath.org/authors/mauldin.richard-daniel,https://www.mathgenealogy.org/id.php?id=11543,,,,
"Mayer, John C.",2,1992,1992,0,,40,,,https://people.cas.uab.edu/~jcmayer/,,https://zbmath.org/authors/mayer.john-c,,,,,
"Mazzeo, Rafe R.",2,2014,2017,0,,140,Stanford University,,https://web.stanford.edu/~rmazzeo/cgi-bin/ https://profiles.stanford.edu/rafe-mazzeo,https://mathscinet.ams.org/mathscinet/MRAuthorID/121945,https://zbmath.org/authors/mazzeo.rafe-r,https://www.mathgenealogy.org/id.php?id=57664,https://orcid.org/0000-0001-7058-3246,https://en.wikipedia.org/wiki/Rafe_Mazzeo,,
"Mazzocco, Marta",2,2011,2024,0,,45,,,https://www.birmingham.ac.uk/staff/profiles/maths/mazzocco-marta.aspx,https://mathscinet.ams.org/mathscinet/MRAuthorID/619941,https://zbmath.org/authors/mazzocco.marta,https://www.mathgenealogy.org/id.php?id=51294,https://orcid.org/0000-0001-9917-2547,,,
"McCoy, Duncan",2,2025,2025,0,,32,Université du Québec à Montréal,arXiv:2609.08756 (2026),,,https://zbmath.org/authors/mccoy.duncan,,,,,
"McMullen, Peter",2,1983,1985,0,,132,,,,https://mathscinet.ams.org/mathscinet/MRAuthorID/122700,https://zbmath.org/authors/mcmullen.peter,https://www.mathgenealogy.org/id.php?id=144150,,https://en.wikipedia.org/wiki/Peter_McMullen,,ICM Invited Speaker (1974)
"Mcintyre, Andrew",2,2006,2014,0,,4,Bennington College 1 College Drive Bennington Vermont 05201 U.S.A,arXiv:1209.4158 (2012),,,https://zbmath.org/authors/mcintyre.andrew,,,,,
"Mednykh, Aleksandr Dmitrievich",2,2001,2024,0,,162,,,,https://mathscinet.ams.org/mathscinet/MRAuthorID/122880,https://zbmath.org/authors/mednykh.alexander-d,https://www.mathgenealogy.org/id.php?id=80087,https://orcid.org/0000-0003-3084-1225,,,
"Meigniez, Gaël",2,1990,1993,0,,28,,,,https://mathscinet.ams.org/mathscinet/MRAuthorID/293013,https://zbmath.org/authors/meigniez.gael,https://www.mathgenealogy.org/id.php?id=128705,,,,
"Meiri, Chen",2,2013,2014,0,,20,Technion - Israel Institute of Technology ( Haifa Israel),arXiv:2110.11030 (2021),,https://mathscinet.ams.org/mathscinet/MRAuthorID/984409,https://zbmath.org/authors/meiri.chen,https://www.mathgenealogy.org/id.php?id=157468,,,,ICM Invited Speaker (2026)
"Menal Ferrer, Pere",2,2012,2014,0,,5,,,,https://mathscinet.ams.org/mathscinet/MRAuthorID/932049,https://zbmath.org/authors/menal-ferrer.pere,https://www.mathgenealogy.org/id.php?id=161491,,,,
"Merlin, Louis",2,2021,2023,0,,9,"Chair for Geometry and Analysis, RWTH Aachen University, Jakobstrasse 2, DE-52064 Aachen, Germany",arXiv:2109.03917 (2021),https://www.mathga.rwth-aachen.de/en/~merlin/home,https://mathscinet.ams.org/mathscinet/MRAuthorID/1152305,https://zbmath.org/authors/merlin.louis,https://www.mathgenealogy.org/id.php?id=190865,,,,
"Meyerovitch, Tom",2,2017,2023,0,,45,,,https://sites.google.com/site/tommeyerovitch/home,https://mathscinet.ams.org/mathscinet/MRAuthorID/824249,https://zbmath.org/authors/meyerovitch.tom,https://www.mathgenealogy.org/id.php?id=157360,,,,
"Michel, Jean",2,1997,2002,0,,60,"U. Paris VII, France",,https://webusers.imj-prg.fr/~jean.michel/ https://www.math.jussieu.fr/~jmichel/,https://mathscinet.ams.org/mathscinet/MRAuthorID/267033,https://zbmath.org/authors/michel.jean.2,https://www.mathgenealogy.org/id.php?id=108100,,,,
"Mihalik, Miachel L.",2,1983,2007,0,,3,,,,,https://zbmath.org/authors/mihalik.miachel-l,,,,,
"Mikhaĭlov, Roman Valer'evich",2,2012,2013,0,,82,Steklov Institute of Mathematics,,http://www.mi.ras.ru/~romanvm/,https://mathscinet.ams.org/mathscinet/MRAuthorID/684752,https://zbmath.org/authors/mikhailov.roman,https://www.mathgenealogy.org/id.php?id=184926,https://orcid.org/0000-0003-4096-4114,https://en.wikipedia.org/wiki/Roman_Mikhaylov,,ICM Invited Speaker (2022)
"Mila, Olivier",2,2018,2021,0,,8,"Centre de recherches mathématiques, Université de Montréal, Pavillon André-Aisenstadt, 2920 Chemin de la tour, Montréal, Québec, H3T 1J4…",arXiv:2112.07058 (2021),,,https://zbmath.org/authors/mila.olivier,,,,,
"Militon, Emmanuel",2,2019,2024,0,,17,University of Nice Sophia Antipolis,,,https://mathscinet.ams.org/mathscinet/MRAuthorID/1012477,https://zbmath.org/authors/militon.emmanuel,https://www.mathgenealogy.org/id.php?id=180894,,,,
"Milizia, Francesco",2,2024,2025,0,,8,"Dipartimento di Matematica, Università di Bologna, Italy",arXiv:2607.03264 (2026),,,https://zbmath.org/authors/milizia.francesco,,,,,
"Minemyer, Barry",2,2018,2025,0,,18,"Department of Mathematics, Computer Science, and Digital Forensics, Commonwealth University - Bloomsburg, Bloomsburg, Pennsylvania 17815",arXiv:2505.17853 (2025),,https://mathscinet.ams.org/mathscinet/MRAuthorID/1126831,https://zbmath.org/authors/minemyer.barry,https://www.mathgenealogy.org/id.php?id=177310,,,,
"Mitrofanov, Ivan Viktorovich",2,2020,2023,0,,21,Université de Genève,arXiv:2606.16259 (2026),,,https://zbmath.org/authors/mitrofanov.ivan-viktorovich,,,,,
"Mondal, Priyadip",2,2023,2026,0,,5,"Department of Mathematics, Ben Gurion University of the Negev, David Ben-Gurion Blvd. 1, P.O.B. 653, Be’er Sheva 8410501, Israel",arXiv:2607.08764 (2026),,,https://zbmath.org/authors/mondal.priyadip,,,,,
"Moon, Han-Bom",2,2021,2026,0,,38,"Department of Mathematics, Fordham University, New York, NY 10023",arXiv:2609.09596 (2026),https://www.hanbommoon.net/,https://mathscinet.ams.org/mathscinet/MRAuthorID/900333,https://zbmath.org/authors/moon.han-bom,https://www.mathgenealogy.org/id.php?id=192331,https://orcid.org/0000-0002-6532-0078,,,
"Moore, Justin Tatch",2,2013,2023,0,,63,Cornell University,,,https://mathscinet.ams.org/mathscinet/MRAuthorID/602643,https://zbmath.org/authors/moore.justin-tatch,https://www.mathgenealogy.org/id.php?id=46051,,https://en.wikipedia.org/wiki/Justin_T._Moore,,ICM Invited Speaker (2010)
"Morales, Israel",2,2022,2022,0,,11,"Departamento de Matemática y Estadística, Universidad de La Frontera, Temuco 4811230, Chile",arXiv:2601.09897 (2026),https://sites.google.com/view/israelmorales/home,,https://zbmath.org/authors/morales.israel,,,,,
"Moran, Molly A.",2,2016,2019,0,,10,"Department of Mathematics, The Colorado College, Colorado Springs, Colorado 80903",arXiv:2510.00211 (2025),,,https://zbmath.org/authors/moran.molly-a,,,,,
"Moroni, Davide",2,2008,2010,0,,8,,,http://cnr-it.academia.edu/DavideMoroni,https://mathscinet.ams.org/mathscinet/MRAuthorID/811186,https://zbmath.org/authors/moroni.davide,https://www.mathgenealogy.org/id.php?id=120558,https://orcid.org/0000-0002-5175-5126,,,
"Morris-Wright, Rose",2,2019,2026,0,,10,"Department of Mathematics and Statistics, Middlebury College, Warner Hall, Middlebury, VT 05753",arXiv:2403.03928 (2024),,,https://zbmath.org/authors/morris-wright.rose,,,,,
"Mousley, Sarah C.",2,2018,2019,0,,8,,,,,https://zbmath.org/authors/mousley.sarah-c,,,,,
"Mukherjee, Sabyasachi",2,2023,2026,0,,38,"School of Mathematics, Tata Institute of Fundamental Research, 1 Homi Bhabha Road, Mumbai 400005, India",arXiv:2607.07886 (2026),https://mathweb.tifr.res.in/~sabya/,https://mathscinet.ams.org/mathscinet/MRAuthorID/1098266,https://zbmath.org/authors/mukherjee.sabyasachi,https://www.mathgenealogy.org/id.php?id=195455,https://orcid.org/0000-0002-6868-6761,,,ICM Invited Speaker (2026)
"Murasugi, Kunio",2,1977,1982,0,,86,University of Toronto,,,https://mathscinet.ams.org/mathscinet/MRAuthorID/128345,https://zbmath.org/authors/murasugi.kunio,https://www.mathgenealogy.org/id.php?id=15850,,,,
"Myers, Robert B.",2,1993,2000,0,,30,,,,,https://zbmath.org/authors/myers.robert-b,,,,,
"Myropolska, Aglaia",2,2014,2019,0,,6,"Laboratoire de Mathématiques, Université Paris-Sud 11, Orsay, France",arXiv:1610.00198 (2016),,,https://zbmath.org/authors/myropolska.aglaia,,,,,
"Mühlherr, Bernhard Matthias",2,2017,2026,0,,83,,,,,https://zbmath.org/authors/muhlherr.bernhard-matthias,,,,,
"Müller, Heinz",2,1981,1982,1,Inventiones Mathematicae: 1,5,,,,https://mathscinet.ams.org/mathscinet/MRAuthorID/278697,https://zbmath.org/authors/mueller.heinz,https://www.mathgenealogy.org/id.php?id=18407,,,,
"Müller, Lukas",2,2023,2025,0,,36,,,,,https://zbmath.org/authors/muller.lukas,,,,,
"Nagel, Matthias",2,2015,2016,0,,22,"Department of Mathematics, ETH Zürich, Switzerland",arXiv:2004.04204 (2020),https://nagel.io/,https://mathscinet.ams.org/mathscinet/MRAuthorID/1085416,https://zbmath.org/authors/nagel.matthias.1,https://www.mathgenealogy.org/id.php?id=194594,,,,
"Naimi, Ramin",2,1994,1997,0,,34,,,,,https://zbmath.org/authors/naimi.ramin,,,,,
"Nair, Ajay Kumar",2,2025,2026,0,,4,,,,,https://zbmath.org/authors/nair.ajay-kumar,,,,,
"Nakamura, Kei",2,2014,2015,0,,7,,,,https://mathscinet.ams.org/mathscinet/MRAuthorID/1064412,https://zbmath.org/authors/nakamura.kei,https://www.mathgenealogy.org/id.php?id=141611,,,,
"Nakanishi, Toshihiro",2,1989,2001,0,,31,,,,,https://zbmath.org/authors/nakanishi.toshihiro,,,,,
"Napolitano, Fabien",2,2003,2003,0,,8,,,,,https://zbmath.org/authors/napolitano.fabien,,,,,
"Nariman, Sam",2,2018,2025,0,,20,,,https://www.math.purdue.edu/~snariman/index.html,https://mathscinet.ams.org/mathscinet/MRAuthorID/1228088,https://zbmath.org/authors/nariman.sam,https://www.mathgenealogy.org/id.php?id=196212,,,,
"Navas, Andrés",2,2010,2011,0,,71,,,http://www.mat.usach.cl/index.php/2012-12-19-12-50-19/academicos/75-andres-navas-flores,https://mathscinet.ams.org/mathscinet/MRAuthorID/696638,https://zbmath.org/authors/navas.andres,https://www.mathgenealogy.org/id.php?id=104589,,,,ICM Invited Speaker (2018)
"Nedela, Roman",2,1997,2005,0,,137,,,https://www.sav.sk/?lang=en&doc=user-org-user&user_no=5699,,https://zbmath.org/authors/nedela.roman,https://www.mathgenealogy.org/id.php?id=53338,,,,
"Neretin, Yuriĭ Aleksandrovich",2,2011,2018,0,,173,,,http://wwwth.itep.ru/~neretin http://www.mat.univie.ac.at/~neretin,https://mathscinet.ams.org/mathscinet/MRAuthorID/210026,https://zbmath.org/authors/neretin.yuri-a,https://www.mathgenealogy.org/id.php?id=42020,https://orcid.org/0000-0002-6467-6849,,,
"Neumann, Dean A.",2,1973,1977,0,,23,,,,,https://zbmath.org/authors/neumann.dean-a,,,,,
"Nevo, Amos",2,1994,2015,0,,61,Technion – Israel Institute of Technology,,,https://mathscinet.ams.org/mathscinet/MRAuthorID/319168,https://zbmath.org/authors/nevo.amos,https://www.mathgenealogy.org/id.php?id=114743,https://orcid.org/0000-0002-4913-9519,,,
"Ng, Lenhard L.",2,2005,2005,0,,46,Duke University,,http://www.math.duke.edu/~ng/math/,https://mathscinet.ams.org/mathscinet/MRAuthorID/613792,https://zbmath.org/authors/ng.lenhard-l,https://www.mathgenealogy.org/id.php?id=64820,,https://en.wikipedia.org/wiki/Lenhard_Ng,,
"Nicholson, John",2,2021,2026,0,,14,,,https://www.ma.ic.ac.uk/~jknichol/,,https://zbmath.org/authors/nicholson.john,https://www.mathgenealogy.org/id.php?id=278542,,,,
"Nogueira, João Miguel",2,2018,2022,0,,15,"University of Coimbra, CMUC, Department of Mathematics, Apartado 3008, 3001-454 Coimbra, Portugal",arXiv:2508.17504 (2025),,https://mathscinet.ams.org/mathscinet/MRAuthorID/924547,https://zbmath.org/authors/nogueira.joao-miguel,https://www.mathgenealogy.org/id.php?id=170017,https://orcid.org/0000-0002-7077-7566,,,
"Nyberg-Brodda, Carl-Fredrik",2,2025,2026,0,,40,"June E Huh Center for Mathematical Challenges, Korea Institute for Advanced Study (KIAS), Seoul 02455, Korea",arXiv:2609.12919 (2026),,,https://zbmath.org/authors/nyberg-brodda.carl-fredrik,,,,,
"Odrzygóźdź, Tomasz",2,2018,2025,0,,5,"Institute of Mathematics of the Polish Academy of Sciences, ul. Śniadeckich 8, 00-656 Warsaw, Poland",arXiv:2609.24037 (2026),,,https://zbmath.org/authors/odrzygozdz.tomasz,,,,,
"Oguni, Shinichi",2,2015,2024,0,,20,,,,,https://zbmath.org/authors/oguni.shinichi,,,,,
"Oh, Seungsang",2,2003,2006,0,,65,"Department of Mathematics, Korea University, Seoul 02841, Korea",arXiv:2609.08891 (2026),,,https://zbmath.org/authors/oh.seungsang,,,,,
"Okayasu, Rui",2,2006,2008,0,,18,,,,,https://zbmath.org/authors/okayasu.rui,,,,,
"Oliveira, André G.",2,2019,2024,2,Inventiones Mathematicae: 1; Annals of Mathematics: 1,28,"Centro de Matemática da Universidade do Porto, Departamento de Matemática, Faculdade de Ciências, Universidade do Porto, Rua do Campo…",arXiv:2609.38548 (2026),https://sites.google.com/view/aoliveira,https://mathscinet.ams.org/mathscinet/MRAuthorID/931316,https://zbmath.org/authors/gama-oliveira.andre,https://www.mathgenealogy.org/id.php?id=141475,https://orcid.org/0000-0003-4850-6222,,,
"Olivier, Baptiste",2,2012,2021,0,,7,,,,,https://zbmath.org/authors/olivier.baptiste,,,,,
"Ontaneda, Pedro",2,2009,2010,1,Annals of Mathematics: 1,44,"Binghamton University, Binghamton, New York, USA",arXiv:2205.04377 (2022),,,https://zbmath.org/authors/ontaneda.pedro,,,,,
"Orbegozo Rodriguez, Miguel",2,2025,2026,0,,6,"Université de Neuchâtel, Rue Emile-Argand 11, 2000 Neuchâtel, Switzerland",arXiv:2509.09615 (2025),https://sites.google.com/view/miguel-orbegozo-rodriguez/home,,https://zbmath.org/authors/orbegozo-rodriguez.miguel,https://www.mathgenealogy.org/id.php?id=321841,https://orcid.org/0000-0001-7283-4504,,,
"Orr, Kent E.",2,1999,2020,0,,29,"Department of Mathematics Indiana University Bloomington, Indiana 47405 USA",arXiv:2604.00460 (2026),,,https://zbmath.org/authors/orr.kent-e,,,,,
"Ouyang, Mingqing",2,1994,1997,0,,13,,,,,https://zbmath.org/authors/ouyang.mingqing,,,,,
"Palesi, Frédéric",2,2015,2021,0,,11,"I2M, Aix Marseille Université, CNRS, UMR 7373, 13453 Marseille, France",arXiv:2402.10838 (2024),,,https://zbmath.org/authors/palesi.frederic,,,,,
"Pan, Wenyu",2,2019,2024,0,,10,,,,,https://zbmath.org/authors/pan.wenyu,,,,,
"Papadoperakis, Ioannis",2,2014,2016,0,,31,,,,,https://zbmath.org/authors/papadoperakis.ioannis,,,,,
"Paquette, Elliot",2,2021,2022,0,,54,McGill University,,https://elliotpaquette.github.io/,https://mathscinet.ams.org/mathscinet/MRAuthorID/868866,https://zbmath.org/authors/paquette.elliot,https://www.mathgenealogy.org/id.php?id=176828,https://orcid.org/0000-0003-4156-6687,,,
"Park, Junghwan",2,2021,2026,0,,58,"Department of Mathematical Sciences and RIM, Seoul National University, Republic of Korea",arXiv:2609.18043 (2026),,,https://zbmath.org/authors/park.junghwan,,,,,
"Parker, Chris W.",2,1992,1998,0,,110,,,https://web.mat.bham.ac.uk/C.W.Parker/,https://mathscinet.ams.org/mathscinet/MRAuthorID/315689,https://zbmath.org/authors/parker.chris-w,https://www.mathgenealogy.org/id.php?id=88157,,,,
"Patil, Harsh",2,2025,2025,0,,5,"School of Mathematics, University of Bristol, Bristol, UK",arXiv:2607.03230 (2026),https://www.bristolmathsresearch.org/staff-profile/harsh-patil/,,https://zbmath.org/authors/patil.harsh,,https://orcid.org/0000-0003-0514-6917,,,
"Pengitore, Mark",2,2022,2022,0,,22,"Institute of Mathematics of Polish Academy of Sciences, Warsaw, Poland",arXiv:2510.14571 (2025),https://ims.shanghaitech.edu.cn/2026/0907/c4741a1126846/page.htm,,https://zbmath.org/authors/pengitore.mark,,,,,
"Perego, Davide",2,2024,2026,0,,13,,,,,https://zbmath.org/authors/perego.davide,,,,,
"Pervova, Ekaterina",2,2006,2012,0,,25,,,,,https://zbmath.org/authors/pervova.ekaterina,,,,,
"Pete, Gábor",2,2011,2020,1,Inventiones Mathematicae: 1,37,Alfréd Rényi Institute of Mathematics,,,https://mathscinet.ams.org/mathscinet/MRAuthorID/642510,https://zbmath.org/authors/pete.gabor,https://www.mathgenealogy.org/id.php?id=100899,,,Rollo Davidson Prize (2011),
"Peterson, Gary L.",2,1989,1993,0,,54,,,,,https://zbmath.org/authors/peterson.gary-l,,,,,
"Phillips, Anthony V.",2,2019,2021,0,,29,,,http://www.math.stonybrook.edu/~tony/,https://mathscinet.ams.org/mathscinet/MRAuthorID/224221,https://zbmath.org/authors/phillips.anthony-v,https://www.mathgenealogy.org/id.php?id=11726,,,,
"Phong, Duong Hong",2,1997,2008,0,,169,Columbia University,,https://www.math.columbia.edu/~phong/,https://mathscinet.ams.org/mathscinet/MRAuthorID/139200,https://zbmath.org/authors/phong.duong-hong,https://www.mathgenealogy.org/id.php?id=8345,,https://en.wikipedia.org/wiki/Duong_Hong_Phong,,ICM Invited Speaker (1994)
"Pierro, Emilio",2,2019,2020,0,,9,,,,,https://zbmath.org/authors/pierro.emilio,,,,,
"Piggott, Adam",2,2012,2016,0,,24,"Mathematical Sciences Institute, Australian National University, Canberra ACT 2601, Australia",arXiv:2509.22188 (2025),https://maths.anu.edu.au/people/academics/adam-piggott,https://mathscinet.ams.org/mathscinet/MRAuthorID/794726,https://zbmath.org/authors/piggott.adam,https://www.mathgenealogy.org/id.php?id=87498,,,,
"Pinsky, Tali",2,2023,2025,0,,18,"School of Mathematics Monash University, Australia and Department of Mathematics, The Technion IIT, Israel",arXiv:2607.28139 (2026),,,https://zbmath.org/authors/pinsky.tali,,,,,
"Pitsch, Wolfgang",2,2008,2018,0,,32,,,,,https://zbmath.org/authors/pitsch.wolfgang.1,,,,,
"Plamenevskaya, Olga",2,2009,2010,0,,23,"Department of Mathematics, Stony Brook University, Stony Brook, NY, 11794, U.S.A",arXiv:2605.18994 (2026),,,https://zbmath.org/authors/plamenevskaya.olga,,,,,
"Platis, Ioannis Dimou",2,2008,2008,0,,45,,,https://thalis.math.upatras.gr/~idplatis/,https://mathscinet.ams.org/mathscinet/MRAuthorID/659998,https://zbmath.org/authors/platis.ioannis-d,https://www.mathgenealogy.org/id.php?id=101287,https://orcid.org/0000-0002-0656-0856,,,
"Polterovich, Leonid Viktorovich",2,1994,2023,0,,119,Tel Aviv University,,http://www.math.tau.ac.il/~polterov/,https://mathscinet.ams.org/mathscinet/MRAuthorID/212615,https://zbmath.org/authors/polterovich.leonid,https://www.mathgenealogy.org/id.php?id=88155,https://orcid.org/0000-0002-4516-4047,https://en.wikipedia.org/wiki/Leonid_Polterovich,EMS Prize (1996),ICM Invited Speaker (1998)
"Popa, Sorin Teodor",2,2004,2020,1,Inventiones Mathematicae: 1,127,"Math Dept, UCLA, 520 Portola Plaza, Box 951555, Los Angeles, CA 90095, USA",arXiv:2308.05671 (2023),https://www.math.ucla.edu/~popa/,https://mathscinet.ams.org/mathscinet/MRAuthorID/141080,https://zbmath.org/authors/popa.sorin-teodor,https://www.mathgenealogy.org/id.php?id=36702,,https://en.wikipedia.org/wiki/Sorin_Popa,Ostrowski Prize (2009),ICM Plenary Speaker (2006); ICM Invited Speaker (1990)
"Portilla Cuadrado, Pablo",2,2021,2021,0,,11,,,https://pportilla.bitbucket.io/,,https://zbmath.org/authors/portilla-cuadrado.pablo,https://www.mathgenealogy.org/id.php?id=235146,https://orcid.org/0000-0001-8771-0192,,,
"Powell, Jerome L.",2,1978,1980,0,,7,,,,,https://zbmath.org/authors/powell.jerome-l,,,,,
"Powell, Mark",2,2020,2025,0,,96,"School of Mathematics and Statistics, University of Glasgow, United Kingdom",arXiv:2609.00233 (2026),http://maths.dur.ac.uk/users/mark.a.powell/,https://mathscinet.ams.org/mathscinet/MRAuthorID/975189,https://zbmath.org/authors/powell.mark,https://www.mathgenealogy.org/id.php?id=154933,https://orcid.org/0000-0002-4086-8758,,,
"Pruidze, Goderdzi",2,2008,2008,0,,4,"Department of Mathematics, Louisiana State University, Baton Rouge, LA 70803",arXiv:0804.1825 (2008),,,https://zbmath.org/authors/pruidze.goderdzi,,,,,
"Przytycki, Józef Henryk",2,1990,2019,0,,194,George Washington University,,https://home.gwu.edu/~przytyck/ http://home.gwu.edu/~przytyck/,https://mathscinet.ams.org/mathscinet/MRAuthorID/142495,https://zbmath.org/authors/przytycki.jozef-h,https://www.mathgenealogy.org/id.php?id=24562,,https://en.wikipedia.org/wiki/J%C3%B3zef_Przytycki,,
"Puglisi, Orazio",2,1992,2013,0,,40,"Dipartimento di Matematica e Informatica “U. Dini” Università di Firenze Viale Morgagni 67A, I-50134 Firenze, Italy",arXiv:2110.08852 (2021),,,https://zbmath.org/authors/puglisi.orazio,,,,,
"Puschnigg, Michael",2,2002,2010,1,Inventiones Mathematicae: 1,19,,,,,https://zbmath.org/authors/puschnigg.michael,,,,,
"Pylyavskyy, Pavlo",2,2022,2023,0,,77,,,https://sites.google.com/site/pylyavskyy/,,https://zbmath.org/authors/pylyavskyy.pavlo,,,,,
"Radu, Nicolas",2,2017,2017,1,Inventiones Mathematicae: 1,6,,,,,https://zbmath.org/authors/radu.nicolas,,,,,
"Raimbault, Jean",2,2020,2022,0,,27,"Institut de Mathématiques de Marseille, UMR 7373, CNRS, Aix-Marseille Université",arXiv:2602.01784 (2026),https://www.i2m.univ-amu.fr/perso/jean.raimbault/,https://mathscinet.ams.org/mathscinet/MRAuthorID/951452,https://zbmath.org/authors/raimbault.jean,https://www.mathgenealogy.org/id.php?id=171202,https://orcid.org/0000-0002-1945-2678,,,
"Ramos, Eric G.",2,2018,2024,0,,37,,,https://ericgramos.github.io/,https://mathscinet.ams.org/mathscinet/MRAuthorID/993563,https://zbmath.org/authors/ramos.eric-g,https://www.mathgenealogy.org/id.php?id=222167,,,,
"Ramos, Álvaro Krüger",2,2023,2025,0,,14,,,https://profalvaroramos.wordpress.com/,,https://zbmath.org/authors/ramos.alvaro-kruger,,https://orcid.org/0000-0003-1098-0324,,,
"Ramsey, Bobby W.",2,2009,2012,0,,10,"Department of Mathematics The Ohio State University Columbus, OH 43210",arXiv:1410.0060 (2014),,https://mathscinet.ams.org/mathscinet/MRAuthorID/874362,https://zbmath.org/authors/ramsey.bobby-w,https://www.mathgenealogy.org/id.php?id=143684,,,,
"Rapinchuk, Andrei S.",2,2000,2011,0,,113,,,,,https://zbmath.org/authors/rapinchuk.andrei-s,,,,,ICM Invited Speaker (2014)
"Rees, Mary",2,2002,2004,0,,36,University of Liverpool (former),,,https://mathscinet.ams.org/mathscinet/MRAuthorID/209113,https://zbmath.org/authors/rees.mary,https://www.mathgenealogy.org/id.php?id=85817,,https://en.wikipedia.org/wiki/Mary_Rees,Whitehead Prize (1988); Fellow of the Royal Society,ICM Invited Speaker (1990)
"Reich, Holger",2,2008,2019,0,,21,"Institut für Mathematik, Freie Universität Berlin, Germany",arXiv:1702.02218 (2017),,https://mathscinet.ams.org/mathscinet/MRAuthorID/652241,https://zbmath.org/authors/reich.holger,https://www.mathgenealogy.org/id.php?id=45476,,,,
"Remeslennikov, Vladimir Nikanorovich",2,2010,2012,0,,129,"Sobolev Institute of Mathematics (Russian Academy of Sciences), 13 Pevtsova St., Omsk 644099, Russia",arXiv:1803.00478 (2018),http://ofim.oscsbras.ru/~remesl/,https://mathscinet.ams.org/mathscinet/MRAuthorID/190203,https://zbmath.org/authors/remeslennikov.vladimir-n,https://www.mathgenealogy.org/id.php?id=10533,https://orcid.org/0000-0001-8225-0449,,,
"Renard, Claire",2,2014,2014,0,,3,,,,,https://zbmath.org/authors/renard.claire,,,,,
"Reyes-Carocca, Sebastián",2,2018,2020,0,,36,,,https://sites.google.com/site/sreyescarocca/home,https://mathscinet.ams.org/mathscinet/MRAuthorID/981144,https://zbmath.org/authors/reyes-carocca.sebastian,https://www.mathgenealogy.org/id.php?id=218903,https://orcid.org/0000-0001-7832-4150,,,
"Reynolds, Patrick",2,2015,2015,0,,11,,,,https://mathscinet.ams.org/mathscinet/MRAuthorID/841636,https://zbmath.org/authors/reynolds.patrick,https://www.mathgenealogy.org/id.php?id=126174,,,,
"Reznikov, Alexander G.",2,1996,1996,0,,42,,,,https://mathscinet.ams.org/mathscinet/MRAuthorID/205812,https://zbmath.org/authors/reznikov.alexander-g,https://www.mathgenealogy.org/id.php?id=105352,,,,
"Rivas, Cristóbal",2,2022,2026,0,,31,,,,https://mathscinet.ams.org/mathscinet/MRAuthorID/860662,https://zbmath.org/authors/rivas.cristobal,https://www.mathgenealogy.org/id.php?id=149372,,,,
"Rivin, Igor",2,2008,2012,0,,95,Temple U.,,https://math.temple.edu/~rivin/ https://cci30.com,https://mathscinet.ams.org/mathscinet/MRAuthorID/295064,https://zbmath.org/authors/rivin.igor,https://www.mathgenealogy.org/id.php?id=62757,https://orcid.org/0000-0001-9302-2169,https://en.wikipedia.org/wiki/Igor_Rivin,Whitehead Prize (1998),
"Rodaro, Emanuele",2,2024,2026,0,,68,"Politecnico di Milano, Milan, Italy",arXiv:2607.17335 (2026),,https://mathscinet.ams.org/mathscinet/MRAuthorID/780900,https://zbmath.org/authors/rodaro.emanuele,https://www.mathgenealogy.org/id.php?id=186873,https://orcid.org/0000-0002-1177-0372,,,
"Roger, Julien",2,2013,2014,0,,3,"Department of Mathematics, Rutgers University, New Brunswick NJ 08854",arXiv:1210.5509 (2012),,,https://zbmath.org/authors/roger.julien,,,,,
"Roig-Sanchis, Anna",2,2025,2026,0,,5,"Anna Roig SanchisLaboratoire J.A. Dieudonné, Université Côte d’Azur, CNRS, 06108 Nice, France",arXiv:2512.13139 (2025),https://annaroigsanchis.github.io/index.html,,https://zbmath.org/authors/roig-sanchis.anna,,,,,
"Roldán, Érika",2,2021,2022,0,,26,,,https://www.erikaroldan.net/,,https://zbmath.org/authors/roldan.erika,,,,,
"Ron-George, Liran",2,2026,2026,0,,4,,,,,https://zbmath.org/authors/ron-george.liran,,,,,
"Rosenberg, Harold",2,1983,2018,1,Annals of Mathematics: 1,156,,,,https://mathscinet.ams.org/mathscinet/MRAuthorID/150570,https://zbmath.org/authors/rosenberg.harold,https://www.mathgenealogy.org/id.php?id=31509,,https://en.wikipedia.org/wiki/Harold_Rosenberg_(mathematician),,
"Rosenthal, David S. H.",2,2005,2020,0,,24,"Department of Mathematics and Computer Science, St. John’s University, 8000 Utopia Pkwy, Queens, NY 11439, USA",arXiv:1804.09207 (2018),,,https://zbmath.org/authors/rosenthal.david-s-h,,,,,
"Rouquier, Raphaël",2,1998,2002,0,,64,"R.R.: UCLA Mathematics Department, Los Angeles, CA 90095-1555, USA",arXiv:2511.15604 (2025),https://www.math.ucla.edu/~rouquier/,https://mathscinet.ams.org/mathscinet/MRAuthorID/353858,https://zbmath.org/authors/rouquier.raphael,https://www.mathgenealogy.org/id.php?id=48580,https://orcid.org/0000-0002-6116-9649,https://en.wikipedia.org/wiki/Rapha%C3%ABl_Rouquier,Whitehead Prize (2006),ICM Invited Speaker (2006)
"Rourke, Colin",2,1999,2000,0,,68,"U. Warwick, U.K.",,https://www.maths.warwick.ac.uk/~cpr,https://mathscinet.ams.org/mathscinet/MRAuthorID/151120,https://zbmath.org/authors/rourke.colin-p,https://www.mathgenealogy.org/id.php?id=24425,,https://en.wikipedia.org/wiki/Colin_P._Rourke,,
"Roushon, Sayed K.",2,2000,2000,0,,41,,,,,https://zbmath.org/authors/roushon.sayed-k,,,,,
"Rémy, Bertrand",2,2006,2009,1,Inventiones Mathematicae: 1,50,"Unité de Mathématiques Pures et Appliquees (UMR 5669), École normale supérieure de Lyon, site Monod, 46 allée d’Italie, 69364 Lyon Cedex…",arXiv:2312.06860 (2023),,https://mathscinet.ams.org/mathscinet/MRAuthorID/653704,https://zbmath.org/authors/remy.bertrand,https://www.mathgenealogy.org/id.php?id=97704,https://orcid.org/0000-0002-5688-4293,,,ICM Invited Speaker (2014)
"Sabok, Marcin",2,2020,2021,0,,31,"Department of Mathematics and Statistics, McGill University, Montreal, Canada",arXiv:2512.09598 (2025),,https://mathscinet.ams.org/mathscinet/MRAuthorID/854631,https://zbmath.org/authors/sabok.marcin,https://www.mathgenealogy.org/id.php?id=144933,,,,
"Sagman, Nathaniel",2,2023,2024,0,,19,,,,,https://zbmath.org/authors/sagman.nathaniel,,,,,
"Saito, Kyoji",2,1972,2007,1,Inventiones Mathematicae: 1,85,,,http://www.kurims.kyoto-u.ac.jp/~saito/,https://mathscinet.ams.org/mathscinet/MRAuthorID/193919,https://zbmath.org/authors/saito.kyoji,https://www.mathgenealogy.org/id.php?id=76983,,https://en.wikipedia.org/wiki/Kyoji_Saito,,ICM Invited Speaker (1990)
"Salehi Golsefidy, Alireza",2,2012,2026,0,,28,,,https://mathweb.ucsd.edu/~asalehig/,https://mathscinet.ams.org/mathscinet/MRAuthorID/690108,https://zbmath.org/authors/salehi-golsefidy.alireza,https://www.mathgenealogy.org/id.php?id=109835,,,,
"Sanchez, Anthony",2,2024,2025,0,,13,"Department of Mathematics, University of Houston Philip Guthrie Hoffman Hall 3551 Cullen Blvd, Room 641 Houston, Texas 77204, USA",arXiv:2605.06967 (2026),https://sites.google.com/ucsd.edu/ans032/home,,https://zbmath.org/authors/sanchez.anthony,https://www.mathgenealogy.org/id.php?id=284247,,,,
"Sanghi, Apeksha",2,2025,2025,0,,8,"Department of Mathematics, Indian Institute of Science (IISc), CV Raman Road, Bengaluru 560012, Karnataka, India",arXiv:2606.27322 (2026),,,https://zbmath.org/authors/sanghi.apeksha,,,,,
"Savchuk, Dmytro M.",2,2014,2025,0,,37,"Department of Mathematics and Statistics University of South Florida 4202 E Fowler Ave Tampa, FL 33620-5700",arXiv:2607.26013 (2026),http://savchuk.myweb.usf.edu https://savchuk.myweb.usf.edu/,https://mathscinet.ams.org/mathscinet/MRAuthorID/725028,https://zbmath.org/authors/savchuk.dmytro-m,https://www.mathgenealogy.org/id.php?id=199159,https://orcid.org/0000-0002-3698-6110,,,
"Saveliev, Nikolai",2,2001,2002,0,,47,University of Miami,,,https://mathscinet.ams.org/mathscinet/MRAuthorID/364519,https://zbmath.org/authors/saveliev.nikolai,https://www.mathgenealogy.org/id.php?id=40379,https://orcid.org/0000-0002-3985-8835,,,
"Savini, Alessio",2,2021,2023,0,,33,,,https://sites.google.com/view/savinialessio/,https://mathscinet.ams.org/mathscinet/MRAuthorID/1339097,https://zbmath.org/authors/savini.alessio,https://www.mathgenealogy.org/id.php?id=241633,https://orcid.org/0000-0003-4652-9201,,,
"Sawicki, Damian",2,2017,2025,0,,11,"KU Leuven, Department of Mathematics, Celestijnenlaan 200b – box 2400, 3001 Leuven, Belgium",arXiv:2203.16953 (2022),https://sites.google.com/view/damiansawicki,https://mathscinet.ams.org/mathscinet/MRAuthorID/1060165,https://zbmath.org/authors/sawicki.damian,https://www.mathgenealogy.org/id.php?id=252257,https://orcid.org/0000-0002-4977-2509,,,
"Scherich, Nancy C.",2,2020,2023,0,,20,,,,,https://zbmath.org/authors/scherich.nancy-c,,,,,
"Schiffler, Ralf",2,2009,2019,0,,85,University of Connecticut,,http://www.math.uconn.edu/~schiffler/,https://mathscinet.ams.org/mathscinet/MRAuthorID/724459,https://zbmath.org/authors/schiffler.ralf,https://www.mathgenealogy.org/id.php?id=115170,,,,
"Schippers, Eric D.",2,2012,2015,0,,50,"Machray Hall, Dept. of Mathematics, University of Manitoba, Winnipeg, MB Canada R3T 2N2",arXiv:2506.08166 (2025),,,https://zbmath.org/authors/schippers.eric-d,,,,,
"Schmalian, Misha",2,2025,2026,0,,7,Department of Mathematics Imperial College London,arXiv:2609.39260 (2026),,,https://zbmath.org/authors/schmalian.misha,,,,,
"Schmidt, Thomas A.",2,2001,2004,0,,56,Oregon State University,,https://math.oregonstate.edu/directory/thomas-a-schmidt,https://mathscinet.ams.org/mathscinet/MRAuthorID/307915,https://zbmath.org/authors/schmidt.thomas-a,https://www.mathgenealogy.org/id.php?id=23062,,,,
"Schmoll, Martin Johannes",2,2008,2026,0,,18,"School of Mathematical and Statistical Sciences Clemson University Clemson, SC 29634 USA",arXiv:2606.17857 (2026),http://schmoll.people.clemson.edu/,https://mathscinet.ams.org/mathscinet/MRAuthorID/701047,https://zbmath.org/authors/schmoll.martin-johannes,https://www.mathgenealogy.org/id.php?id=99430,,,,
"Schneiderman, Rob",2,2010,2019,1,Annals of Mathematics: 1,24,"Dept. of Mathematics, Lehman College, City University of New York, Bronx, NY",arXiv:2312.16905 (2023),http://comet.lehman.cuny.edu/schneiderman/,https://mathscinet.ams.org/mathscinet/MRAuthorID/669354,https://zbmath.org/authors/schneiderman.rob,https://www.mathgenealogy.org/id.php?id=59791,,https://en.wikipedia.org/wiki/Rob_Schneiderman_(mathematician),,
"Schoenfeld, Eric",2,2008,2015,0,,5,,,,https://mathscinet.ams.org/mathscinet/MRAuthorID/734597,https://zbmath.org/authors/schoenfeld.eric,https://www.mathgenealogy.org/id.php?id=138257,,,,
"Schramm, Oded",2,2006,2012,0,,101,Microsoft Research,,,https://mathscinet.ams.org/mathscinet/MRAuthorID/258937,https://zbmath.org/authors/schramm.oded,https://www.mathgenealogy.org/id.php?id=18911,,https://en.wikipedia.org/wiki/Oded_Schramm,Salem Prize (2001); Clay Research Award (2002); Henri Poincaré Prize (2003); Pólya Prize (2006); Ostrowski Prize (2007),ICM Plenary Speaker (2006)
"Schröder, Viktor M. H.",2,2007,2007,1,Inventiones Mathematicae: 1,82,,,http://user.math.uzh.ch/schroeder/,https://mathscinet.ams.org/mathscinet/MRAuthorID/157030,https://zbmath.org/authors/schroder.viktor-m-h,https://www.mathgenealogy.org/id.php?id=44990,https://orcid.org/0000-0001-5694-0606,,,
"Schulz, Christoph",2,1983,1985,0,,27,,,,https://mathscinet.ams.org/mathscinet/MRAuthorID/157185,https://zbmath.org/authors/schulz.christoph.4,https://www.mathgenealogy.org/id.php?id=101953,,,,
"Schwab, Johannes",2,2024,2025,0,,3,"Institut für Mathematik, Goethe-Universität Frankfurt, Robert-Mayer-Str. 6-8, 60325 Frankfurt am Main, Germany",arXiv:2303.17929 (2023),https://www.uni-frankfurt.de/115634639/Johannes_Schwab,,https://zbmath.org/authors/schwab.johannes,,,,,
"Schwer, Petra N.",2,2011,2016,0,,37,,,https://web.mathi.uni-heidelberg.de/ggt/schwer,https://mathscinet.ams.org/mathscinet/MRAuthorID/810162,https://zbmath.org/authors/schwer.petra-n,https://www.mathgenealogy.org/id.php?id=134211,,,,
"Segev, Yoav",2,1992,2002,2,Annals of Mathematics: 1; Acta Mathematica: 1,82,,,,,https://zbmath.org/authors/segev.yoav,,,,,
"Seiler, Wolfgang K.",2,1987,1987,0,,12,,,,,https://zbmath.org/authors/seiler.wolfgang-k,,,,,
"Selinger, Nikita",2,2012,2016,1,Inventiones Mathematicae: 1,12,,,,https://mathscinet.ams.org/mathscinet/MRAuthorID/874467,https://zbmath.org/authors/selinger.nikita,https://www.mathgenealogy.org/id.php?id=156419,,,,
"Servatius, Herman",2,1989,1993,0,,42,,,https://www.wpi.edu/people/faculty/hservat,https://mathscinet.ams.org/mathscinet/MRAuthorID/263158,https://zbmath.org/authors/servatius.herman,https://www.mathgenealogy.org/id.php?id=142977,,,,
"Seward, Brandon M.",2,2014,2023,0,,27,,,https://mathweb.ucsd.edu/~bseward/,https://mathscinet.ams.org/mathscinet/MRAuthorID/884743,https://zbmath.org/authors/seward.brandon-m,https://www.mathgenealogy.org/id.php?id=192535,,,,
"Shackleton, Kenneth J.",2,2007,2009,0,,13,,,,,https://zbmath.org/authors/shackleton.kenneth-j,,,,,
"Shen, Linhui",2,2025,2025,1,Journal of the American Mathematical Society: 1,16,"Michigan State University, Dept. of Mathematics, USA",arXiv:2508.03816 (2025),https://sites.google.com/site/linhuishenmath/,https://mathscinet.ams.org/mathscinet/MRAuthorID/1066889,https://zbmath.org/authors/shen.linhui,https://www.mathgenealogy.org/id.php?id=186468,https://orcid.org/0000-0001-7424-8621,,,
"Shokrieh, Farbod",2,2019,2020,1,Inventiones Mathematicae: 1,27,"University of Washington Box 354350 Seattle, WA 98195 USA",arXiv:2601.19757 (2026),,,https://zbmath.org/authors/shokrieh.farbod,,,,,
"Shpilrain, Vladimir",2,1998,1999,0,,126,CUNY,,https://shpilrain.ccny.cuny.edu/ https://www.sci.ccny.cuny.edu/~shpil/,,https://zbmath.org/authors/shpilrain.vladimir,https://www.mathgenealogy.org/id.php?id=83485,https://orcid.org/0000-0003-2239-7996,,,
"Shumyatsky, Pavel",2,1994,2004,0,,263,,,,https://mathscinet.ams.org/mathscinet/MRAuthorID/250501,https://zbmath.org/authors/shumyatsky.pavel,https://www.mathgenealogy.org/id.php?id=147185,https://orcid.org/0000-0002-4976-5675,,,
"Sieradski, Allan J.",2,1980,1983,0,,24,,,,,https://zbmath.org/authors/sieradski.allan-j,,,,,
"Sikora, Adam S.",2,2005,2019,0,,48,SUNY-Buffalo,,https://www.acsu.buffalo.edu/~asikora/ https://www.math.buffalo.edu/~asikora/,https://mathscinet.ams.org/mathscinet/MRAuthorID/364939,https://zbmath.org/authors/sikora.adam-s,https://www.mathgenealogy.org/id.php?id=66676,https://orcid.org/0000-0001-9396-3903,,,
"Simon, Christopher-Lloyd",2,2024,2025,0,,15,,,,,https://zbmath.org/authors/simon.christopher-lloyd,,,,,
"Sinclair, Thomas",2,2013,2016,0,,34,,,,https://mathscinet.ams.org/mathscinet/MRAuthorID/929498,https://zbmath.org/authors/sinclair.thomas,https://www.mathgenealogy.org/id.php?id=165249,,,,
"Slocum, Richard",2,1972,1975,0,,2,,,,,https://zbmath.org/authors/slocum.richard,,,,,
"Smirnov, Gleb E.",2,2022,2023,0,,26,,,,,https://zbmath.org/authors/smirnov.gleb-e,,,,,
"Smith, Ivan",2,2006,2021,0,,70,University of Cambridge,,,https://mathscinet.ams.org/mathscinet/MRAuthorID/650668,https://zbmath.org/authors/smith.ivan,https://www.mathgenealogy.org/id.php?id=93811,,https://en.wikipedia.org/wiki/Ivan_Smith_(mathematician),Whitehead Prize (2007); Fellow of the Royal Society (2023),ICM Invited Speaker (2018)
"Snopce, Ilir",2,2017,2022,0,,22,"Universidade Federal do Rio de Janeiro Instituto de Matemática 21941-909 Rio de Janeiro, RJ Brasil",arXiv:2206.07863 (2022),,,https://zbmath.org/authors/snopce.ilir,,,,,
"Soergel, Mireille",2,2023,2023,0,,5,"Max Planck Institute-Leipzig, Germany",,https://soergelm.github.io/,,https://zbmath.org/authors/soergel.mireille,,,,,
"Song, Yongjin",2,2007,2024,0,,18,Department of Mathematics Inha University Incheon 22212 Republic of Korea,arXiv:2206.13333 (2022),,,https://zbmath.org/authors/song.yongjin,,,,,
"Sorvali, Tuomas",2,1986,1989,0,,27,,,,,https://zbmath.org/authors/sorvali.tuomas,,,,,
"Spitler, Ryan",2,2020,2026,1,Annals of Mathematics: 1,5,"Mathematical Institute, Andrew Wiles Building, University of Oxford, Oxford OX2 6GG, UK",arXiv:2312.06058 (2023),,,https://zbmath.org/authors/spitler.ryan,,,,,
"Stallings, John R.",2,1988,1991,0,,52,"University of California, Berkeley",,,https://mathscinet.ams.org/mathscinet/MRAuthorID/166100,https://zbmath.org/authors/stallings.john-r,https://www.mathgenealogy.org/id.php?id=452,,https://en.wikipedia.org/wiki/John_R._Stallings,,ICM Invited Speaker (1970)
"Starbird, Michael P.",2,1978,1978,0,,35,University of Texas at Austin,,,https://mathscinet.ams.org/mathscinet/MRAuthorID/166355,https://zbmath.org/authors/starbird.michael-p,https://www.mathgenealogy.org/id.php?id=9323,,https://en.wikipedia.org/wiki/Michael_Starbird,,
"Stephenson, Kenneth",2,1991,1992,0,,54,U. Tennessee - Knoxville,,https://www.math.utk.edu/~kens/,https://mathscinet.ams.org/mathscinet/MRAuthorID/216579,https://zbmath.org/authors/stephenson.kenneth,https://www.mathgenealogy.org/id.php?id=9596,,,,
"Stong, Robert E.",2,1983,1984,0,,101,,,,https://mathscinet.ams.org/mathscinet/MRAuthorID/167700,https://zbmath.org/authors/stong.robert-e,https://www.mathgenealogy.org/id.php?id=6510,,https://en.wikipedia.org/wiki/Robert_Evert_Stong,,
"Strambach, Karl",2,1975,1998,0,,128,University of Tübingen,,,https://mathscinet.ams.org/mathscinet/MRAuthorID/167920,https://zbmath.org/authors/strambach.karl,https://www.mathgenealogy.org/id.php?id=21627,,,,
"Struyve, Koen",2,2011,2025,0,,26,,,,https://mathscinet.ams.org/mathscinet/MRAuthorID/831415,https://zbmath.org/authors/struyve.koen,https://www.mathgenealogy.org/id.php?id=152546,,,,
"Studenmund, Daniel",2,2024,2024,0,,16,SUNY - Binghamton,,https://sites.google.com/view/studenmund/home,,https://zbmath.org/authors/studenmund.daniel,,,,,
"Sturm, Jacob",2,2008,2024,0,,59,Rutgers University,,,https://mathscinet.ams.org/mathscinet/MRAuthorID/243022,https://zbmath.org/authors/sturm.jacob,https://www.mathgenealogy.org/id.php?id=93166,,,,
"Su, Yang",2,2024,2025,0,,27,,,http://homepage.amss.ac.cn/research/homePage/557e5446387442b580e7cead66328f23/myHomePage.html,https://mathscinet.ams.org/mathscinet/MRAuthorID/739761,https://zbmath.org/authors/su.yang,https://www.mathgenealogy.org/id.php?id=116816,,,,
"Sultan, Harold Mark",2,2015,2015,0,,7,,,,,https://zbmath.org/authors/sultan.harold-mark,,,,,
"Sun, Xiaofeng",2,2004,2005,0,,23,,,https://math.cas.lehigh.edu/xiaofeng-sun,https://mathscinet.ams.org/mathscinet/MRAuthorID/693803,https://zbmath.org/authors/sun.xiaofeng,https://www.mathgenealogy.org/id.php?id=93172,,,,
"Sussan, Joshua",2,2014,2016,0,,39,"Department of Mathematics, CUNY Medgar Evers, Brooklyn, NY 11225, USA",arXiv:2509.02843 (2025),,,https://zbmath.org/authors/sussan.joshua,,,,,
"Szabo, Zoltan",2,2005,2021,0,,100,"Department of Mathematics, Princeton University, Princeton, NJ 08544, USA",arXiv:2609.34042 (2026),https://web.math.princeton.edu/~szabo/,https://mathscinet.ams.org/mathscinet/MRAuthorID/348861,https://zbmath.org/authors/szabo.zoltan,https://www.mathgenealogy.org/id.php?id=6251,https://orcid.org/0009-0005-3680-0901,https://en.wikipedia.org/wiki/Zolt%C3%A1n_Szab%C3%B3_(mathematician),Veblen Prize (2007),ICM Invited Speaker (2006)
"Szczepański, Andrzej",2,2003,2018,0,,56,"Institute of Mathematics, Faculty of Mathematics, Physics and Informatics, University of GdańskWita Stwosza 57, 80-308 Gdańsk, Poland",arXiv:2401.05141 (2024),,,https://zbmath.org/authors/szczepanski.andrzej,,https://orcid.org/0000-0002-7927-261X,,,
"Szepietowski, Błażej",2,2014,2025,0,,25,,,https://mat.ug.edu.pl/~blaszep/,,https://zbmath.org/authors/szepietowski.blazej,,https://orcid.org/0000-0002-6219-7895,,,
"Tahar, Guillaume",2,2025,2026,0,,41,"Beijing Institute of Mathematical Sciences and Applications, Huairou District, Beijing, China",arXiv:2605.28266 (2026),https://www.bimsa.cn/detail/tahar.html,,https://zbmath.org/authors/tahar.guillaume,https://www.mathgenealogy.org/id.php?id=275064,https://orcid.org/0000-0002-1530-3923,,,
"Takao, Naotake",2,1995,1998,0,,7,,,,,https://zbmath.org/authors/takao.naotake,,,,,
"Tamuz, Omer",2,2016,2024,0,,55,California Institute of Technology,,,https://mathscinet.ams.org/mathscinet/MRAuthorID/898902,https://zbmath.org/authors/tamuz.omer,https://www.mathgenealogy.org/id.php?id=175931,https://orcid.org/0000-0002-0111-0418,,,
"Taniguchi, Masahiko",2,2003,2008,0,,84,,,https://www.nara-wu.ac.jp/math/personal/taniguchi/taniguchi.htm,,https://zbmath.org/authors/taniguchi.masahiko,,,,,
"Tao, Terence",2,2010,2012,1,Publications Mathématiques de l'IHÉS: 1,442,"University of California, Los Angeles",,https://www.math.ucla.edu/~tao/ http://www.math.ucla.edu/~tao/,https://mathscinet.ams.org/mathscinet/MRAuthorID/361755,https://zbmath.org/authors/tao.terence-c,https://www.mathgenealogy.org/id.php?id=43967,https://orcid.org/0000-0002-0140-7641,https://en.wikipedia.org/wiki/Terence_Tao,Salem Prize (2000); Bôcher Prize (2002); Clay Research Award (2003); Fields Medal (2006); SASTRA Ramanujan Prize (2006); Fellow of the Royal Society (2007); MacArthur Fellowship (2007); Ostrowski Prize (2007); Pólya Prize (2009); King Faisal Prize (2010); Nemmers Prize (2010); Crafoord Prize (2012); Breakthrough Prize in Mathematics (2015),ICM Plenary Speaker (2006)
"Taubes, Clifford Henry",2,1990,1998,0,,133,Harvard University,,https://www.math.harvard.edu/people/taubes-cliff/,https://mathscinet.ams.org/mathscinet/MRAuthorID/171070,https://zbmath.org/authors/taubes.clifford-henry,https://www.mathgenealogy.org/id.php?id=18756,,https://en.wikipedia.org/wiki/Clifford_Taubes,Veblen Prize (1991); Clay Research Award (2008); Shaw Prize (2009),"ICM Plenary Speaker (1994); ICM Invited Speaker (1986, 1998)"
"Thickstun, Thomas L.",2,1985,2019,0,,17,,,,,https://zbmath.org/authors/thickstun.thomas-l,,,,,
"Thomas, Charles Benedict",2,1984,1998,0,,78,,,,https://mathscinet.ams.org/mathscinet/MRAuthorID/172165,https://zbmath.org/authors/thomas.charles-b,https://www.mathgenealogy.org/id.php?id=65752,,,,
"Thomas, Hugh Ross",2,2009,2011,0,,106,,,http://lacim-membre.uqam.ca/~hugh/,https://mathscinet.ams.org/mathscinet/MRAuthorID/649257,https://zbmath.org/authors/thomas.hugh-ross,https://www.mathgenealogy.org/id.php?id=46786,,,,
"Thuswaldner, Jörg Maximilian",2,2016,2020,0,,110,"Chair of Mathematics and Statistics, University of Leoben, Franz-Josef-Strasse 18, A-8700 Leoben, AUSTRIA",arXiv:2603.27054 (2026),,,https://zbmath.org/authors/thuswaldner.jorg-maximilian,,https://orcid.org/0000-0001-5308-762X,,,
"Thévenin, Paul",2,2023,2024,0,,21,"Université d’Angers, CNRS, LAREMA, F-49000 Angers, France",arXiv:2609.15451 (2026),,,https://zbmath.org/authors/thevenin.paul,,,,,
"Timmesfeld, Franz Georg",2,1987,1991,2,Inventiones Mathematicae: 2,64,,,,https://mathscinet.ams.org/mathscinet/MRAuthorID/172705,https://zbmath.org/authors/timmesfeld.franz-georg,https://www.mathgenealogy.org/id.php?id=42060,,,,
"Timár, Ádám",2,2012,2013,0,,41,,,,https://mathscinet.ams.org/mathscinet/MRAuthorID/698270,https://zbmath.org/authors/timar.adam,https://www.mathgenealogy.org/id.php?id=109383,,,,
"Tirel, Carrie J.",2,2011,2019,0,,3,"Department of Mathematics University of Wisconsin-Fox Valley, Menasha, WI 54952",arXiv:1808.07923 (2018),,https://mathscinet.ams.org/mathscinet/MRAuthorID/951716,https://zbmath.org/authors/tirel.carrie-j,https://www.mathgenealogy.org/id.php?id=148390,,,,
"Tits, Jacques",2,1977,1987,1,Inventiones Mathematicae: 1,186,,,,https://mathscinet.ams.org/mathscinet/MRAuthorID/172875,https://zbmath.org/authors/tits.jacques,https://www.mathgenealogy.org/id.php?id=22900,,https://en.wikipedia.org/wiki/Jacques_Tits,Wolf Prize (1993); Cantor Medal (1996); Abel Prize (2008),"ICM Plenary Speaker (1962, 1974); ICM Invited Speaker (1970)"
"To, Wing-Keung",2,2001,2011,0,,37,,,,,https://zbmath.org/authors/to.wing-keung,,,,,
"Toledano Laredo, Valerio",2,2002,2024,1,Inventiones Mathematicae: 1,33,,,,,https://zbmath.org/authors/toledano-laredo.valerio,,,,,
"Toledo, Domingo",2,1989,2012,0,,55,,,,,https://zbmath.org/authors/toledo.domingo,,,,,
"Tollefson, Jeffrey L.",2,1982,1994,0,,41,,,,https://mathscinet.ams.org/mathscinet/MRAuthorID/250113,https://zbmath.org/authors/tollefson.jeffrey-l,https://www.mathgenealogy.org/id.php?id=407,,,,
"Tondra, Richard J.",2,1970,1975,0,,10,,,,,https://zbmath.org/authors/tondra.richard-j,,,,,
"Topping, Peter Miles",2,2013,2018,0,,72,University of Warwick,,,https://mathscinet.ams.org/mathscinet/MRAuthorID/624162,https://zbmath.org/authors/topping.peter-miles,https://www.mathgenealogy.org/id.php?id=23917,https://orcid.org/0000-0002-7346-7643,https://en.wikipedia.org/wiki/Peter_Topping,Whitehead Prize (2005),ICM Invited Speaker (2014)
"Toulisse, Jérémy",2,2018,2019,0,,14,"Université Côte d’Azur, CNRS, LJAD, France",arXiv:2512.07152 (2025),,,https://zbmath.org/authors/toulisse.jeremy,,,,,
"Trapani, Stefano",2,1992,2026,0,,48,,,,,https://zbmath.org/authors/trapani.stefano,,,,,
"Trapp, Rolland",2,2018,2025,0,,17,"Department of Mathematics California State University San Bernardino, CA 92407",arXiv:2512.10050 (2025),,,https://zbmath.org/authors/trapp.rolland,,,,,
"Treviño, Rodrigo",2,2014,2018,0,,27,,,,https://mathscinet.ams.org/mathscinet/MRAuthorID/859469,https://zbmath.org/authors/trevino.rodrigo,https://www.mathgenealogy.org/id.php?id=163713,,,,
"Triestino, Michele",2,2020,2025,0,,26,"Université Bourgogne Europe, CNRS, IMB UMR 5584, 21000 Dijon, France & Institut Universitaire de France",arXiv:2506.01690 (2025),http://mtriestino.perso.math.cnrs.fr/,https://mathscinet.ams.org/mathscinet/MRAuthorID/1019783,https://zbmath.org/authors/triestino.michele,https://www.mathgenealogy.org/id.php?id=185165,https://orcid.org/0000-0002-2351-4413,,,
"Troitskiĭ, Evgeniĭ Vadimovich",2,2007,2020,0,,80,,,http://mech.math.msu.su/~troitsky/start_en.html,,https://zbmath.org/authors/troitskii.evgenii-vadimovich,,https://orcid.org/0000-0002-3901-195X,,,
"Truöl, Paula",2,2023,2026,0,,12,"School of Mathematics and Statistics, University of Glasgow, University Place, Glasgow, G12 8QQ, United Kingdom",arXiv:2606.30422 (2026),https://paulatruoel.github.io/,,https://zbmath.org/authors/truol.paula,,https://orcid.org/0000-0002-3733-8246,,,
"Tsai, Chia-Yen",2,2009,2011,0,,2,,,,https://mathscinet.ams.org/mathscinet/MRAuthorID/871609,https://zbmath.org/authors/tsai.chia-yen,https://www.mathgenealogy.org/id.php?id=150977,,,,
"Tsvietkova, Anastasiia",2,2014,2016,0,,20,,,,https://mathscinet.ams.org/mathscinet/MRAuthorID/885824,https://zbmath.org/authors/tsvietkova.anastasiia,https://www.mathgenealogy.org/id.php?id=162988,,,,
"Tuba, Imre",2,2001,2001,0,,4,"San Diego State University Imperial Valley Campus 720 Heber Ave. Calexico, CA 92231 U.S.A",arXiv:0806.0168 (2008),,,https://zbmath.org/authors/tuba.imre,,,,,
"Van Wyk, Leonard",2,1995,1998,0,,12,James Madison U.,,http://educ.jmu.edu/~vanwykla/ https://educ.jmu.edu/~vanwykla/,https://mathscinet.ams.org/mathscinet/MRAuthorID/352132,https://zbmath.org/authors/van-wyk.leonard,https://www.mathgenealogy.org/id.php?id=6789,,,,
"Varisco, Marco",2,2019,2021,0,,10,"University at Albany, State University of New York, USA",arXiv:1909.04487 (2019),https://varisco.info,https://mathscinet.ams.org/mathscinet/MRAuthorID/738359,https://zbmath.org/authors/varisco.marco,https://www.mathgenealogy.org/id.php?id=59713,https://orcid.org/0000-0002-5032-9459,,,
"Vavrichek, Diane M.",2,2008,2013,0,,3,,,,https://mathscinet.ams.org/mathscinet/MRAuthorID/849773,https://zbmath.org/authors/vavrichek.diane-m,https://www.mathgenealogy.org/id.php?id=132476,,,,
"Venkataramana, Tyakal Nanjundiah",2,2014,2014,2,Annals of Mathematics: 1; Inventiones Mathematicae: 1,53,"School of Mathematics, Tata Institute of Fundamental Research, Homi Bhabha Road, Bombay - 400 005, INDIA",arXiv:2201.00306 (2022),,https://mathscinet.ams.org/mathscinet/MRAuthorID/231730,https://zbmath.org/authors/venkataramana.tyakal-nanjundiah,https://www.mathgenealogy.org/id.php?id=145984,,https://en.wikipedia.org/wiki/T._N._Venkataramana,Shanti Swarup Bhatnagar Prize (2001),ICM Invited Speaker (2010)
"Vera, Anderson",2,2021,2022,0,,4,"Center for Geometry and Physics, Institute for Basic Science (POSTECH Campus) 79, Jigok-ro 127 beon-gil, Nam-gu, Pohang-si…",arXiv:2406.06857 (2024),,,https://zbmath.org/authors/vera.anderson,,https://orcid.org/0000-0001-7675-8633,,,
"Verbitsky, Misha",2,2012,2013,0,,168,Instituto Nacional de Matemática Pura e Aplicada,,http://verbit.ru/,https://mathscinet.ams.org/mathscinet/MRAuthorID/295067,https://zbmath.org/authors/verbitsky.misha,https://www.mathgenealogy.org/id.php?id=80541,https://orcid.org/0000-0002-7643-9963,https://en.wikipedia.org/wiki/Misha_Verbitsky,,ICM Invited Speaker (2014)
"Veselov, Alexander Petrovich",2,2005,2024,0,,184,Loughborough University School of Mathematical Sciences,,http://www.lboro.ac.uk/departments/maths/staff/academic/alexander-veselov/ https://www.itp.ac.ru/ru/persons/veselov-aleksandr-petrovich/,https://mathscinet.ams.org/mathscinet/MRAuthorID/194169,https://zbmath.org/authors/veselov.alexander-p,https://www.mathgenealogy.org/id.php?id=62893,https://orcid.org/0000-0001-8536-9082,,,
"Vespa, Christine",2,2015,2023,0,,23,"Aix Marseille Univ, CNRS, I2M, Marseille, France",arXiv:2509.02105 (2025),,https://mathscinet.ams.org/mathscinet/MRAuthorID/791943,https://zbmath.org/authors/vespa.christine,https://www.mathgenealogy.org/id.php?id=180289,,,,
"Vo, Anh Duc",2,2018,2022,0,,9,,,,,https://zbmath.org/authors/vo.anh-duc,,,,,
"Vo, Hanh Nguyen",2,2022,2024,0,,10,Arizona State University,arXiv:2505.00815 (2025),,,https://zbmath.org/authors/vo.hanh-nguyen,,,,,
"Vogt, Elmar",2,1973,2002,1,Inventiones Mathematicae: 1,28,,,http://www.mi.fu-berlin.de/math/groups/top/members/Professoren/vogt.html,https://mathscinet.ams.org/mathscinet/MRAuthorID/226268,https://zbmath.org/authors/vogt.elmar,https://www.mathgenealogy.org/id.php?id=13729,,,,
"Vokes, Kate M.",2,2022,2022,0,,4,"University of Luxembourg, 2 avenue de l’Université, 4365 Esch-sur-Alzette, Luxembourg",arXiv:2010.06464 (2020),,,https://zbmath.org/authors/vokes.kate-m,,,,,
"Vuorinen, Matti Keijo Kustaa",2,1994,2006,0,,287,University of Helsinki,,http://users.utu.fi/vuorinen/,https://mathscinet.ams.org/mathscinet/MRAuthorID/179630,https://zbmath.org/authors/vuorinen.matti-k,https://www.mathgenealogy.org/id.php?id=57135,https://orcid.org/0000-0002-1734-8228,https://en.wikipedia.org/wiki/Matti_Vuorinen,,
"Wakelin, Laura",2,2026,2026,0,,4,,,,,https://zbmath.org/authors/wakelin.laura,,,,,
"Wan, Renxing",2,2025,2026,0,,8,"School of Mathematical Sciences, Key Laboratory of MEA (Ministry of Education) & Shanghai Key Laboratory of PMMP, East China Normal…",arXiv:2607.11057 (2026),,,https://zbmath.org/authors/wan.renxing,,,,,
"Wan, Tom Yau-Heng",2,1992,1995,0,,29,"Department of Mathematics, The Chinese University of Hong Kong",arXiv:1905.02911 (2019),,,https://zbmath.org/authors/wan.tom-yau-heng,,,,,
"Wan, Xueyuan",2,2020,2025,0,,55,"Mathematical Science Research Center, Chongqing University of Technology, Chongqing 400054, China",arXiv:2609.37309 (2026),,,https://zbmath.org/authors/wan.xueyuan,,,,,
"Wang, Jieyan",2,2023,2026,0,,16,,,,,https://zbmath.org/authors/wang.jieyan,,,,,
"Wang, Qin",2,2006,2013,0,,64,,,https://math.ecnu.edu.cn/~qwang/intro_c.html?language=2&id=186,,https://zbmath.org/authors/wang.qin.1,,,,,
"Wang, Shi",2,2023,2023,0,,20,,,https://sites.google.com/site/shiwangmath/,https://mathscinet.ams.org/mathscinet/MRAuthorID/1034343,https://zbmath.org/authors/wang.shi,https://www.mathgenealogy.org/id.php?id=204175,https://orcid.org/0000-0002-9719-2154,,,
"Wang, Xianjin",2,2013,2018,0,,22,"College of Mathematics and Statistics Chongqing University, (at Huxi Campus), Key Laboratory of Nonlinear Analysis and its Applications…",arXiv:2507.17322 (2025),,,https://zbmath.org/authors/wang.xianjin,,,,,
"Wang, Zhongzi",2,2024,2026,0,,28,"School of Mathematical Sciences Peking University Beijing 100871, P.R. China",arXiv:2607.16147 (2026),,,https://zbmath.org/authors/wang.zhongzi,,,,,
"Warshall, Andrew D.",2,2010,2011,0,,7,Yale University,arXiv:1006.3948 (2010),,,https://zbmath.org/authors/warshall.andrew-d,,,,,
"Wason, Judith C.",2,1976,1980,0,,3,,,,,https://zbmath.org/authors/wason.judith-c,,,,,
"Watson, Liam",2,2012,2024,1,Journal of the American Mathematical Society: 1,34,,,,https://mathscinet.ams.org/mathscinet/MRAuthorID/803818,https://zbmath.org/authors/watson.liam,https://www.mathgenealogy.org/id.php?id=138289,,,,
"Webster, Corran",2,2005,2006,0,,7,"Department of Mathematical Sciences, University of Nevada Las Vegas, Las Vegas, NV 89154",arXiv:math/0310101 (2003),,,https://zbmath.org/authors/webster.corran,,,,,
"Wehrfritz, Bertram A. F.",2,1994,2004,0,,227,,,,https://mathscinet.ams.org/mathscinet/MRAuthorID/181275,https://zbmath.org/authors/wehrfritz.bertram-a-f,https://www.mathgenealogy.org/id.php?id=51538,,,,
"Wehrli, Stephan M.",2,2015,2017,0,,23,"Syracuse University, Department of Mathematics, 215 Carnegie, Syracuse, NY 13244",arXiv:2607.04018 (2026),https://smwehrli.expressions.syr.edu,https://mathscinet.ams.org/mathscinet/MRAuthorID/854589,https://zbmath.org/authors/wehrli.stephan-m,https://www.mathgenealogy.org/id.php?id=106687,,,,
"Weiss, Hartmut",2,2007,2013,0,,22,,,http://www.mathematik.uni-muenchen.de/~weiss/,https://mathscinet.ams.org/mathscinet/MRAuthorID/777371,https://zbmath.org/authors/weiss.hartmut.1,https://www.mathgenealogy.org/id.php?id=174891,,,,
"Westerland, Craig",2,2016,2025,0,,18,Matematiska institutionen Stockholms Universitet 106 91 Stockholm Sweden,arXiv:2302.07664 (2023),,https://mathscinet.ams.org/mathscinet/MRAuthorID/772093,https://zbmath.org/authors/westerland.craig,https://www.mathgenealogy.org/id.php?id=22799,,,,
"Whang, Junho Peter",2,2020,2022,0,,14,"Department of Mathematical Sciences & RIMS, Seoul National University, Seoul 08826, S. Korea",arXiv:2603.05849 (2026),,,https://zbmath.org/authors/whang.junho-peter,,,,,
"Wheeler, Campbell",2,2023,2023,0,,14,,,,,https://zbmath.org/authors/wheeler.campbell,,,,,
"Whitten, Wilbur Carrington jun.",2,1994,2005,0,,32,,,,https://mathscinet.ams.org/mathscinet/MRAuthorID/182510,https://zbmath.org/authors/whitten.wilbur-c,https://www.mathgenealogy.org/id.php?id=22734,,,,
"Wigglesworth, Derrick R.",2,2019,2023,0,,6,,,,,https://zbmath.org/authors/wigglesworth.derrick-r,,,,,
"Wijesena, Dilshan",2,2024,2025,0,,7,,,,,https://zbmath.org/authors/wijesena.dilshan,,,,,
"Williams, G. Brock",2,2006,2011,0,,25,,,,https://mathscinet.ams.org/mathscinet/MRAuthorID/671193,https://zbmath.org/authors/williams.g-brock,https://www.mathgenealogy.org/id.php?id=45026,,,,
"Williams, Gerald",2,2002,2022,0,,42,"School of Mathematics, Statistics and Acturial Science, University of Essex, Colchester, Essex CO4 3SQ, U.K",arXiv:2408.17125 (2024),https://www.essex.ac.uk/people/willi77405/gerald-williams https://www.kent.ac.uk/IMS/personal/gw33/index.htm,https://mathscinet.ams.org/mathscinet/MRAuthorID/667670,https://zbmath.org/authors/williams.gerald,https://www.mathgenealogy.org/id.php?id=180607,https://orcid.org/0000-0002-2785-2268,,,
"Wills, Jörg M.",2,1983,1985,0,,151,University of Siegen,,https://www.uni-siegen.de/fb6/fb6/mitarbeiter/visitenkarten/vkwills.html?lang=de,https://mathscinet.ams.org/mathscinet/MRAuthorID/183280,https://zbmath.org/authors/wills.jorg-m,https://www.mathgenealogy.org/id.php?id=19638,,,,
"Willwacher, Thomas Hans",2,2015,2017,1,Inventiones Mathematicae: 1,86,,,http://user.math.uzh.ch/willwacher/ https://people.math.ethz.ch/~wilthoma/,https://mathscinet.ams.org/mathscinet/MRAuthorID/823360,https://zbmath.org/authors/willwacher.thomas,https://www.mathgenealogy.org/id.php?id=141876,https://orcid.org/0000-0002-4461-8684,https://en.wikipedia.org/wiki/Thomas_Willwacher,EMS Prize (2016),ICM Invited Speaker (2018)
"Wilson, John Stuart",2,1997,2004,1,Inventiones Mathematicae: 1,127,,,https://people.maths.ox.ac.uk/wilsonjs/,https://mathscinet.ams.org/mathscinet/MRAuthorID/183380,https://zbmath.org/authors/wilson.john-s,https://www.mathgenealogy.org/id.php?id=69859,,https://en.wikipedia.org/wiki/John_Stuart_Wilson,,
"Winchester, Adam",2,2005,2006,0,,3,,,,,https://zbmath.org/authors/winchester.adam,,,,,
"Wladis, Claire",2,2011,2012,0,,5,"Department of Mathematics, BMCC/CUNY, 199 Chambers St., New York, NY 10007, U.S.A",arXiv:0811.3036 (2008),,https://mathscinet.ams.org/mathscinet/MRAuthorID/832251,https://zbmath.org/authors/wladis.claire,https://www.mathgenealogy.org/id.php?id=111278,,,,
"Wong, Helen M.",2,2011,2026,0,,27,"Department of Mathematical Sciences, Claremont McKenna College, Claremont, CA 91711",arXiv:2503.12319 (2025),https://sites.google.com/view/helenwong/,https://mathscinet.ams.org/mathscinet/MRAuthorID/894946,https://zbmath.org/authors/wong.helen-m,https://www.mathgenealogy.org/id.php?id=140052,https://orcid.org/0000-0002-9668-0332,,,
"Wong, Ka Ho",2,2022,2026,0,,16,,,,,https://zbmath.org/authors/wong.ka-ho,,,,,
"Wu, Yandi",2,2025,2025,0,,7,,,,,https://zbmath.org/authors/wu.yandi,,,,,
"Xavier, Juliana C.",2,2014,2026,0,,25,,,,,https://zbmath.org/authors/xavier.juliana-c,,,,,
"Xie, Baohua",2,2023,2026,0,,34,"School of Mathematics, Hunan University, Changsha, China",arXiv:2608.11571 (2026),,,https://zbmath.org/authors/xie.baohua,,,,,
"Xu, Kai",2,2025,2026,0,,15,,,https://kaixu631.github.io/,,https://zbmath.org/authors/xu.kai.3,,,,,
"Xu, Xiaoyu",2,2025,2025,0,,15,,,,,https://zbmath.org/authors/xu.xiaoyu,,,,,
"Xu, Xu",2,2022,2026,0,,50,,,http://maths.whu.edu.cn/info/1406/11569.htm,,https://zbmath.org/authors/xu.xu,,,,,
"Yamada, Sumio",2,1999,2014,0,,47,,,,,https://zbmath.org/authors/yamada.sumio,,,,,
"Yarmola, Andrew",2,2017,2022,0,,13,,,https://web.math.princeton.edu/~yarmola/,https://mathscinet.ams.org/mathscinet/MRAuthorID/1147804,https://zbmath.org/authors/yarmola.andrew,https://www.mathgenealogy.org/id.php?id=246340,https://orcid.org/0000-0003-2595-0232,,,
"Ye, Fan",2,2023,2024,0,,17,School of Mathematical Sciences Peking University,arXiv:2606.29902 (2026),https://floer.wiki/en/fanye,,https://zbmath.org/authors/ye.fan,https://www.mathgenealogy.org/id.php?id=285297,,,,
"Ygouf, Florent",2,2022,2023,0,,5,"Dept. of Mathematics, Tel Aviv University, Tel Aviv, Israel",arXiv:2303.07188 (2023),https://fygouf.github.io/,,https://zbmath.org/authors/ygouf.florent,,https://orcid.org/0000-0002-0944-2396,,,
"Yoshida, Han",2,1996,2021,0,,12,"National Institute of Technology, Nara College 22 Yata-cho, Yamatokoriyama, Nara, 639-1058, Japan",arXiv:2001.09564 (2020),,,https://zbmath.org/authors/yoshida.han,,,,,
"Yoshikawa, Katsuyuki",2,1984,1988,0,,14,,,,,https://zbmath.org/authors/yoshikawa.katsuyuki,,,,,
"Yoshizawa, Michael",2,2013,2014,0,,3,,,,https://mathscinet.ams.org/mathscinet/MRAuthorID/1036774,https://zbmath.org/authors/yoshizawa.michael,https://www.mathgenealogy.org/id.php?id=176509,,,,
"Yu, Fei",2,2018,2025,0,,10,,,https://person.zju.edu.cn/en/yufei,https://mathscinet.ams.org/mathscinet/MRAuthorID/821207,https://zbmath.org/authors/yu.fei,https://www.mathgenealogy.org/id.php?id=185143,,,,
"Yu, Tao",2,2021,2022,0,,96,,,,,https://zbmath.org/authors/yu.tao.7,,,,,
"Yuasa, Wataru",2,2023,2025,0,,13,"International Institute for Sustainability with Knotted Chiral Meta Matter Hiroshima University 2-313 Kagamiyama, Higashi-Hiroshima City…",arXiv:2509.25014 (2025),,,https://zbmath.org/authors/yuasa.wataru,,,,,
"Yukita, Tomoshige",2,2024,2024,0,,10,"Liberal Arts Education Center, Ashikaga University, 268-1 Omaecho, Ashikaga,Tochigi 326-8558, Japan",arXiv:2607.26948 (2026),,,https://zbmath.org/authors/yukita.tomoshige,,,,,
"Zaimi, Meri",2,2022,2024,0,,21,"Perimeter Institute for Theoretical Physics, Waterloo (Ontario), N2L 2Y5, Canada",arXiv:2410.14856 (2024),,,https://zbmath.org/authors/zaimi.meri,,,,,
"Zamboni, Luca Quardo",2,1993,1995,0,,120,,,,https://mathscinet.ams.org/mathscinet/MRAuthorID/289645,https://zbmath.org/authors/zamboni.luca-quardo,https://www.mathgenealogy.org/id.php?id=4494,https://orcid.org/0000-0001-6435-3815,,,
"Zemel, Shaul",2,2019,2019,0,,43,,,https://mathematics.huji.ac.il/people/shaul-zemel,https://mathscinet.ams.org/mathscinet/MRAuthorID/914984,https://zbmath.org/authors/zemel.shaul,https://www.mathgenealogy.org/id.php?id=182600,,,,
"Zentner, Raphael",2,2022,2022,0,,24,Department of Mathematical Sciences Durham University,arXiv:2509.25019 (2025),https://zentner.app.uni-regensburg.de/research.html,https://mathscinet.ams.org/mathscinet/MRAuthorID/775700,https://zbmath.org/authors/zentner.raphael,https://www.mathgenealogy.org/id.php?id=148551,,,,
"Zhang, Genkai",2,2017,2020,0,,120,"Mathematical Sciences, Chalmers University of Technology, University of Gothenburg, 41296 Gothenburg, Sweden",arXiv:2608.30752 (2026),https://research.chalmers.se/en/person/genkai,https://mathscinet.ams.org/mathscinet/MRAuthorID/230134,https://zbmath.org/authors/zhang.genkai,https://www.mathgenealogy.org/id.php?id=20608,https://orcid.org/0000-0003-1147-3391,,,
"Zhang, Mingxing",2,2007,2009,0,,15,,,,,https://zbmath.org/authors/zhang.mingxing,,,,,
"Zhang, Weiyi",2,2017,2021,0,,30,,,https://homepages.warwick.ac.uk/staff/Weiyi.Zhang/,https://mathscinet.ams.org/mathscinet/MRAuthorID/837428,https://zbmath.org/authors/zhang.weiyi,https://www.mathgenealogy.org/id.php?id=146710,,,,
"Zhao, Bojun",2,2026,2026,0,,8,"Département de mathématiques, Université du Québec à Montréal, 201 President Kennedy Avenue, Montréal, QC, Canada H2X 3Y7",arXiv:2407.07634 (2024),,,https://zbmath.org/authors/zhao.bojun,,,,,
"Zhao, ShengYuan",2,2023,2026,0,,10,,,https://perso.univ-rennes1.fr/shengyuan.zhao/index.html/,,https://zbmath.org/authors/zhao.shengyuan,,,,,
"Zhong, Youliang",2,2017,2020,0,,7,,,https://www2.scut.edu.cn/ma_en/2022/0122/c5918a459109/page.htm,,https://zbmath.org/authors/zhong.youliang,,,,,
"Zhou, Yu",2,2017,2020,0,,29,,,https://sites.google.com/view/yuzhoumath/,https://mathscinet.ams.org/mathscinet/MRAuthorID/868507,https://zbmath.org/authors/zhou.yu,https://www.mathgenealogy.org/id.php?id=170437,https://orcid.org/0000-0002-8260-7791,,,
"Zhu, Kejia",2,2023,2024,0,,8,"School of Mathematics, Hunan University, Changsha, Hunan, 410082, P.R.China",arXiv:2609.31523 (2026),,,https://zbmath.org/authors/zhu.kejia,,,,,
"Zimmerman, Jay J.",2,1986,1987,0,,36,Towson University,,https://www.towson.edu/fcsm/departments/mathematics/facultystaff/jzimmerman.html,https://mathscinet.ams.org/mathscinet/MRAuthorID/208544,https://zbmath.org/authors/zimmerman.jay-j,https://www.mathgenealogy.org/id.php?id=3875,,,,
"Zinsmeister, Michel",2,1991,2026,0,,66,,,,,https://zbmath.org/authors/zinsmeister.michel,,,,,
"Zmiaikou, David",2,2014,2016,0,,6,"Département de Mathématiques, Université Paris-Sud 11, 91405 Orsay Cedex, France",arXiv:1207.2423 (2012),https://www.zmiaikou.com/,https://mathscinet.ams.org/mathscinet/MRAuthorID/969628,https://zbmath.org/authors/zmiaikou.david,https://www.mathgenealogy.org/id.php?id=217581,,,,
"de Laat, Tim",2,2015,2025,0,,22,,,,https://mathscinet.ams.org/mathscinet/MRAuthorID/997212,https://zbmath.org/authors/de-laat.tim,https://www.mathgenealogy.org/id.php?id=177502,,,,
"de Paiva, Thiago",2,2022,2023,0,,19,,,,,https://zbmath.org/authors/de-paiva.thiago,,,,,
"tom Dieck, Tammo",2,1998,1999,0,,96,,,http://www.uni-math.gwdg.de/tammo/,https://mathscinet.ams.org/mathscinet/MRAuthorID/57835,https://zbmath.org/authors/tom-dieck.tammo,https://www.mathgenealogy.org/id.php?id=26332,,https://en.wikipedia.org/wiki/Tammo_tom_Dieck,,ICM Invited Speaker (1986)
"von Puttkamer, Timm",2,2019,2020,0,,3,"University of Bonn, Mathematical Institute, Endenicher Allee 60, 53115 Bonn, Germany",arXiv:1807.10095 (2018),,,https://zbmath.org/authors/von-puttkamer.timm,,,,,
"Đoković, Dragomir Ž.",2,1980,1983,0,,371,,,https://uwaterloo.ca/pure-mathematics/people-profiles/dragomir-djokovic,https://mathscinet.ams.org/mathscinet/MRAuthorID/58805,https://zbmath.org/authors/djokovic.dragomir-z,https://www.mathgenealogy.org/id.php?id=60753,,,,
"Aaber, John W.",1,2010,2010,0,,1,,,,,https://zbmath.org/authors/aaber.john-w,,,,,
"Abdenbi, Brahim",1,2024,2024,0,,4,"Dept. of Math. & Stats. McGill Univ. Montreal, Quebec, Canada H3A 0B9",arXiv:2309.16010 (2023),,,https://zbmath.org/authors/abdenbi.brahim,,,,,
"Abe, Ryuji",1,2013,2013,0,,14,,,,,https://zbmath.org/authors/abe.ryuji,,https://orcid.org/0000-0001-6134-9802,,,
"Abels, Herbert",1,2011,2011,0,,63,"U. Bielefeld, Germany",,https://www.math.uni-bielefeld.de/~abels/index.php,https://mathscinet.ams.org/mathscinet/MRAuthorID/22370,https://zbmath.org/authors/abels.herbert,https://www.mathgenealogy.org/id.php?id=29306,,,,
"Abgrall, Adrien",1,2025,2025,0,,4,,,,,https://zbmath.org/authors/abgrall.adrien,,,,,
"Abouzaid, Mohammed",1,2008,2008,0,,51,,,http://www.math.columbia.edu/~abouzaid/,https://mathscinet.ams.org/mathscinet/MRAuthorID/734175,https://zbmath.org/authors/abouzaid.mohammed,https://www.mathgenealogy.org/id.php?id=119150,,https://en.wikipedia.org/wiki/Mohammed_Abouzaid,New Horizons in Mathematics Prize (2017),ICM Invited Speaker (2014)
"Abram, Michael T.",1,2024,2024,0,,1,,,,,https://zbmath.org/authors/abram.michael-t,,,,,
"Abrosimov, Nikolaĭ Vladimirovich",1,2024,2024,0,,30,,,,https://mathscinet.ams.org/mathscinet/MRAuthorID/779519,https://zbmath.org/authors/abrosimov.nikolai-vladimirovich,https://www.mathgenealogy.org/id.php?id=157975,https://orcid.org/0000-0001-5429-6589,,,
"Aceto, Paolo",1,2026,2026,0,,20,Université de Lille,arXiv:2607.09439 (2026),,,https://zbmath.org/authors/aceto.paolo,,,,,
"Ackermann, Robert",1,2015,2015,0,,2,,,,https://mathscinet.ams.org/mathscinet/MRAuthorID/956490,https://zbmath.org/authors/ackermann.robert,https://www.mathgenealogy.org/id.php?id=223210,,,,
"Adem, Alejandro",1,2003,2003,0,,94,,,https://personal.math.ubc.ca/~adem/,https://mathscinet.ams.org/mathscinet/MRAuthorID/23100,https://zbmath.org/authors/adem.alejandro,https://www.mathgenealogy.org/id.php?id=4348,,https://en.wikipedia.org/wiki/Alejandro_Adem,,
"Agarwal, Sanjana",1,2021,2021,0,,5,,,,,https://zbmath.org/authors/agarwal.sanjana,,,,,
"Ahlfors, Lars Valerian",1,1961,1961,1,Annals of Mathematics: 1,143,,,,https://mathscinet.ams.org/mathscinet/MRAuthorID/23580,https://zbmath.org/authors/ahlfors.lars-valerian,https://www.mathgenealogy.org/id.php?id=1430,,https://en.wikipedia.org/wiki/Lars_Ahlfors,Fields Medal (1936); Wolf Prize (1981); Steele Prize (1982),"ICM Plenary Speaker (1936, 1978)"
"Aiello, Valeriano",1,2023,2023,0,,32,"Dipartimento di Matematica, Università di Roma La Sapienza, P.le Aldo Moro 5, 00185 Roma, Italy",arXiv:2609.10349 (2026),https://valerianoaiello.wordpress.com/,https://mathscinet.ams.org/mathscinet/MRAuthorID/1189705,https://zbmath.org/authors/aiello.valeriano,https://www.mathgenealogy.org/id.php?id=227526,https://orcid.org/0000-0002-8889-2618,,,
"Akiyoshi, Hirotaka",1,2021,2021,0,,23,"Department of Mathematics Graduate School of Science Osaka City University 3-3-138, Sugimoto, Sumiyoshi-ku Osaka, 558-8585, Japan",arXiv:2001.09564 (2020),,,https://zbmath.org/authors/akiyoshi.hirotaka,,,,,
"Alekseev, Anton Yur'evich",1,2018,2018,0,,119,University of Geneva,,https://www.unige.ch/math/la-section/enseignants-et-chercheurs/anton-alekseev,https://mathscinet.ams.org/mathscinet/MRAuthorID/250976,https://zbmath.org/authors/alekseev.anton-yu,https://www.mathgenealogy.org/id.php?id=141875,https://orcid.org/0000-0003-0955-2082,https://en.wikipedia.org/wiki/Anton_Alekseev_(mathematician),,ICM Invited Speaker (2014)
"Alekseev, Vadim",1,2019,2019,0,,29,,,,https://mathscinet.ams.org/mathscinet/MRAuthorID/981772,https://zbmath.org/authors/alekseev.vadim,https://www.mathgenealogy.org/id.php?id=159243,,,,
"Alexander, Stephanie B.",1,2003,2003,0,,48,University of Illinois Urbana-Champaign,,http://www.math.uiuc.edu/~sba/ https://web.archive.org/web/20230531235430/https://faculty.math.illinois.edu/~sba/,https://mathscinet.ams.org/mathscinet/MRAuthorID/238125,https://zbmath.org/authors/alexander.stephanie-b,https://www.mathgenealogy.org/id.php?id=4009,,https://en.wikipedia.org/wiki/Stephanie_B._Alexander,,
"Alexandrov, Alexander Sergeevich",1,2023,2023,0,,58,,,https://www.frias.uni-freiburg.de/en/people/fellows/fellows-archive/alexandrov,https://mathscinet.ams.org/mathscinet/MRAuthorID/724294,https://zbmath.org/authors/alexandrov.alexander-s,https://www.mathgenealogy.org/id.php?id=248493,https://orcid.org/0000-0002-8464-254X,,,
"Allman, Elizabeth S.",1,1999,1999,0,,37,,,,,https://zbmath.org/authors/allman.elizabeth-s,,,,,
"Allout, Souheib",1,2025,2025,0,,5,,,,,https://zbmath.org/authors/allout.souheib,,,,,
"Alonso, Juan M.",1,1995,1995,0,,18,,,,https://mathscinet.ams.org/mathscinet/MRAuthorID/267040,https://zbmath.org/authors/alonso.juan-m,https://www.mathgenealogy.org/id.php?id=20619,,,,
"Alperin, Roger Charles",1,2011,2011,0,,72,San Jose State U.,,http://stage.sjsu.edu/math/index.html https://www.math.sjsu.edu/~alperin/index.html,https://mathscinet.ams.org/mathscinet/MRAuthorID/25090,https://zbmath.org/authors/alperin.roger-c,https://www.mathgenealogy.org/id.php?id=29565,,https://en.wikipedia.org/wiki/Roger_C._Alperin,,
"Alpern, Steve",1,1988,1988,0,,122,,,http://www.wbs.ac.uk/about/person/steve-alpern/,https://mathscinet.ams.org/mathscinet/MRAuthorID/25095,https://zbmath.org/authors/alpern.steve,https://www.mathgenealogy.org/id.php?id=33694,https://orcid.org/0000-0002-0095-4299,https://en.wikipedia.org/wiki/Steve_Alpern,,
"Alvarez, Aurélien",1,2018,2018,0,,13,École Normale Supérieure de Lyon,,https://www.univ-orleans.fr/mapmo/membres/alvarez/dist/home/1 https://www.aurelienalvarez.org,https://mathscinet.ams.org/mathscinet/MRAuthorID/905469,https://zbmath.org/authors/alvarez.aurelien,https://www.mathgenealogy.org/id.php?id=125920,https://orcid.org/0009-0004-1237-5683,,,
"Amelio, Marco",1,2025,2025,0,,3,,,,,https://zbmath.org/authors/amelio.marco,,,,,
"Amini, Omid",1,2025,2025,0,,66,,,,https://mathscinet.ams.org/mathscinet/MRAuthorID/866509,https://zbmath.org/authors/amini.omid,https://www.mathgenealogy.org/id.php?id=182164,,,,
"Amram, Meirav",1,2002,2002,0,,52,"Department of Mathematics, Shamoon College of Engineering, Ashdod, Israel",arXiv:2602.14745 (2026),,https://mathscinet.ams.org/mathscinet/MRAuthorID/677402,https://zbmath.org/authors/amram.meirav,https://www.mathgenealogy.org/id.php?id=94881,https://orcid.org/0000-0003-4912-4672,,,
"Anan'in, Aleksandr Z.",1,2020,2020,0,,38,,,,,https://zbmath.org/authors/ananin.aleksandr-z,,,,,
"Anderson, Glen Douglas",1,1994,1994,0,,52,,,,https://mathscinet.ams.org/mathscinet/MRAuthorID/25800,https://zbmath.org/authors/anderson.glen-douglas,https://www.mathgenealogy.org/id.php?id=5515,,,,
"Andreadakis, Stylianos",1,1965,1965,0,,19,,,,https://mathscinet.ams.org/mathscinet/MRAuthorID/25960,https://zbmath.org/authors/andreadakis.stylianos,https://www.mathgenealogy.org/id.php?id=42659,,,,
"Andreou, Ilias",1,2026,2026,0,,1,,,,,https://zbmath.org/authors/andreou.ilias,,,,,
"Angel, Omer",1,2025,2025,0,,91,,,,,https://zbmath.org/authors/angel.omer,,,,,
"Anisov, Sergeĭ S.",1,2006,2006,0,,15,"Dept. of Mathematics, Utrecht University, P.O. Box 80.010, 3508 TA Utrecht, the NETHERLANDS",arXiv:math/0502326 (2005),,,https://zbmath.org/authors/anisov.sergei-s,,,,,
"Anić, Ivan",1,2000,2000,0,,10,,,,,https://zbmath.org/authors/anic.ivan,,,,,
"Antonelli, Gioacchino",1,2025,2025,0,,38,"Department of Mathematics, University of Notre Dame, Hurley Hall, 255 Hurley, Notre Dame, IN 46556, United States",arXiv:2608.14507 (2026),https://sites.google.com/view/gioacchinoantonelli/home-page?authuser=1,,https://zbmath.org/authors/antonelli.gioacchino,https://www.mathgenealogy.org/id.php?id=296937,https://orcid.org/0000-0001-5285-0208,,,
"Apostolakis, Nikos",1,2013,2013,0,,6,,,,,https://zbmath.org/authors/apostolakis.nikos,,,,,
"Appel, Andrea",1,2024,2024,1,Inventiones Mathematicae: 1,18,"Dipartimento di Scienze Matematiche, Fisiche e Informatiche, Università di Parma, INdAM - GNSAGA, and INFN - Gruppo Collegato di Parma…",arXiv:2410.21654 (2024),http://www.aqualab.unipr.it/appel/,,https://zbmath.org/authors/appel.andrea,https://www.mathgenealogy.org/id.php?id=174945,https://orcid.org/0000-0002-6446-9305,,,
"Aprodu, Marian",1,2022,2022,0,,61,"Faculty of Mathematics and Computer Science, University of Bucharest, Romania, and Simion Stoilow Institute of Mathematics P.O. Box 1-764…",arXiv:2512.10160 (2025),https://sites.google.com/site/aprodupage/,https://mathscinet.ams.org/mathscinet/MRAuthorID/611558,https://zbmath.org/authors/aprodu.marian,https://www.mathgenealogy.org/id.php?id=58048,https://orcid.org/0000-0002-1790-0924,,,
"Arabadji, Mihail",1,2023,2023,0,,4,"Department of Mathematics and Statistics, University of Massachusetts, Amherst, MA 01003-9305, USA",arXiv:2510.17047 (2025),,,https://zbmath.org/authors/arabadji.mihail,,,,,
"Arano, Yuki",1,2021,2021,0,,11,,,,,https://zbmath.org/authors/arano.yuki,,,,,
"Araújo, Vítor",1,2016,2016,0,,69,,,https://sites.google.com/site/vdaraujo99/,https://mathscinet.ams.org/mathscinet/MRAuthorID/665394,https://zbmath.org/authors/araujo.vitor,https://www.mathgenealogy.org/id.php?id=54150,https://orcid.org/0000-0001-8087-9198,,,
"Arbarello, Enrico",1,1984,1984,1,Annals of Mathematics: 1,51,,,https://www1.mat.uniroma1.it/people/arbarello/,https://mathscinet.ams.org/mathscinet/MRAuthorID/26810,https://zbmath.org/authors/arbarello.enrico,https://www.mathgenealogy.org/id.php?id=19992,,https://en.wikipedia.org/wiki/Enrico_Arbarello,,ICM Invited Speaker (1986)
"Aroca, Julio",1,2021,2021,0,,5,,,,,https://zbmath.org/authors/aroca.julio,https://www.mathgenealogy.org/id.php?id=271972,,,,
"Arora, Shivam",1,2021,2021,0,,6,,,,,https://zbmath.org/authors/arora.shivam,,,,,
"Arroja Neves, André",1,2026,2026,0,,59,,,http://math.uchicago.edu/~aneves/,https://mathscinet.ams.org/mathscinet/MRAuthorID/733597,https://zbmath.org/authors/aroja-neves.andre,https://www.mathgenealogy.org/id.php?id=99678,,https://en.wikipedia.org/wiki/Andr%C3%A9_Neves,Whitehead Prize (2013); New Horizons in Mathematics Prize (2016); Veblen Prize (2016),
"Arroyo, Marta Aparicio",1,2019,2019,1,Inventiones Mathematicae: 1,5,"Instituto de Ciencias Matemáticas CSIC-UAM-UC3M-UCM Serrano 121 28006 Madrid, Spain",arXiv:1004.0318 (2010),,,https://zbmath.org/authors/arroyo.marta-aparicio,,,,,
"Arthamonov, Semeon",1,2025,2025,0,,22,,,https://math.berkeley.edu/~art/,,https://zbmath.org/authors/arthamonov.semeon,,,,,
"Artigiani, Mauro",1,2016,2016,0,,11,Departamento de Matemáticas Universidad Nacional de Colombia Carrera 30 No. 45-03 111321 Bogotá Colombia,arXiv:2603.19401 (2026),https://m-artigiani.github.io/,https://mathscinet.ams.org/mathscinet/MRAuthorID/1201047,https://zbmath.org/authors/artigiani.mauro,https://www.mathgenealogy.org/id.php?id=264989,https://orcid.org/0000-0003-3531-6323,,,
"Asaka, Takeru",1,2024,2024,0,,2,"Graduate School of Information Sciences, Tohoku University, 6-3 Aoba, Aramaki, Aoba-ku, Sendai, Miyagi 980-8578, Japan",arXiv:2206.15226 (2022),,,https://zbmath.org/authors/asaka.takeru,,,,,
"Ashikaga, Tadashi",1,2010,2010,0,,21,,,,,https://zbmath.org/authors/ashikaga.tadashi,,,,,
"Assal, Fernando Al",1,2026,2026,0,,3,,,,,https://zbmath.org/authors/assal.fernando-al,,,,,
"Assion, Joachim",1,1978,1978,0,,3,,,,,https://zbmath.org/authors/assion.joachim,,,,,
"Atalan, Ferihe",1,2014,2014,0,,15,,,,,https://zbmath.org/authors/atalan.ferihe,https://www.mathgenealogy.org/id.php?id=96977,,,,
"Atanasov, Risto",1,2014,2014,0,,8,,,,https://mathscinet.ams.org/mathscinet/MRAuthorID/985754,https://zbmath.org/authors/atanasov.risto,https://www.mathgenealogy.org/id.php?id=109147,,,,
"Athanasiadis, Christos A.",1,2012,2012,0,,72,,,http://users.uoa.gr/~caath/,https://mathscinet.ams.org/mathscinet/MRAuthorID/602846,https://zbmath.org/authors/athanasiadis.christos-a,https://www.mathgenealogy.org/id.php?id=18052,,,,
"Atkinson, Mike D.",1,1986,1986,0,,114,,,http://www.cs.otago.ac.nz/staffpriv/mike/HomePages/newhome.html,https://mathscinet.ams.org/mathscinet/MRAuthorID/28105,https://zbmath.org/authors/atkinson.mike-d,https://www.mathgenealogy.org/id.php?id=46090,,https://en.wikipedia.org/wiki/Michael_D._Atkinson,,
"Atneosen, Gail H.",1,1974,1974,0,,4,,,,,https://zbmath.org/authors/atneosen.gail-h,,,,,
"Au, Thomas Kwok-Keung",1,2022,2022,0,,19,"Department of Mathematics, The Chinese University of Hong Kong, Shatin, Hong Kong",arXiv:math/0606350 (2006),http://www.math.cuhk.edu.hk/~thomasau/,https://mathscinet.ams.org/mathscinet/MRAuthorID/324211,https://zbmath.org/authors/au.thomas-kwok-keung,https://www.mathgenealogy.org/id.php?id=14926,,,,
"Auckly, David R.",1,2017,2017,0,,42,Kansas State University,,,https://mathscinet.ams.org/mathscinet/MRAuthorID/305151,https://zbmath.org/authors/auckly.david-r,https://www.mathgenealogy.org/id.php?id=7160,,,,
"Audino, Samuel",1,2018,2018,0,,1,,,,,https://zbmath.org/authors/audino.samuel,,,,,
"August, Jenny",1,2022,2022,0,,8,,,,,https://zbmath.org/authors/august.jenny,,,,,
"Axelsson, Reynir",1,2010,2010,0,,10,"University of Iceland, Dept. of Mathematics, Dunhaga 5, IS-107 Reykjavík, Iceland",arXiv:1812.07623 (2018),,https://mathscinet.ams.org/mathscinet/MRAuthorID/229255,https://zbmath.org/authors/axelsson.reynir,https://www.mathgenealogy.org/id.php?id=189679,,,,
"Aydel, Delaney R.",1,2018,2018,0,,1,"Department of Mathematics Miami University Oxford, OH 45056 U.S.A",arXiv:1705.01628 (2017),,,https://zbmath.org/authors/aydel.delaney-r,,,,,
"Aygun, Juliet",1,2025,2025,0,,4,,,,,https://zbmath.org/authors/aygun.juliet,,,,,
"Azad, Farhan",1,2021,2021,0,,2,"Department of Mathematics, Fordham University, New York, NY 10023",arXiv:2007.11160 (2020),,,https://zbmath.org/authors/azad.farhan,,,,,
"Babai, László",1,2007,2007,0,,180,University of Chicago,,http://people.cs.uchicago.edu/~laci/,https://mathscinet.ams.org/mathscinet/MRAuthorID/28760,https://zbmath.org/authors/babai.laszlo,https://www.mathgenealogy.org/id.php?id=78102,,https://en.wikipedia.org/wiki/L%C3%A1szl%C3%B3_Babai,,"ICM Plenary Speaker (1994); ICM Invited Speaker (1990, 2018)"
"Babenko, Ivan K.",1,2019,2019,0,,58,"Université Montpellier II, CNRS UMR 5149, Institut Montpelliérain Alexander Grothendieck, Place Eugène Bataillon, Bât. 9, CC051, 34095…",arXiv:2102.04551 (2021),,,https://zbmath.org/authors/babenko.ivan-k,,,,,
"Babson, Eric K.",1,2011,2011,1,Journal of the American Mathematical Society: 1,41,"Department of Mathematics, University of California at Davis, California 95616, U.S.A",arXiv:2309.05149 (2023),,,https://zbmath.org/authors/babson.eric-k,,,,,
"Bacher, Roland",1,1999,1999,0,,77,,,,,https://zbmath.org/authors/bacher.roland,,,,,
"Bader, Shaked",1,2025,2025,0,,6,,,,,https://zbmath.org/authors/bader.shaked,,,,,
"Bagnoud, Pierre Alderic",1,2024,2024,0,,1,,,,,https://zbmath.org/authors/bagnoud.pierre-alderic,,,,,
"Bahls, Patrick",1,2006,2006,0,,29,U. N. Carolina - Asheville,,https://bulldog.unca.edu/~pbahls/,,https://zbmath.org/authors/bahls.patrick,https://www.mathgenealogy.org/id.php?id=59285,,,,
"Bai, Hua",1,2007,2007,0,,12,,,,,https://zbmath.org/authors/bai.hua,,,,,
"Baildon, John D.",1,1973,1973,0,,8,,,,https://mathscinet.ams.org/mathscinet/MRAuthorID/230079,https://zbmath.org/authors/baildon.john-d,https://www.mathgenealogy.org/id.php?id=596,,,,
"Baird, Paul",1,2009,2009,0,,81,,,http://www.lmba-math.fr/perso/paul.baird/,https://mathscinet.ams.org/mathscinet/MRAuthorID/29465,https://zbmath.org/authors/baird.paul,https://www.mathgenealogy.org/id.php?id=22381,https://orcid.org/0000-0002-4281-6388,,,
"Baker, Krystofer",1,2025,2025,0,,1,"Department of Mathematics and Statistics University of South Florida 4202 E Fowler Ave Tampa, FL 33620-5700",arXiv:2401.00404 (2023),,,https://zbmath.org/authors/baker.krystofer,,,,,
"Balog, Antal",1,2022,2022,0,,72,,,,,https://zbmath.org/authors/balog.antal,,,,,
"Banakh, Taras Onufrievich",1,2010,2010,0,,429,,,,https://mathscinet.ams.org/mathscinet/MRAuthorID/249694,https://zbmath.org/authors/banakh.taras-o,https://www.mathgenealogy.org/id.php?id=106992,https://orcid.org/0000-0001-6710-4611,,,
"Band, Gavin",1,2007,2007,0,,2,,,,https://mathscinet.ams.org/mathscinet/MRAuthorID/736726,https://zbmath.org/authors/band.gavin,https://www.mathgenealogy.org/id.php?id=75720,,,,
"Banerjee, Arka",1,2026,2026,0,,14,Department of Mathematics School of Mathematical Sciences Ramakrishna Mission Vivekananda Educational & Research Institute (RKMVERI) PO…,arXiv:2608.31124 (2026),,,https://zbmath.org/authors/banerjee.arka,,,,,
"Bankovic, Anja",1,2018,2018,0,,2,,,,,https://zbmath.org/authors/bankovic.anja,,,,,
"Banks, Maya",1,2021,2021,0,,9,,,,,https://zbmath.org/authors/banks.maya,,,,,
"Bannon, Jon P.",1,2011,2011,0,,20,Siena University,,,https://mathscinet.ams.org/mathscinet/MRAuthorID/752392,https://zbmath.org/authors/bannon.jon-p,https://www.mathgenealogy.org/id.php?id=34117,https://orcid.org/0000-0002-6347-5447,,,
"Bao, Erkao",1,2018,2018,0,,16,"School of Mathematics, University of Minnesota, Minneapolis, MN 55455",arXiv:2606.09054 (2026),,,https://zbmath.org/authors/bao.erkao,,,,,
"Bapat, Asilata",1,2023,2023,0,,15,"Mathematical Sciences Institute, Australian National University",arXiv:2509.13912 (2025),https://asilata.github.io/,https://mathscinet.ams.org/mathscinet/MRAuthorID/1000625,https://zbmath.org/authors/bapat.asilata,https://www.mathgenealogy.org/id.php?id=207101,https://orcid.org/0000-0002-7218-5281,,,
"Bar-Natan, Dror",1,1998,1998,0,,53,,,https://www.math.toronto.edu/drorbn/,https://mathscinet.ams.org/mathscinet/MRAuthorID/267904,https://zbmath.org/authors/bar-natan.dror,https://www.mathgenealogy.org/id.php?id=31292,,https://en.wikipedia.org/wiki/Dror_Bar-Natan,,
"Baraglia, David",1,2026,2026,0,,53,,,,https://mathscinet.ams.org/mathscinet/MRAuthorID/912405,https://zbmath.org/authors/baraglia.david,https://www.mathgenealogy.org/id.php?id=147960,https://orcid.org/0000-0002-8450-1165,,,
"Barazer, Simon",1,2025,2025,0,,5,,,,,https://zbmath.org/authors/barazer.simon,,,,,
"Barbieri, Sebastián",1,2026,2026,0,,29,,,http://www.sbarbieri.usach.cl/,https://mathscinet.ams.org/mathscinet/MRAuthorID/1184309,https://zbmath.org/authors/barbieri.sebastian,https://www.mathgenealogy.org/id.php?id=250937,https://orcid.org/0000-0001-9567-2085,,,
"Bardakov, Valeriĭ Georgievich",1,2012,2012,0,,138,,,,https://mathscinet.ams.org/mathscinet/MRAuthorID/328717,https://zbmath.org/authors/bardakov.valerii-georgievich,https://www.mathgenealogy.org/id.php?id=214847,,,,
"Bargagnati, Giuseppe",1,2025,2025,0,,5,,,https://www.unibo.it/sitoweb/giuseppe.bargagnati2,,https://zbmath.org/authors/bargagnati.giuseppe,,,,,
"Barkdoll, Janet",1,2025,2025,0,,1,,,,,https://zbmath.org/authors/barkdoll.janet,,,,,
"Barmak, Jonathan Ariel",1,2025,2025,0,,32,,,,https://mathscinet.ams.org/mathscinet/MRAuthorID/820453,https://zbmath.org/authors/barmak.jonathan-ariel,https://www.mathgenealogy.org/id.php?id=133903,,,,
"Barnhill, Angela Kubena",1,2006,2006,0,,1,"Department of Mathematics The Ohio State University 231 West 18th Avenue Columbus, Ohio 43210 USA",arXiv:math/0509439 (2005),,,https://zbmath.org/authors/barnhill.angela-kubena,,,,,
"Baroni, Filippo",1,2025,2025,0,,6,,,,,https://zbmath.org/authors/baroni.filippo,,,,,
"Barreto, Agustín Nicolás",1,2025,2025,0,,3,"Departamento de Matemática-IMAS (CONICET) FCEyN, Universidad de Buenos Aires Buenos Aires, Argentina",arXiv:2506.19105 (2025),,,https://zbmath.org/authors/barreto.agustin-nicolas,,,,,
"Barreto, Alexandre Paiva",1,2014,2014,0,,13,,,,,https://zbmath.org/authors/barreto.alexandre-paiva,,,,,
"Barrett, Benjamin",1,2018,2018,0,,5,,,,,https://zbmath.org/authors/barrett.benjamin,,,,,
"Barrett, David E.",1,1992,1992,1,Inventiones Mathematicae: 1,45,,,,,https://zbmath.org/authors/barrett.david-e,,,,,
"Bars, Corentin Le",1,2026,2026,0,,10,,,,,https://zbmath.org/authors/bars.corentin-le,,,,,
"Bartels, Arthur Clemens",1,2026,2026,0,,2,,,,,https://zbmath.org/authors/bartels.arthur-clemens,,,,,
"Bartolini, Gabriel",1,2012,2012,0,,7,Matematiska institutionen,arXiv:1206.6976 (2012),,https://mathscinet.ams.org/mathscinet/MRAuthorID/901533,https://zbmath.org/authors/bartolini.gabriel,https://www.mathgenealogy.org/id.php?id=185201,,,,
"Bartolucci, Daniele",1,2013,2013,0,,67,,,,,https://zbmath.org/authors/bartolucci.daniele,,,,,
"Baskin, Dean",1,2023,2023,0,,26,"Department of Mathematics, Texas A&M University, College Station, TX, USA",arXiv:2507.16085 (2025),,,https://zbmath.org/authors/baskin.dean,,,,,
"Basso, Giuliano",1,2024,2024,0,,18,"Max Planck Institute for Mathematics, Vivatsgasse 7, 53111 Bonn, Germany",arXiv:2402.06672 (2024),,https://mathscinet.ams.org/mathscinet/MRAuthorID/1281406,https://zbmath.org/authors/basso.giuliano,https://www.mathgenealogy.org/id.php?id=261567,https://orcid.org/0000-0002-1878-0661,,,
"Batchelor, Philipp G.",1,1998,1998,0,,5,,,,https://mathscinet.ams.org/mathscinet/MRAuthorID/635987,https://zbmath.org/authors/batchelor.philipp-g,https://www.mathgenealogy.org/id.php?id=64792,,https://en.wikipedia.org/wiki/Philip_Batchelor,,
"Batelier, Etienne",1,2023,2023,0,,2,,,,,https://zbmath.org/authors/batelier.etienne,,,,,
"Battista, Ludovico",1,2022,2022,0,,6,,,,,https://zbmath.org/authors/battista.ludovico,,,,,
"Battseren, Bat-Od",1,2023,2023,0,,6,,,,,https://zbmath.org/authors/battseren.bat-od,,,,,
"Bauer, Stefan Alois",1,1990,1990,0,,27,,,,,https://zbmath.org/authors/bauer.stefan-alois,,,,,
"Baues, Oliver",1,2006,2006,1,Publications Mathématiques de l'IHÉS: 1,31,,,,,https://zbmath.org/authors/baues.oliver,,,,,
"Bavier, Brandon",1,2022,2022,0,,4,,,,,https://zbmath.org/authors/bavier.brandon,,,,,
"Becker, Louis",1,2023,2023,0,,2,Australian National University,arXiv:2202.07613 (2022),,,https://zbmath.org/authors/becker.louis,,,,,
"Becker, Oren",1,2023,2023,0,,10,,,,,https://zbmath.org/authors/becker.oren,,https://orcid.org/0000-0002-9164-6784,,,
"Behrend, Kai A.",1,2006,2006,0,,41,University of British Columbia,,https://personal.math.ubc.ca/~behrend/,https://mathscinet.ams.org/mathscinet/MRAuthorID/333895,https://zbmath.org/authors/behrend.kai-a,https://www.mathgenealogy.org/id.php?id=32320,https://orcid.org/0000-0003-3813-0663,https://en.wikipedia.org/wiki/Kai_Behrend,,ICM Invited Speaker (2014)
"Bekka, Mohammed el Bachir",1,2019,2019,0,,71,,,,,https://zbmath.org/authors/bekka.mohammed-el-bachir,,,,,
"Belkhirat, Abdelhadi",1,2005,2005,0,,5,,,,,https://zbmath.org/authors/belkhirat.abdelhadi,,,,,
"Bell, Nick",1,2023,2023,0,,1,,,,,https://zbmath.org/authors/bell.nick,,,,,
"Bell, Robert W.",1,2007,2007,0,,8,Michigan State U.,,https://www.math.msu.edu/~robertbe/,,https://zbmath.org/authors/bell.robert-w,,https://orcid.org/0000-0003-3945-8505,,,
"Ben-Ezra, David El-Chai",1,2016,2016,0,,7,,,,,https://zbmath.org/authors/ben-ezra.david-el-chai,,,,,
"Ben-Itzhak, Tzachi",1,2003,2003,0,,5,,,,,https://zbmath.org/authors/ben-itzhak.tzachi,,,,,
"Benaïm, Michel",1,2001,2001,0,,93,,,,,https://zbmath.org/authors/benaim.michel,,,,,
"Bene, Alex James",1,2009,2009,0,,8,"IPMU, Tokyo University 5-1-5 Kashiwanoha Kashiwa 277-8568 Japan",arXiv:1010.5275 (2010),,,https://zbmath.org/authors/bene.alex-james,https://www.mathgenealogy.org/id.php?id=121313,,,,
"Benjamin, Beeker",1,2022,2022,0,,1,,,,,https://zbmath.org/authors/benjamin.beeker,,,,,
"Benli, Mustafa Gökhan",1,2014,2014,0,,8,"Department of Mathematics, Middle East Technical University, 06800, Çankaya, Ankara, Turkey",arXiv:1909.11163 (2019),https://blog.metu.edu.tr/benli/,https://mathscinet.ams.org/mathscinet/MRAuthorID/976126,https://zbmath.org/authors/benli.mustafa-gokhan,https://www.mathgenealogy.org/id.php?id=177521,https://orcid.org/0000-0003-0421-0286,,,
"Bennett, Curtis D.",1,1994,1994,0,,33,,,https://cse.lmu.edu/department/math/facultyandstaff/?expert=curtisd.bennett,https://mathscinet.ams.org/mathscinet/MRAuthorID/291087,https://zbmath.org/authors/bennett.curtis-d,https://www.mathgenealogy.org/id.php?id=6996,,,,
"Benoist, Yves",1,2013,2013,0,,96,,,,https://mathscinet.ams.org/mathscinet/MRAuthorID/213892,https://zbmath.org/authors/benoist.yves,https://www.mathgenealogy.org/id.php?id=136064,https://orcid.org/0000-0002-3265-2316,https://en.wikipedia.org/wiki/Yves_Benoist,Clay Research Award (2011),ICM Invited Speaker (2014)
"Benson, Brian A.",1,2021,2021,0,,7,"Department of Mathematics, University of California, Riverside, 900 University Avenue, Riverside, CA 92521",arXiv:1908.00199 (2019),,,https://zbmath.org/authors/benson.brian-a,,,,,
"Berbec, Mihaita",1,2014,2014,0,,2,,,,https://mathscinet.ams.org/mathscinet/MRAuthorID/1066138,https://zbmath.org/authors/berbec.mihaita,https://www.mathgenealogy.org/id.php?id=185821,,,,
"Berceanu, Barbu Rudolf",1,2026,2026,0,,27,,,,,https://zbmath.org/authors/berceanu.barbu-rudolf,,,,,
"Berdnikov, Aleksandr S.",1,2022,2022,0,,12,,,,,https://zbmath.org/authors/berdnikov.aleksandr-s,,,,,
"Berestovskiĭ, Valeriĭ Nikolaevich",1,2010,2010,0,,135,,,,https://mathscinet.ams.org/mathscinet/MRAuthorID/189636,https://zbmath.org/authors/berestovskii.valerii-nikolaevich,https://www.mathgenealogy.org/id.php?id=92569,https://orcid.org/0000-0001-5739-9380,,,
"Berg, Gene A.",1,1973,1973,0,,8,,,,,https://zbmath.org/authors/berg.gene-a,,,,,
"Berge, Eirik",1,2022,2022,0,,10,,,https://folk.ntnu.no/eiber/,,https://zbmath.org/authors/berge.eirik,,,,,
"Berk, Gili",1,2020,2020,0,,1,,,,,https://zbmath.org/authors/berk.gili,,,,,
"Berlai, Federico",1,2020,2020,0,,11,,,,,https://zbmath.org/authors/berlai.federico,,,,,
"Berlyne, Daniel",1,2022,2022,0,,5,,,,,https://zbmath.org/authors/berlyne.daniel,,,,,
"Berndt, Rolf",1,1980,1980,0,,50,University of Hamburg,,https://www.math.uni-hamburg.de/forschung/bereiche/ad/personen/berndt-rolf.html,https://mathscinet.ams.org/mathscinet/MRAuthorID/35615,https://zbmath.org/authors/berndt.rolf,https://www.mathgenealogy.org/id.php?id=22924,,,,
"Bertolotti, Federica",1,2024,2024,0,,8,"Scuola Normale Superiore, Piazza dei Cavalieri 7, 56126 Pisa, Italy",arXiv:2502.03180 (2025),,,https://zbmath.org/authors/bertolotti.federica,,,,,
"Betke, Ulrich",1,1982,1982,0,,39,,,,,https://zbmath.org/authors/betke.ulrich,,,,,
"Bezrukavnikov, Roman",1,2012,2012,0,,90,"Department of Mathematics, Massachusetts Institute of Technology, 77 Massachusetts Ave, Cambridge, MA 02139",arXiv:2604.11966 (2026),,,https://zbmath.org/authors/bezrukavnikov.roman,,,,,ICM Invited Speaker (2006)
"Biggs, Norman Linstead",1,1972,1972,0,,117,,,https://normanbiggs.com/about-me,https://mathscinet.ams.org/mathscinet/MRAuthorID/36860,https://zbmath.org/authors/biggs.norman-l.1,https://www.mathgenealogy.org/id.php?id=104030,,https://en.wikipedia.org/wiki/Norman_L._Biggs,,
"Birbrair, Lev",1,2014,2014,1,Acta Mathematica: 1,63,,,http://buscatextual.cnpq.br/buscatextual/visualizacv.do?id=K4799947U8,https://mathscinet.ams.org/mathscinet/MRAuthorID/256389,https://zbmath.org/authors/birbrair.lev,https://www.mathgenealogy.org/id.php?id=69214,,,,
"Biró, András",1,2022,2022,0,,40,,,,,https://zbmath.org/authors/biro.andras,,,,,
"Bishop, Alex",1,2026,2026,0,,11,,,,,https://zbmath.org/authors/bishop.alex,,,,,
"Bishop, Richard L.",1,2003,2003,0,,49,University of Illinois Urbana-Champaign,,https://web.archive.org/web/20190514115643/https://faculty.math.illinois.edu/~bishop/,https://mathscinet.ams.org/mathscinet/MRAuthorID/230515,https://zbmath.org/authors/bishop.richard-l,https://www.mathgenealogy.org/id.php?id=9690,,https://en.wikipedia.org/wiki/Richard_L._Bishop,,
"Bispo, Sara Ruth Pires",1,2023,2023,0,,1,,,,,https://zbmath.org/authors/bispo.sara-ruth-pires,,,,,
"Bitterlich, Julian",1,2025,2025,0,,4,,,,,https://zbmath.org/authors/bitterlich.julian,,,,,
"Björklund, Michael",1,2018,2018,0,,73,,,,https://mathscinet.ams.org/mathscinet/MRAuthorID/862496,https://zbmath.org/authors/bjorklund.michael,https://www.mathgenealogy.org/id.php?id=135598,https://orcid.org/0000-0001-7607-9526,,,
"Blachère, Sébastien",1,2011,2011,0,,11,"LATP/CMI Université de Provence 39 rue Frédéric Joliot-Curie 13453 Marseille Cedex 13, France",arXiv:0806.3915 (2008),,https://mathscinet.ams.org/mathscinet/MRAuthorID/681872,https://zbmath.org/authors/blachere.sebastien,https://www.mathgenealogy.org/id.php?id=55772,,,,
"Blagojević, Pavle V. M.",1,2003,2003,0,,61,,,,,https://zbmath.org/authors/blagojevic.pavle-v-m,,,,,
"Blanc, Jérémy",1,2015,2015,0,,61,,,https://algebra.dmi.unibas.ch/blanc/,https://mathscinet.ams.org/mathscinet/MRAuthorID/744287,https://zbmath.org/authors/blanc.jeremy,https://www.mathgenealogy.org/id.php?id=100677,https://orcid.org/0000-0003-2956-462X,,,
"Blanchard, Paul R.",1,1980,1980,1,Inventiones Mathematicae: 1,18,,,http://www.bu.edu/math/people/faculty/dynamical-systems/blanchard/,https://mathscinet.ams.org/mathscinet/MRAuthorID/203319,https://zbmath.org/authors/blanchard.paul-r,https://www.mathgenealogy.org/id.php?id=61010,,,,
"Blanchet, Christian",1,2025,2025,0,,36,"Université Paris Cité, IMJ-PRG, UMR 7586 CNRS, F-75013, Paris, France",arXiv:2401.15412 (2024),,,https://zbmath.org/authors/blanchet.christian,,,,,
"Blayac, Pierre-Louis",1,2025,2025,0,,10,,,https://irma.math.unistra.fr/~blayac/index.html,,https://zbmath.org/authors/blayac.pierre-louis,https://www.mathgenealogy.org/id.php?id=280661,,,,
"Blokh, Alexander M.",1,2009,2009,0,,132,,,https://people.cas.uab.edu/~ablokh/,https://mathscinet.ams.org/mathscinet/MRAuthorID/196866,https://zbmath.org/authors/blokh.alexander-m,https://www.mathgenealogy.org/id.php?id=93264,,,,
"Bloomquist, Wade",1,2025,2025,0,,9,,,,,https://zbmath.org/authors/bloomquist.wade,,,,,
"Blum, E. H.",1,1969,1969,0,,3,,,,,https://zbmath.org/authors/blum.e-h,,,,,
"Blumer, Simone",1,2024,2024,0,,10,,,https://sites.google.com/view/simone-blumer,,https://zbmath.org/authors/blumer.simone,https://www.mathgenealogy.org/id.php?id=317603,https://orcid.org/0000-0002-2340-8338,,,
"Boavida de Brito, Pedro",1,2019,2019,0,,15,"Dept. of Mathematics, Instituto Superior Tecnico, Univ. of Lisbon, Av. Rovisco Pais, Lisboa, Portugal",arXiv:2411.06934 (2024),,,https://zbmath.org/authors/boavida-de-brito.pedro,,,,,
"Bobenko, Alexander Ivanovich",1,2015,2015,0,,153,Technische Universität Berlin,,https://page.math.tu-berlin.de/~bobenko/,https://mathscinet.ams.org/mathscinet/MRAuthorID/191410,https://zbmath.org/authors/bobenko.alexander-ivanovich,https://www.mathgenealogy.org/id.php?id=56805,https://orcid.org/0000-0001-7179-2189,,,
"Bochi, Jairo",1,2019,2019,0,,58,,,https://personal.science.psu.edu/jzd5895/,https://mathscinet.ams.org/mathscinet/MRAuthorID/694724,https://zbmath.org/authors/bochi.jairo,https://www.mathgenealogy.org/id.php?id=54155,https://orcid.org/0000-0003-2833-9957,,,ICM Invited Speaker (2018)
"Boden, Hans U.",1,1991,1991,0,,55,,,http://ms.mcmaster.ca/~boden/index.html,https://mathscinet.ams.org/mathscinet/MRAuthorID/312802,https://zbmath.org/authors/boden.hans-u,https://www.mathgenealogy.org/id.php?id=36852,,,,
"Bodin, Arnaud",1,2016,2016,0,,37,,,,,https://zbmath.org/authors/bodin.arnaud,,,,,
"Bogomolov, Fedor Alekseivich",1,1998,1998,0,,158,,,,https://mathscinet.ams.org/mathscinet/MRAuthorID/206799,https://zbmath.org/authors/bogomolov.fedor-alekseivich,https://www.mathgenealogy.org/id.php?id=37748,https://orcid.org/0000-0003-3464-6494,https://en.wikipedia.org/wiki/Fedor_Bogomolov,,ICM Invited Speaker (1978)
"Bolognesi, Michele",1,2016,2016,0,,40,,,,https://mathscinet.ams.org/mathscinet/MRAuthorID/740583,https://zbmath.org/authors/bolognesi.michele,https://www.mathgenealogy.org/id.php?id=102724,https://orcid.org/0000-0002-1769-039X,,,
"Bolotov, Dmitriĭ Valer'evich",1,2006,2006,0,,34,,,https://ilt.kharkov.ua/bvi/structure/depart_e/d23/bolotov_e.htm,https://mathscinet.ams.org/mathscinet/MRAuthorID/646774,https://zbmath.org/authors/bolotov.dmitrii-valerevich,https://www.mathgenealogy.org/id.php?id=154356,,,,
"Bonamy, Marthe",1,2024,2024,0,,104,"CNRS, LaBRI, Université de Bordeaux, Bordeaux, France. † Supported by the ANR Project Mimétique (Metric Minors in Graphs, ANR-25-CE48-4089)",arXiv:2609.29414 (2026),,,https://zbmath.org/authors/bonamy.marthe,,,,,
"Bonat, Alexandra",1,2024,2024,0,,4,"Department of Mathematics, Williams College, Williamstown, MA 01267",arXiv:2209.04556 (2022),,,https://zbmath.org/authors/bonat.alexandra,,,,,
"Bondarenko, Nataliya V.",1,2013,2013,0,,8,,,,,https://zbmath.org/authors/bondarenko.nataliya-v,https://www.mathgenealogy.org/id.php?id=328495,,,,
"Bonfert-Taylor, Petra",1,2012,2012,0,,23,,,https://engineering.dartmouth.edu/community/faculty/petra-bonfert-taylor,https://mathscinet.ams.org/mathscinet/MRAuthorID/617474,https://zbmath.org/authors/bonfert-taylor.petra,https://www.mathgenealogy.org/id.php?id=29011,,https://en.wikipedia.org/wiki/Petra_Bonfert-Taylor,,
"Bongiovanni, Eliot",1,2026,2026,0,,6,,,,,https://zbmath.org/authors/bongiovanni.eliot,,,,,
"Bonnafé, Cédric",1,2002,2002,0,,79,,,https://imag.umontpellier.fr/~bonnafe/,https://mathscinet.ams.org/mathscinet/MRAuthorID/631109,https://zbmath.org/authors/bonnafe.cedric,https://www.mathgenealogy.org/id.php?id=55782,,,,
"Booth, Katherine Williams",1,2026,2026,0,,4,,,,,https://zbmath.org/authors/booth.katherine-williams,,,,,
"Borghini, Eugenio",1,2024,2024,0,,5,,,,,https://zbmath.org/authors/borghini.eugenio,,,,,
"Borodzik, Maciej",1,2026,2026,0,,67,,,,,https://zbmath.org/authors/borodzik.maciej,,,,,
"Bouhjar, Khalid",1,2001,2001,0,,3,,,,https://mathscinet.ams.org/mathscinet/MRAuthorID/671671,https://zbmath.org/authors/bouhjar.khalid,https://www.mathgenealogy.org/id.php?id=75348,,,,
"Bouilly, Yohann",1,2023,2023,0,,4,"Université de Strasbourg, 5/7 rue René Descartes, 67084 Strasbourg, France",arXiv:2605.02823 (2026),https://sites.google.com/site/yohannbouilly/home,,https://zbmath.org/authors/bouilly.yohann,,,,,
"Boukholkhal, Alaa",1,2025,2025,0,,3,,,,,https://zbmath.org/authors/boukholkhal.alaa,,,,,
"Boulanger, Adrien",1,2025,2025,0,,10,"Institut mathématique de Marseille, Aix-Marseille Université, Technopôle Château-Gombert 39, rue Frédéric Joliot-Curie, Marseille",arXiv:2110.06061 (2021),https://sites.google.com/view/adrienboulangermaths/home,,https://zbmath.org/authors/boulanger.adrien,,,,,
"Bounds, Jordan",1,2020,2020,0,,5,"Department of Mathematics, Bowling Green State University, Bowling Green, Ohio",arXiv:1804.03123 (2018),,,https://zbmath.org/authors/bounds.jordan,,,,,
"Bourgain, Jean",1,2008,2008,1,Annals of Mathematics: 1,542,,,https://www.ias.edu/math/people/faculty/bourgain,https://mathscinet.ams.org/mathscinet/MRAuthorID/40280,https://zbmath.org/authors/bourgain.jean,https://www.mathgenealogy.org/id.php?id=63054,,https://en.wikipedia.org/wiki/Jean_Bourgain,Salem Prize (1983); Ostrowski Prize (1991); Fields Medal (1994); Shaw Prize (2010); Crafoord Prize (2012); Breakthrough Prize in Mathematics (2017),"ICM Plenary Speaker (1994); ICM Invited Speaker (1983, 1986)"
"Bousquet, Nicolas",1,2024,2024,0,,111,"CNRS, Université Claude Bernard Lyon 1, INSA Lyon, LIRIS, UMR5205, F-69622 Villeurbanne, France",arXiv:2608.29902 (2026),https://perso.liris.cnrs.fr/nbousquet/,,https://zbmath.org/authors/bousquet.nicolas,,https://orcid.org/0000-0003-0170-0503,,,
"Boutonnet, Rémi",1,2013,2013,0,,22,,,,https://mathscinet.ams.org/mathscinet/MRAuthorID/981752,https://zbmath.org/authors/boutonnet.remi,https://www.mathgenealogy.org/id.php?id=185831,,,,
"Bowman, Hannah",1,2013,2013,0,,3,,,,,https://zbmath.org/authors/bowman.hannah,,,,,
"Boxer, Laurence",1,1979,1979,0,,84,,,,,https://zbmath.org/authors/boxer.laurence,,,,,
"Boyland, Philip L.",1,2007,2007,0,,42,,,,,https://zbmath.org/authors/boyland.philip-l,,,,,
"Boyles, Stephanie M.",1,1981,1981,0,,5,,,,,https://zbmath.org/authors/boyles.stephanie-m,,,,,
"Bradford, Henry",1,2024,2024,0,,22,"Christ’s College, University of Cambridge, St Andrew’s Street, Cambridge, England, CB2 3BU",arXiv:2609.07948 (2026),https://www.uni-math.gwdg.de/hbradfo/,,https://zbmath.org/authors/bradford.henry,,,,,
"Brandenburg, Joe",1,1981,1981,0,,4,,,,,https://zbmath.org/authors/brandenburg.joe,,,,,
"Branman, Beth",1,2025,2025,0,,4,,,,,https://zbmath.org/authors/branman.beth,,,,,
"Brantner, Lukas",1,2012,2012,0,,11,,,https://people.maths.ox.ac.uk/brantner/,,https://zbmath.org/authors/brantner.lukas,https://www.mathgenealogy.org/id.php?id=266029,https://orcid.org/0000-0001-8078-2935,,,
"Braun, Christopher",1,2012,2012,0,,7,,,,,https://zbmath.org/authors/braun.christopher,,https://orcid.org/0000-0002-4088-2031,,,
"Braun, Gábor",1,2010,2010,0,,50,,,,https://mathscinet.ams.org/mathscinet/MRAuthorID/708471,https://zbmath.org/authors/braun.gabor,https://www.mathgenealogy.org/id.php?id=69146,,,,
"Brav, Christopher",1,2011,2011,0,,10,"C.B.: Centre of Pure Mathematics, Moscow Institute of Physics and Technology",arXiv:2305.10323 (2023),,https://mathscinet.ams.org/mathscinet/MRAuthorID/867687,https://zbmath.org/authors/brav.christopher,https://www.mathgenealogy.org/id.php?id=128261,https://orcid.org/0000-0001-9131-8759,,,
"Breda d'Azevedo, Antonio J.",1,2005,2005,0,,41,,,,,https://zbmath.org/authors/breda-dazevedo.antonio-j,,,,,
"Bredon, Naomi",1,2024,2024,0,,4,"Department of Mathematics, University of Fribourg, Switzerland",arXiv:2209.05100 (2022),,,https://zbmath.org/authors/bredon.naomi,,,,,
"Breitner, Joachim",1,2012,2012,0,,11,,,,,https://zbmath.org/authors/breitner.joachim,,,,,
"Brejevs, Vitalijs",1,2026,2026,0,,6,"Department of Mathematics, University of Vienna, Vienna, Austria",arXiv:2405.07707 (2024),https://sites.google.com/view/vbrej/home,,https://zbmath.org/authors/brejevs.vitalijs,https://www.mathgenealogy.org/id.php?id=282798,,,,
"Brešar, Boštjan",1,2013,2013,0,,172,University of Maribor,,https://omr.fnm.um.si/wp-content/uploads/Zaposleni/claniOddelka/bostjan.bresar/1osebna_stran.html https://omr.fnm.um.si/index.php/zaposleni/clani-oddelka/bostjan-bresar/personal-page/,https://mathscinet.ams.org/mathscinet/MRAuthorID/645621,https://zbmath.org/authors/bresar.bostjan,https://www.mathgenealogy.org/id.php?id=58925,https://orcid.org/0000-0001-8471-4796,,,
"Bridgeland, Tom",1,2020,2020,0,,41,University of Sheffield,,https://www.sheffield.ac.uk/maths/people/academic/tom-bridgeland-frs,https://mathscinet.ams.org/mathscinet/MRAuthorID/635821,https://zbmath.org/authors/bridgeland.tom,https://www.mathgenealogy.org/id.php?id=108564,https://orcid.org/0000-0001-5120-006X,https://en.wikipedia.org/wiki/Tom_Bridgeland,Berwick Prize (2003); Fellow of the Royal Society (2014),ICM Invited Speaker (2006)
"Brieskorn, Egbert",1,1972,1972,1,Inventiones Mathematicae: 1,46,,,,https://mathscinet.ams.org/mathscinet/MRAuthorID/41590,https://zbmath.org/authors/brieskorn.egbert,https://www.mathgenealogy.org/id.php?id=21659,,https://en.wikipedia.org/wiki/Egbert_Brieskorn,,ICM Invited Speaker (1970)
"Brieussel, Jérémie",1,2014,2014,0,,17,,,,,https://zbmath.org/authors/brieussel.jeremie,,,,,
"Brink, Brigitte",1,1993,1993,0,,4,,,,,https://zbmath.org/authors/brink.brigitte,,,,,
"Brinkmann, Bernd",1,1991,1991,0,,4,,,,,https://zbmath.org/authors/brinkmann.bernd,,,,,
"Brinkmann, Peter",1,2000,2000,0,,9,,,,,https://zbmath.org/authors/brinkmann.peter,,,,,
"Brodsky, Yaron",1,2024,2024,0,,1,,,,,https://zbmath.org/authors/brodsky.yaron,,,,,
"Brough, Tara Macalister",1,2021,2021,0,,16,,,,,https://zbmath.org/authors/brough.tara-macalister,,,,,
"Broué, Michel",1,1998,1998,0,,66,"U. Paris VII, France",,https://www.math.jussieu.fr/~broue/ https://webusers.imj-prg.fr/~michel.broue/,https://mathscinet.ams.org/mathscinet/MRAuthorID/42010,https://zbmath.org/authors/broue.michel,https://www.mathgenealogy.org/id.php?id=44660,,https://en.wikipedia.org/wiki/Michel_Brou%C3%A9,,ICM Invited Speaker (1986)
"Brown Flinn, Barbara",1,1984,1984,0,,3,,,,,https://zbmath.org/authors/brown-flinn.barbara,,,,,
"Brown, Keino",1,2025,2025,0,,1,,,,,https://zbmath.org/authors/brown.keino,,,,,
"Brown, Nathanial P.",1,2013,2013,0,,43,,,,,https://zbmath.org/authors/brown.nathanial-p,,,,,
"Brown, Paul R.",1,1999,1999,0,,10,,,,https://mathscinet.ams.org/mathscinet/MRAuthorID/640244,https://zbmath.org/authors/brown.paul-r,https://www.mathgenealogy.org/id.php?id=1714,,,,
"Brown, Samuel",1,2016,2016,0,,2,,,,,https://zbmath.org/authors/brown.samuel,,,,,
"Brown, Thomas M.",1,2025,2025,0,,9,,,,,https://zbmath.org/authors/brown.thomas-m,,,,,
"Brownstein, Alan",1,1992,1992,0,,3,,,,,https://zbmath.org/authors/brownstein.alan,,,,,
"Brude, Javier",1,2022,2022,0,,3,,,,,https://zbmath.org/authors/brude.javier,,,,,
"Brugallé, Erwan",1,2007,2007,0,,50,,,http://erwan.brugalle.perso.math.cnrs.fr/,https://mathscinet.ams.org/mathscinet/MRAuthorID/785253,https://zbmath.org/authors/brugalle.erwan,https://www.mathgenealogy.org/id.php?id=122162,,,,
"Bruin, Henk",1,2023,2023,0,,125,University of Vienna,,https://www.mat.univie.ac.at/~bruin/,https://mathscinet.ams.org/mathscinet/MRAuthorID/329851,https://zbmath.org/authors/bruin.henk,https://www.mathgenealogy.org/id.php?id=43584,https://orcid.org/0000-0002-4033-5206,,,
"Brylawski, Thomas H.",1,1977,1977,0,,38,University of North Carolina at Chapel Hill,,,https://mathscinet.ams.org/mathscinet/MRAuthorID/42695,https://zbmath.org/authors/brylawski.thomas-h,https://www.mathgenealogy.org/id.php?id=17985,,https://en.wikipedia.org/wiki/Thomas_H._Brylawski,,
"Brylinski, Jean-Luc",1,1979,1979,0,,82,Pennsylvania State University,,,https://mathscinet.ams.org/mathscinet/MRAuthorID/42700,https://zbmath.org/authors/brylinski.jean-luc,https://www.mathgenealogy.org/id.php?id=12396,,https://en.wikipedia.org/wiki/Jean-Luc_Brylinski,,
"Brüstle, Thomas",1,2015,2015,0,,62,,,,,https://zbmath.org/authors/brustle.thomas,,,,,
"Budzinski, Thomas",1,2021,2021,0,,21,"ENS de Lyon, CNRS, UMPA",arXiv:2604.23751 (2026),,,https://zbmath.org/authors/budzinski.thomas,,,,,
"Bujalance, José A.",1,2004,2004,0,,12,,,,,https://zbmath.org/authors/bujalance.jose-a,,,,,
"Bulteau, Guillaume",1,2019,2019,0,,3,,,,,https://zbmath.org/authors/bulteau.guillaume,,,,,
"Bunke, Ulrich",1,2020,2020,0,,119,,,,https://mathscinet.ams.org/mathscinet/MRAuthorID/315442,https://zbmath.org/authors/bunke.ulrich,https://www.mathgenealogy.org/id.php?id=22066,,,,
"Burago, Dmitri",1,2001,2001,0,,59,Pennsylvania State University,,http://wwwarchive.math.psu.edu/burago/,,https://zbmath.org/authors/burago.dmitri,https://www.mathgenealogy.org/id.php?id=58657,https://orcid.org/0000-0003-1771-7967,https://en.wikipedia.org/wiki/Dmitri_Burago,,ICM Invited Speaker (1998)
"Burde, Gerhard",1,1990,1990,0,,31,,,,https://mathscinet.ams.org/mathscinet/MRAuthorID/43355,https://zbmath.org/authors/burde.gerhard,https://www.mathgenealogy.org/id.php?id=48389,,,,
"Burgess, Cecil Edmund",1,1977,1977,0,,33,,,,https://mathscinet.ams.org/mathscinet/MRAuthorID/43425,https://zbmath.org/authors/burgess.cecil-edmund,https://www.mathgenealogy.org/id.php?id=309,,https://en.wikipedia.org/wiki/Cecil_Burgess,,
"Burns, Daniel M. jun.",1,1978,1978,1,Inventiones Mathematicae: 1,65,,,,,https://zbmath.org/authors/burns.daniel-m-jun,,,,,
"Burns, Keith",1,2012,2012,1,Annals of Mathematics: 1,47,"Northwestern University, Evanston, IL 60208, USA",arXiv:2209.11323 (2022),,,https://zbmath.org/authors/burns.keith,,,,,
"Burns, Robert G.",1,1972,1972,0,,47,,,,,https://zbmath.org/authors/burns.robert-g,,,,,
"Burrin, Claire",1,2026,2026,0,,17,,,,,https://zbmath.org/authors/burrin.claire,,,,,
"Bustamante, Mauricio",1,2018,2018,0,,15,"Departamento de Matemáticas, Pontificia Universidad Católica de Chile",arXiv:2604.05956 (2026),https://sites.google.com/view/mbustamante,,https://zbmath.org/authors/bustamante.mauricio,https://www.mathgenealogy.org/id.php?id=282588,https://orcid.org/0000-0001-6923-0865,,,
"Buyalo, Sergei V.",1,2007,2007,1,Inventiones Mathematicae: 1,72,,,http://www.pdmi.ras.ru/~sbuyalo/,,https://zbmath.org/authors/buyalo.sergei-v,,https://orcid.org/0000-0003-4822-9456,,,
"Bédaride, Nicolas",1,2020,2020,0,,37,"Aix-Marseille Université, Institut de Mathématiques de Marseille (I2M), UMR 7373, 3 place Victor Hugo, Case 19 13331 Marseille Cedex 3…",arXiv:2504.08955 (2025),https://www.i2m.univ-amu.fr/perso/nicolas.bedaride/start,https://mathscinet.ams.org/mathscinet/MRAuthorID/711568,https://zbmath.org/authors/bedaride.nicolas,https://www.mathgenealogy.org/id.php?id=90579,,,,
"Cadoret, Anna",1,2019,2019,0,,37,,,,https://mathscinet.ams.org/mathscinet/MRAuthorID/771037,https://zbmath.org/authors/cadoret.anna,https://www.mathgenealogy.org/id.php?id=100099,https://orcid.org/0000-0003-3506-2773,,,
"Cai, Xuanting",1,2011,2011,0,,4,,,,,https://zbmath.org/authors/cai.xuanting,,,,,
"Calderbank, David M. J.",1,2000,2000,0,,48,,,,,https://zbmath.org/authors/calderbank.david-m-j,,,,,
"Callahan, Patrick J.",1,1997,1997,0,,9,,,,,https://zbmath.org/authors/callahan.patrick-j,,,,,
"Calta, Kariane",1,2004,2004,1,Journal of the American Mathematical Society: 1,12,,,,,https://zbmath.org/authors/calta.kariane,,,,,
"Cameron, Peter Jephson",1,1983,1983,0,,446,Queen Mary University of London,,https://cameroncounts.github.io/web/,https://mathscinet.ams.org/mathscinet/MRAuthorID/44560,https://zbmath.org/authors/cameron.peter-j,https://www.mathgenealogy.org/id.php?id=26487,https://orcid.org/0000-0003-3130-9505,https://en.wikipedia.org/wiki/Peter_Cameron_(mathematician),"Whitehead Prize (1979, 2017)",ICM Invited Speaker (1990)
"Campbell, Sarah",1,2006,2006,0,,2,,,,https://mathscinet.ams.org/mathscinet/MRAuthorID/757981,https://zbmath.org/authors/campbell.sarah,https://www.mathgenealogy.org/id.php?id=93409,,,,
"Canci, Jung Kyu",1,2015,2015,0,,12,,,,https://mathscinet.ams.org/mathscinet/MRAuthorID/803697,https://zbmath.org/authors/canci.jung-kyu,https://www.mathgenealogy.org/id.php?id=97727,,,,
"Cannizzo, Jan",1,2015,2015,0,,5,,,,,https://zbmath.org/authors/cannizzo.jan,,,,,
"Cantrell, Michael",1,2017,2017,0,,3,"University of Illinois at Chicago, Chicago",arXiv:1509.08966 (2015),,,https://zbmath.org/authors/cantrell.michael,,,,,
"Cao, Chun",1,2001,2001,1,Inventiones Mathematicae: 1,6,,,,https://mathscinet.ams.org/mathscinet/MRAuthorID/355904,https://zbmath.org/authors/cao.chun,https://www.mathgenealogy.org/id.php?id=7322,,,,
"Cao, Wensheng",1,2011,2011,0,,42,,,https://www.scholat.com/caowensheng.cn,https://mathscinet.ams.org/mathscinet/MRAuthorID/690900,https://zbmath.org/authors/cao.wensheng,https://www.mathgenealogy.org/id.php?id=216657,,,,
"Carlucci, Lorenzo",1,2011,2011,0,,35,,,,https://mathscinet.ams.org/mathscinet/MRAuthorID/714329,https://zbmath.org/authors/carlucci.lorenzo,https://www.mathgenealogy.org/id.php?id=96190,,,,
"Carrasco, Matías",1,2022,2022,1,Inventiones Mathematicae: 1,4,,,,,https://zbmath.org/authors/carrasco.matias,,,,,
"Carrasco-Vargas, Nicanor",1,2026,2026,0,,13,,,https://nicanorcarrascovargas.github.io/,,https://zbmath.org/authors/carrasco-vargas.nicanor,https://www.mathgenealogy.org/id.php?id=345857,https://orcid.org/0009-0002-7381-4382,,,
"Carrière, Yves",1,1993,1993,0,,16,,,,,https://zbmath.org/authors/carriere.yves,,,,,
"Carter, Patricia H.",1,1982,1982,0,,3,,,,,https://zbmath.org/authors/carter.patricia-h,,,,,
"Carter, William B.",1,2017,2017,0,,4,"Mathematics Department University of Oklahoma Norman, OK 73019 USA",arXiv:1509.07539 (2015),,,https://zbmath.org/authors/carter.william-b,,,,,
"Casals, Roger",1,2025,2025,1,Journal of the American Mathematical Society: 1,50,,,,,https://zbmath.org/authors/casals.roger,,,,,
"Casamayou-Boucau, Alexandre",1,2005,2005,0,,2,,,,,https://zbmath.org/authors/casamayou-boucau.alexandre,,,,,
"Caserta, Francesco",1,1988,1988,0,,3,,,,,https://zbmath.org/authors/caserta.francesco,,,,,
"Casolo, Carlo",1,2013,2013,0,,49,,,,,https://zbmath.org/authors/casolo.carlo,https://www.mathgenealogy.org/id.php?id=99818,,,,
"Casselman, William A.",1,1994,1994,1,Inventiones Mathematicae: 1,63,University of British Columbia,,,https://mathscinet.ams.org/mathscinet/MRAuthorID/46050,https://zbmath.org/authors/casselman.william-a,https://www.mathgenealogy.org/id.php?id=28397,,https://en.wikipedia.org/wiki/Bill_Casselman,,ICM Invited Speaker (1978)
"Casson, Andrew J.",1,1985,1985,1,Inventiones Mathematicae: 1,15,Yale U.,,https://www.math.yale.edu/public_html/index.html,https://mathscinet.ams.org/mathscinet/MRAuthorID/46080,https://zbmath.org/authors/casson.andrew-j,https://www.mathgenealogy.org/id.php?id=24444,,https://en.wikipedia.org/wiki/Andrew_Casson,Veblen Prize (1991); Fellow of the Royal Society,"ICM Invited Speaker (1978, 1986)"
"Castorena, Abel",1,2022,2022,0,,36,Centro de Ciencias Matemáticas (Universidad Nacional Autónoma de México),,https://www.matmor.unam.mx/es/personal/investigadores/abel,,https://zbmath.org/authors/castorena.abel,https://www.mathgenealogy.org/id.php?id=62239,https://orcid.org/0009-0002-5152-4181,,,
"Castro, Nickolas Andres",1,2018,2018,0,,8,"Rice University Mathematics Department, Houston, TX 77005-1892, USA",arXiv:2408.05340 (2024),,,https://zbmath.org/authors/castro.nickolas-andres,,,,,
"Cautis, Sabin",1,2014,2014,0,,43,"University of British Columbia Vancouver BC, Canada",arXiv:2609.39122 (2026),,https://mathscinet.ams.org/mathscinet/MRAuthorID/712430,https://zbmath.org/authors/cautis.sabin,https://www.mathgenealogy.org/id.php?id=109059,,,,
"Cavaleri, Matteo",1,2026,2026,0,,30,"Università degli Studi Niccolò Cusano - Via Don Carlo Gnocchi, 3 00166 Roma, Italia",arXiv:2207.10986 (2022),,,https://zbmath.org/authors/cavaleri.matteo,,,,,
"Cavendish, William",1,2012,2012,0,,2,"Department of Mathematics, Princeton University, USA",arXiv:1004.3029 (2010),,,https://zbmath.org/authors/cavendish.william,,,,,
"Cengiz, Merve",1,2022,2022,0,,1,,,,,https://zbmath.org/authors/cengiz.merve,,,,,
"Cerulli Irelli, Giovanni",1,2012,2012,0,,30,Sapienza University of Rome,,http://www.math.uni-bonn.de/people/cerulli/home.html http://www.sbai.uniroma1.it/~giovanni.cerulliirelli/,https://mathscinet.ams.org/mathscinet/MRAuthorID/924492,https://zbmath.org/authors/cerulli-irelli.giovanni,https://www.mathgenealogy.org/id.php?id=168708,,,,
"Cerveau, Dominique",1,2008,2008,0,,91,,,https://perso.univ-rennes1.fr/dominique.cerveau/,https://mathscinet.ams.org/mathscinet/MRAuthorID/46840,https://zbmath.org/authors/cerveau.dominique,https://www.mathgenealogy.org/id.php?id=74070,,,,
"Chan, Ada",1,2003,2003,0,,28,"Department of Mathematics and Statistics, York University, Toronto, ON, Canada N3J 1P3",arXiv:2510.09873 (2025),,,https://zbmath.org/authors/chan.ada,,,,,
"Chande, Maya",1,2024,2024,0,,3,"Department of Mathematics, Princeton University, Princeton, NJ 08544",arXiv:2209.04556 (2022),,,https://zbmath.org/authors/chande.maya,,,,,
"Chandy, A. J.",1,1971,1971,0,,2,,,,,https://zbmath.org/authors/chandy.a-j,,,,,
"Chang, Hong",1,2026,2026,0,,47,,,,,https://zbmath.org/authors/chang.hong,,,,,
"Chang, Wonjun",1,2024,2024,0,,2,Department of Mathematics Inha University Incheon 22212 Republic of Korea,arXiv:2206.13333 (2022),,,https://zbmath.org/authors/chang.wonjun,,,,,
"Chapman, Michael",1,2023,2023,0,,4,,,,,https://zbmath.org/authors/chapman.michael,,,,,
"Chapman, Michael John",1,2025,2025,0,,32,"School of Mathematics Institute for Advanced Study, 1 Einstein Drive, Princeton, NJ 08540, USA",arXiv:2511.06586 (2025),,https://mathscinet.ams.org/mathscinet/MRAuthorID/47465,https://zbmath.org/authors/chapman.michael-j,https://www.mathgenealogy.org/id.php?id=114705,,,,
"Chari, Vyjayanthi",1,2002,2002,0,,103,"University of California, Riverside",,http://math.ucr.edu/~chari/,https://mathscinet.ams.org/mathscinet/MRAuthorID/208321,https://zbmath.org/authors/chari.vyjayanthi,https://www.mathgenealogy.org/id.php?id=49988,https://orcid.org/0000-0002-8621-2631,https://en.wikipedia.org/wiki/Vyjayanthi_Chari,,
"Charles, Laurent",1,2016,2016,0,,32,,,http://webusers.imj-prg.fr/~laurent.charles/,https://mathscinet.ams.org/mathscinet/MRAuthorID/662048,https://zbmath.org/authors/charles.laurent,https://www.mathgenealogy.org/id.php?id=64182,,,,
"Chataur, David",1,2012,2012,0,,37,,,,https://mathscinet.ams.org/mathscinet/MRAuthorID/657744,https://zbmath.org/authors/chataur.david,https://www.mathgenealogy.org/id.php?id=67191,,,,
"Chaudkhari, Maksym",1,2021,2021,0,,4,,,,,https://zbmath.org/authors/chaudkhari.maksym,,,,,
"Chbili, Nafaa",1,2001,2001,0,,42,,,,,https://zbmath.org/authors/chbili.nafaa,,,,,
"Cheeger, Jeff",1,2011,2011,1,Acta Mathematica: 1,101,"Courant Institute, 251 Mercer St, New York, NY 10012",arXiv:1910.02394 (2019),https://math.nyu.edu/people/profiles/CHEEGER_Jeff.html,https://mathscinet.ams.org/mathscinet/MRAuthorID/47805,https://zbmath.org/authors/cheeger.jeff,https://www.mathgenealogy.org/id.php?id=7603,,https://en.wikipedia.org/wiki/Jeff_Cheeger,Veblen Prize (2001); Shaw Prize (2021),"ICM Invited Speaker (1974, 1986)"
"Cheetham-West, Tamunonye",1,2023,2023,0,,9,,,,,https://zbmath.org/authors/cheetham-west.tamunonye,,,,,
"Chen, Beifang",1,2009,2009,0,,63,,,,,https://zbmath.org/authors/chen.beifang,,,,,
"Chen, Binglong",1,2016,2016,0,,45,,,,https://mathscinet.ams.org/mathscinet/MRAuthorID/662643,https://zbmath.org/authors/chen.binglong,https://www.mathgenealogy.org/id.php?id=138240,,,,
"Chen, Jacopo Guoyi",1,2026,2026,0,,6,,,,,https://zbmath.org/authors/chen.jacopo-guoyi,,,,,
"Chen, Joye",1,2024,2024,0,,4,"Department of Mathematics, MIT, 77 Massachusetts Avenue, Cambridge, MA 02139-4307",arXiv:2309.04999 (2023),,,https://zbmath.org/authors/chen.joye,,,,,
"Chen, Qile",1,2019,2019,0,,26,,,https://sites.google.com/bc.edu/qile-chen/,https://mathscinet.ams.org/mathscinet/MRAuthorID/924581,https://zbmath.org/authors/chen.qile.2,https://www.mathgenealogy.org/id.php?id=154254,https://orcid.org/0000-0001-6776-242X,,,
"Chen, Qiyu",1,2025,2025,0,,8,,,,,https://zbmath.org/authors/chen.qiyu,,https://orcid.org/0000-0003-3052-9223,,,
"Chen, Ruiyuan",1,2025,2025,0,,30,"University of Florida Department of Mathematics 1400 Stadium Rd Gainesville, FL 32611, USA",arXiv:2505.00893 (2025),,,https://zbmath.org/authors/chen.ruiyuan,,,,,
"Chen, Shuli",1,2026,2026,0,,22,"Department of Mathematics, University of Chicago, 5734 S University Ave, Chicago IL, 60637, United States",arXiv:2508.04173 (2025),,,https://zbmath.org/authors/chen.shuli,,,,,
"Chen, Weiyan",1,2017,2017,0,,12,,,https://www.weiyanc.com/,https://mathscinet.ams.org/mathscinet/MRAuthorID/1219493,https://zbmath.org/authors/chen.weiyan,https://www.mathgenealogy.org/id.php?id=220739,,,,
"Chen, Yuqing",1,2007,2007,0,,36,,,,,https://zbmath.org/authors/chen.yuqing,,,,,
"Chen, Zhen-Qing",1,2022,2022,0,,244,"Department of Mathematics, University of Washington, Seattle, WA 98195, USA",arXiv:2609.04936 (2026),http://www.math.washington.edu/~zchen/,https://mathscinet.ams.org/mathscinet/MRAuthorID/242576,https://zbmath.org/authors/chen.zhen-qing,https://www.mathgenealogy.org/id.php?id=1925,https://orcid.org/0000-0001-7037-4030,,,
"Chen, Zixi",1,2021,2021,0,,3,,,,,https://zbmath.org/authors/chen.zixi,,,,,
"Chenakkod, Shabarish",1,2022,2022,0,,4,,,,,https://zbmath.org/authors/chenakkod.shabarish,,,,,
"Cheng, Xu",1,2018,2018,0,,34,,,https://www.escavador.com/sobre/581335/cheng-xu,https://mathscinet.ams.org/mathscinet/MRAuthorID/685975,https://zbmath.org/authors/cheng.xu.2,https://www.mathgenealogy.org/id.php?id=73995,,,,
"Chermak, Andrew L.",1,1995,1995,0,,24,,,,,https://zbmath.org/authors/chermak.andrew-l,,,,,
"Cherubini, Giacomo",1,2022,2022,0,,21,"Istituto Nazionale di Alta Matematica “Francesco Severi”, Research Unit Department of Mathematics “Guido Castelnuovo”, Sapienza University…",arXiv:2506.13883 (2025),,,https://zbmath.org/authors/cherubini.giacomo,,,,,
"Cheung, Yitwah",1,2006,2006,0,,20,"Yau Mathematical Sciences Center, Tsinghua University, Beijing, China",arXiv:2609.23464 (2026),,,https://zbmath.org/authors/cheung.yitwah,,,,,
"Childers, Leah R.",1,2013,2013,0,,6,,,,,https://zbmath.org/authors/childers.leah-r,,,,,
"Chinyere, Ihechukwu",1,2022,2022,0,,17,"Department of Mathematics and Applied Mathematics, University of Pretoria, Hatfield 0028, Pretoria, South Africa",arXiv:2609.17006 (2026),https://www.essex.ac.uk/people/chiny21602/ihechukwu-chinyere,https://mathscinet.ams.org/mathscinet/MRAuthorID/1162804,https://zbmath.org/authors/chinyere.ihechukwu,https://www.mathgenealogy.org/id.php?id=202658,https://orcid.org/0000-0002-0071-8085,,,
"Chiovetto, Philipy V.",1,2020,2020,0,,1,,,,,https://zbmath.org/authors/chiovetto.philipy-v,,,,,
"Chlouveraki, Maria",1,2014,2014,0,,31,,,,https://mathscinet.ams.org/mathscinet/MRAuthorID/817218,https://zbmath.org/authors/chlouveraki.maria,https://www.mathgenealogy.org/id.php?id=127419,,,,
"Chmutov, Sergei V.",1,2000,2000,0,,60,,,,,https://zbmath.org/authors/chmutov.sergei-v,,,,,
"Chodosh, Otis",1,2026,2026,0,,65,Stanford University,,http://web.stanford.edu/~ochodosh/ https://profiles.stanford.edu/otis-chodosh,https://mathscinet.ams.org/mathscinet/MRAuthorID/973224,https://zbmath.org/authors/chodosh.otis,https://www.mathgenealogy.org/id.php?id=196338,,,,ICM Invited Speaker (2026)
"Choudhury, Diptaishik",1,2024,2024,0,,3,,,,,https://zbmath.org/authors/choudhury.diptaishik,,,,,
"Chouraqui, Fabienne",1,2014,2014,0,,26,"U. Haifa-Oranim, Israel",,https://mathphys.haifa.ac.il/research.html,https://mathscinet.ams.org/mathscinet/MRAuthorID/795751,https://zbmath.org/authors/chouraqui.fabienne,https://www.mathgenealogy.org/id.php?id=138770,https://orcid.org/0000-0002-1676-9397,,,
"Chow, Michael",1,2025,2025,0,,7,"Department of Mathematics, Yale University, New Haven, CT 06511, USA",arXiv:2408.11274 (2024),,,https://zbmath.org/authors/chow.michael,,,,,
"Chow, Richard",1,1996,1996,0,,4,,,,,https://zbmath.org/authors/chow.richard,,,,,
"Christianson, Katherine",1,2016,2016,0,,2,"Department of Mathematics, Columbia University, New York, NY 10027, USA",arXiv:1410.1908 (2014),,,https://zbmath.org/authors/christianson.katherine,,,,,
"Cieliebak, Kai",1,2005,2005,0,,74,University of Augsburg,,http://www.mathematik.uni-muenchen.de/~kai/,https://mathscinet.ams.org/mathscinet/MRAuthorID/349626,https://zbmath.org/authors/cieliebak.kai,https://www.mathgenealogy.org/id.php?id=99893,,https://en.wikipedia.org/wiki/Kai_Cieliebak,,ICM Invited Speaker (2022)
"Cimasoni, David",1,2018,2018,0,,41,"Université de Genève, Suisse",arXiv:2607.25972 (2026),,https://mathscinet.ams.org/mathscinet/MRAuthorID/677173,https://zbmath.org/authors/cimasoni.david,https://www.mathgenealogy.org/id.php?id=99702,,,,
"Ciobotaru, Corina",1,2016,2016,0,,27,,,https://sites.google.com/a/cciobotaru.com/corina-ciobotaru/,https://mathscinet.ams.org/mathscinet/MRAuthorID/1084986,https://zbmath.org/authors/ciobotaru.corina,https://www.mathgenealogy.org/id.php?id=204632,https://orcid.org/0000-0002-1596-1061,,,
"Cisneros De La Cruz, Bruno Aarón",1,2016,2016,0,,9,,,https://www.matem.unam.mx/fsd/bruno,https://mathscinet.ams.org/mathscinet/MRAuthorID/1113306,https://zbmath.org/authors/cisneros-de-la-cruz.bruno-a,https://www.mathgenealogy.org/id.php?id=205580,https://orcid.org/0000-0002-1345-6205,,,
"Clement, Emily",1,2026,2026,0,,8,"CNRS, LIPN UMR 7030, Université Sorbonne Paris Nord, F-93430 Villetaneuse, France, https://perso.eleves.ens-rennes.fr/people/emily.clement/",arXiv:2505.07424 (2025),,,https://zbmath.org/authors/clement.emily,,,,,
"Cléry, Fabien",1,2020,2020,0,,15,"Department of Mathematics, Loughborough University, UK",arXiv:2605.13300 (2026),,,https://zbmath.org/authors/clery.fabien,https://www.mathgenealogy.org/id.php?id=316109,https://orcid.org/0000-0002-7374-1569,,,
"Cobb, Robin J.",1,1997,1997,0,,2,,,,,https://zbmath.org/authors/cobb.robin-j,,,,,
"Codogni, Giulio",1,2014,2014,0,,29,,,https://sites.google.com/view/giuliocodogni/home-page,https://mathscinet.ams.org/mathscinet/MRAuthorID/1062955,https://zbmath.org/authors/codogni.giulio,https://www.mathgenealogy.org/id.php?id=183041,https://orcid.org/0000-0002-4006-3060,,,
"Cofer, Tanya",1,2004,2004,0,,1,,,,https://mathscinet.ams.org/mathscinet/MRAuthorID/746898,https://zbmath.org/authors/cofer.tanya,https://www.mathgenealogy.org/id.php?id=77054,,,,
"Coffey, James",1,2017,2017,0,,3,,,,,https://zbmath.org/authors/coffey.james,,,,,
"Cohen, Arjeh Marcel",1,2002,2002,0,,138,"T.U. Eindhoven, the Netherlands",,https://www.win.tue.nl/~amc/,https://mathscinet.ams.org/mathscinet/MRAuthorID/189719,https://zbmath.org/authors/cohen.arjeh-marcel,https://www.mathgenealogy.org/id.php?id=48322,,,,
"Cohen, Michael P.",1,2020,2020,0,,27,American Institutes for Research,,http://www.michaelpcohen.net/,https://mathscinet.ams.org/mathscinet/MRAuthorID/50330,https://zbmath.org/authors/cohen.michael-p,https://www.mathgenealogy.org/id.php?id=26990,,,,
"Cohen, Ralph L.",1,1979,1979,1,Inventiones Mathematicae: 1,71,Stanford University,,https://profiles.stanford.edu/ralph-cohen,https://mathscinet.ams.org/mathscinet/MRAuthorID/50345,https://zbmath.org/authors/cohen.ralph-l,https://www.mathgenealogy.org/id.php?id=12025,,https://en.wikipedia.org/wiki/Ralph_Louis_Cohen,,ICM Invited Speaker (1983)
"Cohen, William Daniel",1,2026,2026,0,,4,,,https://www.wdcohen-math.com/,,https://zbmath.org/authors/cohen.william-daniel,,,,,
"Colin de Verdière, Yves",1,1991,1991,1,Inventiones Mathematicae: 1,147,,,https://www-fourier.ujf-grenoble.fr/~ycolver/,https://mathscinet.ams.org/mathscinet/MRAuthorID/50580,https://zbmath.org/authors/colin-de-verdiere.yves,https://www.mathgenealogy.org/id.php?id=64205,,https://en.wikipedia.org/wiki/Yves_Colin_de_Verdi%C3%A8re,,ICM Invited Speaker (1986)
"Collin, Olivier",1,2001,2001,0,,11,,,,https://mathscinet.ams.org/mathscinet/MRAuthorID/631468,https://zbmath.org/authors/collin.olivier,https://www.mathgenealogy.org/id.php?id=79369,,,,
"Collinet, Gaël",1,2013,2013,0,,5,,,,,https://zbmath.org/authors/collinet.gael,,,,,
"Comerford, Leo P. jun.",1,1978,1978,0,,18,Eastern Illinois U.,,https://www.eiu.edu/~math/,,https://zbmath.org/authors/comerford.leo-p-jun,,,,,
"Connell, Chris",1,2007,2007,0,,31,Indiana U. - Bloomington,,https://mypage.iu.edu/~connell/,https://mathscinet.ams.org/mathscinet/MRAuthorID/666258,https://zbmath.org/authors/connell.chris,https://www.mathgenealogy.org/id.php?id=125986,https://orcid.org/0000-0001-8698-9646,,,
"Conway, Anthony",1,2018,2018,0,,42,,,https://sites.google.com/view/anthony-conway/home,https://mathscinet.ams.org/mathscinet/MRAuthorID/1181487,https://zbmath.org/authors/conway.anthony,https://www.mathgenealogy.org/id.php?id=224693,https://orcid.org/0000-0002-7016-0179,,,
"Corey, Daniel",1,2024,2024,0,,21,"Embry–Riddle Aeronautical University, Department of Mathematics. Daytona Beach, Florida",arXiv:2507.06225 (2025),,,https://zbmath.org/authors/corey.daniel,,,,,
"Correia, Corentin",1,2025,2025,0,,8,,,,,https://zbmath.org/authors/correia.corentin,,,,,
"Cossarini, Marcos",1,2025,2025,0,,4,,,,,https://zbmath.org/authors/cossarini.marcos,,,,,
"Cotton-Clay, Andrew",1,2023,2023,0,,2,,,,https://mathscinet.ams.org/mathscinet/MRAuthorID/707464,https://zbmath.org/authors/cotton-clay.andrew,https://www.mathgenealogy.org/id.php?id=136373,,,,
"Coté, Ben",1,2021,2021,0,,4,,,,,https://zbmath.org/authors/cote.ben,,,,,
"Cousin, Gaël",1,2018,2018,0,,8,,,https://gcousin.xyz/,https://mathscinet.ams.org/mathscinet/MRAuthorID/1092293,https://zbmath.org/authors/cousin.gael,https://www.mathgenealogy.org/id.php?id=170310,https://orcid.org/0000-0003-1062-4397,,,
"Coxeter, Harold Scott MacDonald",1,1937,1937,0,,257,,,,https://mathscinet.ams.org/mathscinet/MRAuthorID/52435,https://zbmath.org/authors/coxeter.h-s-m,https://www.mathgenealogy.org/id.php?id=12555,,https://en.wikipedia.org/wiki/H._S._M._Coxeter,Fellow of the Royal Society (1950); Sylvester Medal (1997),
"Crampon, Mickaël",1,2014,2014,0,,8,"Departamento de Matemática y Ciencia de la Computación, Universidad de Santiago de Chile, Santiago de Chile",arXiv:1211.6376 (2012),,https://mathscinet.ams.org/mathscinet/MRAuthorID/891827,https://zbmath.org/authors/crampon.mickael,https://www.mathgenealogy.org/id.php?id=170338,,,,
"Crampé, Nicolas",1,2022,2022,0,,125,"Centre de recherches mathématiques, Université de Montréal, P.O. Box 6128Centre-ville Station, Montréal (Québec), H3C 3J7, Canada",arXiv:2609.30636 (2026),,,https://zbmath.org/authors/crampe.nicolas,,https://orcid.org/0000-0002-3754-4074,,,
"Crann, Jason",1,2022,2022,0,,27,"School of Mathematics and Statistics, Carleton University, Ottawa, ON, Canada H1S 5B6",arXiv:2609.02822 (2026),,,https://zbmath.org/authors/crann.jason,,,,,
"Creighton, J. H. C.",1,1978,1978,0,,3,,,,,https://zbmath.org/authors/creighton.j-h-c,,,,,
"Crowell, Richard H.",1,1984,1984,0,,24,,,,,https://zbmath.org/authors/crowell.richard-h,,,,,
"Crowley, Diarmuid John",1,2011,2011,0,,48,,,http://www.dcrowley.net,https://mathscinet.ams.org/mathscinet/MRAuthorID/633183,https://zbmath.org/authors/crowley.diarmuid-j,https://www.mathgenealogy.org/id.php?id=69125,https://orcid.org/0000-0001-5544-6833,,,
"Cruz-Cota, Aldo-Hilario",1,2011,2011,0,,5,,,,,https://zbmath.org/authors/cruz-cota.aldo-hilario,,,,,
"Cuccagna, Scipio",1,1992,1992,0,,70,,,,,https://zbmath.org/authors/cuccagna.scipio,,https://orcid.org/0000-0002-3558-0362,,,
"Cui, Guizhen",1,2002,2002,0,,33,,,http://www.math.ac.cn/index_E/Personal_Web/Cuiguizhen_E.htm,,https://zbmath.org/authors/cui.guizhen,,,,,
"Cunningham, Charles",1,2016,2016,0,,3,"Department of Mathematics, Bowdoin College, Brunswick, Maine 04011",arXiv:1508.05403 (2015),,,https://zbmath.org/authors/cunningham.charles,,,,,
"Curien, Nicolas",1,2021,2021,0,,84,Laboratoire de mathématiques d'Orsay,,https://www.imo.universite-paris-saclay.fr/~curien/,https://mathscinet.ams.org/mathscinet/MRAuthorID/937562,https://zbmath.org/authors/curien.nicolas,https://www.mathgenealogy.org/id.php?id=168433,,,Rollo Davidson Prize (2015),
"Czuroń, Alan",1,2017,2017,0,,5,,,,,https://zbmath.org/authors/czuron.alan,,,,,
"D'angeli, Daniele",1,2026,2026,0,,66,"Università Niccolo Cusano, Rome, Italy",arXiv:2607.17335 (2026),,https://mathscinet.ams.org/mathscinet/MRAuthorID/826301,https://zbmath.org/authors/dangeli.daniele,https://www.mathgenealogy.org/id.php?id=117873,https://orcid.org/0000-0002-8068-0362,,,
"Dadd, Blake",1,2016,2016,0,,1,,,,,https://zbmath.org/authors/dadd.blake,,,,,
"Dal Martello, Davide",1,2024,2024,0,,4,,,,,https://zbmath.org/authors/dal-martello.davide,,,,,
"Dalyan, Elif",1,2015,2015,0,,5,,,http://web.hitit.edu.tr/elifdalyan,,https://zbmath.org/authors/dalyan.elif,,https://orcid.org/0000-0003-2099-7584,,,
"Damiani, Celeste",1,2023,2023,0,,12,,,https://celestedamiani.weebly.com/,https://mathscinet.ams.org/mathscinet/MRAuthorID/1131488,https://zbmath.org/authors/damiani.celeste,https://www.mathgenealogy.org/id.php?id=208968,https://orcid.org/0000-0002-1990-6684,,,
"Dang, Nguyen Viet",1,2020,2020,1,Inventiones Mathematicae: 1,34,,,,,https://zbmath.org/authors/dang.nguyen-viet,,,,,
"Dang, Vinh",1,2019,2019,0,,1,"Lone Star College, North Harris, Houston, TX 77073, USA",arXiv:1711.03693 (2017),,,https://zbmath.org/authors/dang.vinh,,,,,
"Danielski, Daniel",1,2022,2022,0,,5,,,,,https://zbmath.org/authors/danielski.daniel,,,,,
"Danilenko, Ivan",1,2016,2016,0,,5,"Department of Mathematics, University of California, Berkeley 1083 Evans Hall, Berkeley CA 94720-3840",arXiv:2210.09967 (2022),,,https://zbmath.org/authors/danilenko.ivan,,,,,
"Dankwart, Klaus",1,2014,2014,0,,4,,,,,https://zbmath.org/authors/dankwart.klaus,,,,,
"Das, Kajal",1,2016,2016,0,,9,,,,,https://zbmath.org/authors/das.kajal,,,,,
"Das, Ronno",1,2025,2025,0,,11,,,,,https://zbmath.org/authors/das.ronno,,,,,
"Das, Shubhabrata",1,2016,2016,0,,6,"School of Mathematical Sciences, Department of Mathematics, RKM Vivekananda University, P.O. Belur Math, Howrah 711202, India",arXiv:1408.0879 (2014),http://presiuniv.ac.in/web/staff.php?staffid=201,https://mathscinet.ams.org/mathscinet/MRAuthorID/1055897,https://zbmath.org/authors/das.shubhabrata.2,https://www.mathgenealogy.org/id.php?id=211886,,,,
"Das, Tushar",1,2015,2015,0,,34,University of Wisconsin–La Crosse,,https://www.uwlax.edu/profile/tdas/,https://mathscinet.ams.org/mathscinet/MRAuthorID/958150,https://zbmath.org/authors/das.tushar,https://www.mathgenealogy.org/id.php?id=177589,https://orcid.org/0000-0002-3158-4972,,,
"Dasgupta, Ashani",1,2024,2024,0,,2,,,,,https://zbmath.org/authors/dasgupta.ashani,,,,,
"Daura Serrano, Jordi",1,2025,2025,0,,4,,,,,https://zbmath.org/authors/daura-serrano.jordi,,,,,
"Davey, O.",1,1996,1996,0,,1,,,,,https://zbmath.org/authors/davey.o,,,,,
"David, Guy C.",1,2025,2025,0,,25,"Department of Mathematical Sciences Ball State University Muncie, IN 47306",arXiv:2606.14013 (2026),https://sites.google.com/view/gcdavid,https://mathscinet.ams.org/mathscinet/MRAuthorID/1103461,https://zbmath.org/authors/david.guy-c,https://www.mathgenealogy.org/id.php?id=194076,,,,
"Davies, Alex O.",1,2024,2024,0,,9,,,,,https://zbmath.org/authors/davies.alex-o,,,,,
"Davis, Christopher",1,2008,2008,0,,16,,,https://www.math.uci.edu/~davis/,,https://zbmath.org/authors/davis.christopher,,,,,
"Davis, Christopher William",1,2026,2026,0,,34,"Department of Mathematics, University of Wisconsin-Eau Claire, Hibbard Humanities Hall 508, Eau Claire WI 54702-4004",arXiv:2607.22848 (2026),http://people.uwec.edu/daviscw/,https://mathscinet.ams.org/mathscinet/MRAuthorID/958152,https://zbmath.org/authors/davis.christopher-william,https://www.mathgenealogy.org/id.php?id=164034,,,,
"Davis, Diana",1,2019,2019,0,,22,,,,https://mathscinet.ams.org/mathscinet/MRAuthorID/833697,https://zbmath.org/authors/davis.diana,https://www.mathgenealogy.org/id.php?id=175453,https://orcid.org/0000-0001-9480-9510,,,
"Davitt, Richard M.",1,1971,1971,0,,9,,,,,https://zbmath.org/authors/davitt.richard-m,,,,,
"Daw, Edward Warwick",1,1994,1994,0,,1,,,,,https://zbmath.org/authors/daw.edward-warwick,,,,,
"De Rosa, Luca",1,2025,2025,0,,6,,,,,https://zbmath.org/authors/de-rosa.luca,,,,,
"DeMarco, Laura Grace",1,2007,2007,1,Journal of the American Mathematical Society: 1,45,,,https://people.math.harvard.edu/~demarco/,https://mathscinet.ams.org/mathscinet/MRAuthorID/677013,https://zbmath.org/authors/demarco.laura-g,https://www.mathgenealogy.org/id.php?id=69493,,https://en.wikipedia.org/wiki/Laura_DeMarco,Satter Prize (2017),ICM Invited Speaker (2018)
"Debarre, Olivier",1,1986,1986,0,,106,University of Paris,,,https://mathscinet.ams.org/mathscinet/MRAuthorID/55740,https://zbmath.org/authors/debarre.olivier,https://www.mathgenealogy.org/id.php?id=59624,,https://en.wikipedia.org/wiki/Olivier_Debarre,,
"Degtyarev, Alex",1,2011,2011,0,,93,,,http://www.fen.bilkent.edu.tr/~degt/,https://mathscinet.ams.org/mathscinet/MRAuthorID/271103,https://zbmath.org/authors/degtyarev.alex,https://www.mathgenealogy.org/id.php?id=148100,https://orcid.org/0000-0001-6586-4094,,,
"Dehornoy, Pierre",1,2025,2025,0,,33,Grenoble Alpes University,,https://www-fourier.ujf-grenoble.fr/~dehornop/,https://mathscinet.ams.org/mathscinet/MRAuthorID/715458,https://zbmath.org/authors/dehornoy.pierre,https://www.mathgenealogy.org/id.php?id=202539,https://orcid.org/0000-0003-3450-8315,,,
"Dekimpe, Karel",1,1997,1997,0,,132,Katholieke U. Leuven,,https://www.kuleuven.be/wieiswie/en/person/00006953 https://www.kulak.ac.be/~dekimpe/,https://mathscinet.ams.org/mathscinet/MRAuthorID/332206,https://zbmath.org/authors/dekimpe.karel,https://www.mathgenealogy.org/id.php?id=82943,https://orcid.org/0000-0002-2280-8575,,,
"Delabie, Thiebout",1,2018,2018,0,,10,,,,,https://zbmath.org/authors/delabie.thiebout,,,,,
"Delarue, Benjamin",1,2022,2022,1,Inventiones Mathematicae: 1,21,,,https://www.bdelarue.de/,https://mathscinet.ams.org/mathscinet/MRAuthorID/1093802,https://zbmath.org/authors/delarue.benjamin,https://www.mathgenealogy.org/id.php?id=198158,,,,
"Delman, Charles I.",1,2021,2021,0,,5,"Department of Mathematics Eastern Illinois University Charleston, IL 61920",arXiv:1907.01899 (2019),,,https://zbmath.org/authors/delman.charles-i,,,,,
"Deloup, Florian L.",1,1999,1999,0,,24,,,,,https://zbmath.org/authors/deloup.florian-l,,,,,
"Delp, Kelly",1,2007,2007,0,,6,Cornell University,,https://pi.math.cornell.edu/~kdelp/,https://mathscinet.ams.org/mathscinet/MRAuthorID/815548,https://zbmath.org/authors/delp.kelly,https://www.mathgenealogy.org/id.php?id=91227,,,,
"Deng, Jintao",1,2024,2024,0,,11,,,,,https://zbmath.org/authors/deng.jintao,,,,,
"Denham, Graham",1,2017,2017,0,,46,"Department of Mathematics, University of Western Ontario London, ON Canada N6A 5B7",arXiv:2605.04252 (2026),,https://mathscinet.ams.org/mathscinet/MRAuthorID/343377,https://zbmath.org/authors/denham.graham,https://www.mathgenealogy.org/id.php?id=77161,,,,
"Dergacheva, Natalia S.",1,2023,2023,0,,3,,,,,https://zbmath.org/authors/dergacheva.natalia-s,,,,,
"Dermenjian, Aram",1,2018,2018,0,,14,Universidad de Sevilla,arXiv:2512.08711 (2025),,,https://zbmath.org/authors/dermenjian.aram,,,,,
"Deruelle, Arnaud",1,2014,2014,0,,8,"Institute of Natural Sciences, Nihon University, Tokyo 156-8550, Japan",arXiv:1407.0487 (2014),,,https://zbmath.org/authors/deruelle.arnaud,,,,,
"Desgroseilliers, Marc",1,2013,2013,0,,2,,,,,https://zbmath.org/authors/desgroseilliers.marc,,,,,
"Deshpande, Tanmay",1,2017,2017,0,,17,,,,https://mathscinet.ams.org/mathscinet/MRAuthorID/900930,https://zbmath.org/authors/deshpande.tanmay,https://www.mathgenealogy.org/id.php?id=171897,,,,
"Dey, Achintya",1,2026,2026,0,,4,,,,,https://zbmath.org/authors/dey.achintya,,,,,
"Dey, Soumya",1,2025,2025,0,,6,Krea University,,https://sites.google.com/site/soumyadeymathematics https://krea.edu.in/about/faculty/sias/soumya-dey/,https://mathscinet.ams.org/mathscinet/MRAuthorID/1256719,https://zbmath.org/authors/dey.soumya,https://www.mathgenealogy.org/id.php?id=238433,https://orcid.org/0000-0001-8450-8757,,,
"Dhanwani, Neeraj K.",1,2025,2025,0,,11,"Department of Mathematical Sciences Indian Institute of Science Education and Research Mohali Knowledge city, Sector 81, SAS Nagar, Manauli…",arXiv:2412.07319 (2024),https://sites.google.com/view/neeraj-dhanwani,,https://zbmath.org/authors/dhanwani.neeraj-k,,,,,
"Diaf, Farid",1,2024,2024,0,,8,,,,,https://zbmath.org/authors/diaf.farid,,,,,
"Diao, Guo-An",1,2005,2005,0,,1,"School of Arts and Sciences, Holy Family UniversityPhiladelphia, PA 19114, USAandDepartment of Mathematics and Computer ScienceRutgers…",arXiv:math/0510198 (2005),,,https://zbmath.org/authors/diao.guo-an,,,,,
"Diao, Yuanan",1,1999,1999,0,,114,"Department of Mathematics and Statistics University of North Carolina Charlotte Charlotte, NC 28223",arXiv:2603.21049 (2026),https://webpages.charlotte.edu/ydiao/,,https://zbmath.org/authors/diao.yuanan,,https://orcid.org/0000-0003-4411-3755,,,
"Diaz, Steven P.",1,1984,1984,0,,25,,,http://asfaculty.syr.edu/pages/math/diaz-steven.html,https://mathscinet.ams.org/mathscinet/MRAuthorID/205372,https://zbmath.org/authors/diaz.steven-p,https://www.mathgenealogy.org/id.php?id=4452,,,,
"Dibble, James",1,2021,2021,0,,10,,,,https://mathscinet.ams.org/mathscinet/MRAuthorID/1210481,https://zbmath.org/authors/dibble.james,https://www.mathgenealogy.org/id.php?id=188827,,,,
"Dickmann, Ryan",1,2023,2023,0,,9,,,,,https://zbmath.org/authors/dickmann.ryan,,,,,
"Diez, Gabino Gonzáles",1,1991,1991,0,,2,,,,,https://zbmath.org/authors/diez.gabino-gonzales,,,,,
"Dijkstra, Jan J.",1,2001,2001,0,,86,,,,https://mathscinet.ams.org/mathscinet/MRAuthorID/58030,https://zbmath.org/authors/dijkstra.jan-j,https://www.mathgenealogy.org/id.php?id=48497,,,,
"Diller, Jeffrey",1,1992,1992,1,Inventiones Mathematicae: 1,31,U. Notre Dame,,http://www3.nd.edu/~jdiller/ https://www.nd.edu/~jdiller/,https://mathscinet.ams.org/mathscinet/MRAuthorID/327420,https://zbmath.org/authors/diller.jeffrey,https://www.mathgenealogy.org/id.php?id=7189,,,,
"Ding, Hongyu",1,1997,1997,0,,2,,,,,https://zbmath.org/authors/ding.hongyu,,,,,
"Ding, Lihuang",1,2026,2026,0,,4,,,,,https://zbmath.org/authors/ding.lihuang,,,,,
"Ding, Weiyue",1,1983,1983,0,,49,,,,,https://zbmath.org/authors/ding.weiyue,,,,,ICM Invited Speaker (2002)
"Dinkelbach, Jonathan",1,2009,2009,0,,2,,,,,https://zbmath.org/authors/dinkelbach.jonathan,,,,,
"Dlugie, Ethan",1,2024,2024,0,,4,"Department of Mathematics, University of California, Berkeley, CA 94720, USA",arXiv:2210.06561 (2022),https://sites.google.com/view/ethandlugie/research,,https://zbmath.org/authors/dlugie.ethan,https://www.mathgenealogy.org/id.php?id=320515,,,,
"Dolgushev, Vasily A.",1,2024,2024,0,,45,,,,,https://zbmath.org/authors/dolgushev.vasily-a,,,,,
"Dona, Daniele",1,2019,2019,0,,24,,,,,https://zbmath.org/authors/dona.daniele,,,,,
"Donaldson, Simon Kirwan",1,2005,2005,0,,137,Imperial College London,,https://www.ma.imperial.ac.uk/~skdona/ http://www2.imperial.ac.uk/~skdona/,https://mathscinet.ams.org/mathscinet/MRAuthorID/59010,https://zbmath.org/authors/donaldson.simon-k,https://www.mathgenealogy.org/id.php?id=36909,https://orcid.org/0000-0003-4772-1166,https://en.wikipedia.org/wiki/Simon_Donaldson,Whitehead Prize (1984); Fields Medal (1986); Crafoord Prize (1994); Pólya Prize (1999); King Faisal Prize (2006); Nemmers Prize (2008); Shaw Prize (2009); Breakthrough Prize in Mathematics (2014); Veblen Prize (2019); Wolf Prize (2020),"ICM Plenary Speaker (1986, 2018); ICM Invited Speaker (1998)"
"Dong, Jinlei",1,2026,2026,0,,2,"School of Mathematical Sciences, Zhejiang University, Yuhangtang Road 866, Hangzhou, Zhejiang 310058, China P.R",arXiv:2402.18029 (2024),,,https://zbmath.org/authors/dong.jinlei,,,,,
"Dong, Xinlong",1,2025,2025,0,,9,,,,,https://zbmath.org/authors/dong.xinlong,,,,,
"Donno, Alfredo",1,2026,2026,0,,58,"Università degli Studi Niccolò Cusano - Via Don Carlo Gnocchi, 3 00166 Roma, Italia",arXiv:2207.10986 (2022),,https://mathscinet.ams.org/mathscinet/MRAuthorID/826302,https://zbmath.org/authors/donno.alfredo,https://www.mathgenealogy.org/id.php?id=117874,,,,
"Donoso, Sebastián",1,2024,2024,0,,37,"Departamento de Ingeniería Matemática and Centro de Modelamiento Matemático, Universidad de Chile & UMI-CNRS 2807. Beauchef 851, Santiago…",arXiv:2609.27313 (2026),,,https://zbmath.org/authors/donoso.sebastian,,,,,
"Donovan, Will",1,2019,2019,0,,23,"Yau MSC, Tsinghua University, Haidian, Beijing, China, BIMSA, Yanqi Lake, Huairou, Beijing, China, Kavli IPMU (WPI), TODIAS, University of…",arXiv:2512.19140 (2025),,https://mathscinet.ams.org/mathscinet/MRAuthorID/971838,https://zbmath.org/authors/donovan.will,https://www.mathgenealogy.org/id.php?id=155928,,,,
"Donoven, Casey R.",1,2017,2017,0,,8,,,,,https://zbmath.org/authors/donoven.casey-r,,,,,
"Douady, Adrien",1,1993,1993,1,Acta Mathematica: 1,97,University of Paris,,,https://mathscinet.ams.org/mathscinet/MRAuthorID/59400,https://zbmath.org/authors/douady.adrien,https://www.mathgenealogy.org/id.php?id=36905,,https://en.wikipedia.org/wiki/Adrien_Douady,,ICM Invited Speaker (1986)
"Douvropoulos, Theo",1,2025,2025,0,,19,,,,,https://zbmath.org/authors/douvropoulos.theo,,,,,
"Dowty, James G.",1,2002,2002,0,,3,"Department of Mathematics, University of MelbourneParkville, 3052, Australia",arXiv:math/0207060 (2002),,https://mathscinet.ams.org/mathscinet/MRAuthorID/698952,https://zbmath.org/authors/dowty.james-g,https://www.mathgenealogy.org/id.php?id=83019,https://orcid.org/0000-0003-2383-0886,,,
"Doyle, Patrick Hubert",1,1984,1984,0,,51,Michigan State University,,,https://mathscinet.ams.org/mathscinet/MRAuthorID/199916,https://zbmath.org/authors/doyle.patrick-h,https://www.mathgenealogy.org/id.php?id=3775,,,,
"Doyle, Peter G.",1,2004,2004,0,,48,,,,,https://zbmath.org/authors/doyle.peter-g,,,,,
"Dragović, Vladimir",1,2026,2026,0,,136,"The University of Texas at Dallas, Department of Mathematical Sciences",arXiv:2609.04657 (2026),,https://mathscinet.ams.org/mathscinet/MRAuthorID/361289,https://zbmath.org/authors/dragovic.vladimir,https://www.mathgenealogy.org/id.php?id=53926,,https://en.wikipedia.org/wiki/Vladimir_Dragovi%C4%87,,
"Dravec, Tanja",1,2013,2013,0,,52,"Faculty of Natural Sciences and MathematicsUniversity of Maribor,Koroška cesta 160, 2000 Maribor, Slovenia",arXiv:2608.03352 (2026),https://omr.fnm.um.si/index.php/zaposleni/clani-oddelka/tanja-dravec/,https://mathscinet.ams.org/mathscinet/MRAuthorID/906818,https://zbmath.org/authors/dravec.tanja,https://www.mathgenealogy.org/id.php?id=181449,https://orcid.org/0000-0003-0540-0938,,,
"Dress, Andreas W. M.",1,1989,1989,0,,263,Bielefeld University,,,https://mathscinet.ams.org/mathscinet/MRAuthorID/59745,https://zbmath.org/authors/dress.andreas-w-m,https://www.mathgenealogy.org/id.php?id=24752,,https://en.wikipedia.org/wiki/Andreas_Dress,,ICM Invited Speaker (1998)
"Dreyer, Matt",1,2021,2021,0,,2,,,,,https://zbmath.org/authors/dreyer.matt,,,,,
"Druck, Suely",1,2002,2002,0,,7,,,,,https://zbmath.org/authors/druck.suely,,,,,
"Druel, Stéphane",1,2000,2000,0,,44,,,,,https://zbmath.org/authors/druel.stephane,,,,,
"Du, Yukun",1,2024,2024,0,,8,,,,,https://zbmath.org/authors/du.yukun,,,,,
"Duan, Aochen",1,2016,2016,0,,1,"School of Mathematics and Statistics, University of Melbourne, Parkville, VIC 3010, Australia",arXiv:1508.04942 (2015),,,https://zbmath.org/authors/duan.aochen,,,,,
"Dubois, Joël",1,1998,1998,0,,2,,,,https://mathscinet.ams.org/mathscinet/MRAuthorID/613895,https://zbmath.org/authors/dubois.joel,https://www.mathgenealogy.org/id.php?id=94649,,,,
"Dubois, Jérôme",1,2016,2016,0,,28,"Université Clermont Auvergne, CNRS, Laboratoire de Mathématiques Blaise Pascal, F-63000 Clermont-Ferrand, France",arXiv:1912.12946 (2019),,https://mathscinet.ams.org/mathscinet/MRAuthorID/717136,https://zbmath.org/authors/dubois.jerome,https://www.mathgenealogy.org/id.php?id=118525,,,,
"Duchesne, Bruno",1,2021,2021,0,,22,"U. Lorraine, France",,https://www.imo.universite-paris-saclay.fr/~bruno.duchesne/ https://iecl.univ-lorraine.fr/~Bruno.Duchesne/wordpress/,https://mathscinet.ams.org/mathscinet/MRAuthorID/1020362,https://zbmath.org/authors/duchesne.bruno,https://www.mathgenealogy.org/id.php?id=155887,https://orcid.org/0000-0002-4823-4637,,,
"Ducoulombier, Julien",1,2023,2023,0,,10,,,,,https://zbmath.org/authors/ducoulombier.julien,,,,,
"Dudko, Artem Yurievich",1,2023,2023,0,,36,"Institute of Mathematics of the Polish Academy of Sciences, Warsaw, Poland",arXiv:2606.01268 (2026),,,https://zbmath.org/authors/dudko.artem-yurievich,,,,,
"Dudko, Dzmitry",1,2021,2021,0,,20,,,,https://mathscinet.ams.org/mathscinet/MRAuthorID/969584,https://zbmath.org/authors/dudko.dzmitry,https://www.mathgenealogy.org/id.php?id=164205,,,,ICM Invited Speaker (2026)
"Dugopolski, Mark J.",1,1982,1982,0,,2,,,,,https://zbmath.org/authors/dugopolski.mark-j,,,,,
"Dujardin, Romain",1,2017,2017,0,,51,Pierre and Marie Curie University,,https://perso.lpsm.paris/~rdujardin/Site/Accueil.html,https://mathscinet.ams.org/mathscinet/MRAuthorID/687799,https://zbmath.org/authors/dujardin.romain,https://www.mathgenealogy.org/id.php?id=74141,https://orcid.org/0000-0003-3798-0316,,,ICM Invited Speaker (2022)
"Duma, Andrei",1,1974,1974,0,,78,,,,https://mathscinet.ams.org/mathscinet/MRAuthorID/60455,https://zbmath.org/authors/duma.andrei,https://www.mathgenealogy.org/id.php?id=26464,,,,
"Dunbar, William D.",1,2007,2007,0,,9,,,,https://mathscinet.ams.org/mathscinet/MRAuthorID/254669,https://zbmath.org/authors/dunbar.william-d,https://www.mathgenealogy.org/id.php?id=85467,,,,
"Duncan, Andrew B.",1,2004,2004,0,,27,"U. Newcastle, U.K.",,https://www.mas.ncl.ac.uk/~najd2/,,https://zbmath.org/authors/duncan.andrew-b,,,,,
"Duncan, Andrew J.",1,2010,2010,0,,44,"U. Newcastle, U.K.",,https://www.mas.ncl.ac.uk/~najd2/,,https://zbmath.org/authors/duncan.andrew-j,,,,,
"Dupont, Clément",1,2018,2018,0,,22,,,,,https://zbmath.org/authors/dupont.clement,,,,,
"Duryev, Eduard",1,2024,2024,0,,6,,,https://eduryev.weebly.com/,,https://zbmath.org/authors/duryev.eduard,https://www.mathgenealogy.org/id.php?id=286045,,,,
"Durán Batalla, Juan Luis",1,2024,2024,0,,2,,,,,https://zbmath.org/authors/duran-batalla.juan-luis,,,,,
"Duszenko, Kamil",1,2012,2012,0,,1,"Instytut Matematyczny, Uniwersytet Wrocławski, plac Grunwaldzki 2/4, 50-384 Wrocław, Poland",arXiv:1106.0619 (2011),,,https://zbmath.org/authors/duszenko.kamil,,,,,
"Dyatlov, Semyon",1,2022,2022,1,Inventiones Mathematicae: 1,52,,,https://math.mit.edu/~dyatlov/,https://mathscinet.ams.org/mathscinet/MRAuthorID/830509,https://zbmath.org/authors/dyatlov.semyon,https://www.mathgenealogy.org/id.php?id=173964,https://orcid.org/0000-0002-6594-7604,,,ICM Invited Speaker (2022)
"Dye, Heather Ann",1,2005,2005,0,,26,,,,,https://zbmath.org/authors/dye.heather-ann,,,,,
"Dyer, Joan",1,1987,1987,0,,2,,,,,https://zbmath.org/authors/dyer.joan,,,,,
"Díaz-Cantos, Jerónimo",1,2004,2004,0,,1,,,,,https://zbmath.org/authors/diaz-cantos.jeronimo,,,,,
"Easdown, David",1,2004,2004,0,,40,,,,,https://zbmath.org/authors/easdown.david,,,,,
"Easson, Vivien R.",1,2006,2006,0,,1,"Centre for Mathematical Sciences University of Cambridge Wilberforce Road Cambridge CB3 0WB, UK",arXiv:math/0403077 (2004),,,https://zbmath.org/authors/easson.vivien-r,,,,,
"Eaton, William T.",1,1973,1973,0,,14,,,,,https://zbmath.org/authors/eaton.william-t,,,,,
"Eberlein, Patrick B.",1,1973,1973,1,Inventiones Mathematicae: 1,50,,,,,https://zbmath.org/authors/eberlein.patrick-b,,,,,
"Ebert, Johannes Felix",1,2008,2008,0,,32,,,,https://mathscinet.ams.org/mathscinet/MRAuthorID/811149,https://zbmath.org/authors/ebert.johannes-felix,https://www.mathgenealogy.org/id.php?id=110855,,,,
"Eda, Katsuya",1,2002,2002,0,,77,,,,,https://zbmath.org/authors/eda.katsuya,,,,,
"Edjvet, Martin",1,1989,1989,0,,49,"U. Nottingham, U.K.",,https://www.maths.nott.ac.uk/htbin-local/staff.info?me,,https://zbmath.org/authors/edjvet.martin,,,,,
"Edletzberger, Alexandra",1,2024,2024,0,,3,,,,,https://zbmath.org/authors/edletzberger.alexandra,,,,,
"Edwards, David A.",1,1975,1975,1,Annals of Mathematics: 1,23,,,http://www.math.uga.edu/directory/david-edwards,,https://zbmath.org/authors/edwards.david-a,,,,,
"Eells, James jun.",1,1969,1969,0,,89,,,,https://mathscinet.ams.org/mathscinet/MRAuthorID/61935,https://zbmath.org/authors/eells.james-jun,https://www.mathgenealogy.org/id.php?id=19865,,https://en.wikipedia.org/wiki/James_Eells,Senior Berwick Prize (1992),ICM Invited Speaker (1970)
"Efstratia, Kalfagianni",1,2012,2012,0,,1,,,,,https://zbmath.org/authors/efstratia.kalfagianni,,,,,
"Egas Santander, Daniela",1,2024,2024,0,,8,,,,,https://zbmath.org/authors/egas-santander.daniela,,,,,
"Eichler, Martin",1,1943,1943,0,,101,,,,https://mathscinet.ams.org/mathscinet/MRAuthorID/62180,https://zbmath.org/authors/eichler.martin-m-e,https://www.mathgenealogy.org/id.php?id=65573,,https://en.wikipedia.org/wiki/Martin_Eichler,,
"Eike, Joshua",1,2022,2022,0,,1,,,,,https://zbmath.org/authors/eike.joshua,,,,,
"Eilenberg, Samuel",1,1948,1948,0,,174,,,,https://mathscinet.ams.org/mathscinet/MRAuthorID/189203,https://zbmath.org/authors/eilenberg.samuel,https://www.mathgenealogy.org/id.php?id=7643,,https://en.wikipedia.org/wiki/Samuel_Eilenberg,Wolf Prize (1986); Steele Prize (1987),ICM Plenary Speaker (1958); ICM Invited Speaker (1936)
"Einabadi, Nastaran",1,2026,2026,0,,1,,,,,https://zbmath.org/authors/einabadi.nastaran,,,,,
"Eisenberg, Andy",1,2016,2016,0,,3,"Department of Mathematics, Oklahoma State University, USA",arXiv:1806.06155 (2018),,,https://zbmath.org/authors/eisenberg.andy,,,,,
"Eisenberg, Or",1,2021,2021,0,,6,"Department of Mathematics, Harvard University",arXiv:2004.01129 (2020),,,https://zbmath.org/authors/eisenberg.or,,,,,
"Elhamdadi, Mohamed",1,2002,2002,0,,94,,,,https://mathscinet.ams.org/mathscinet/MRAuthorID/643744,https://zbmath.org/authors/elhamdadi.mohamed,https://www.mathgenealogy.org/id.php?id=79810,,,,
"Elkies, Noam David",1,2015,2015,0,,95,,,http://www.math.harvard.edu/~elkies/,https://mathscinet.ams.org/mathscinet/MRAuthorID/229330,https://zbmath.org/authors/elkies.noam-d,https://www.mathgenealogy.org/id.php?id=22514,,https://en.wikipedia.org/wiki/Noam_Elkies,,ICM Invited Speaker (1994)
"Ellenberg, Jordan Stuart",1,2012,2012,0,,72,,,https://people.math.wisc.edu/~ellenberg/ http://www.jordanellenberg.com/,https://mathscinet.ams.org/mathscinet/MRAuthorID/366432,https://zbmath.org/authors/ellenberg.jordan-s,https://www.mathgenealogy.org/id.php?id=31096,https://orcid.org/0000-0001-6307-8911,https://en.wikipedia.org/wiki/Jordan_Ellenberg,,
"Ellis, Graham J.",1,2010,2010,0,,85,,,https://www.nuigalway.ie/our-research/people/mathematics-statistics-and-applied-mathematics/grahamellis/ https://web.archive.org/web/20080324081047/http://hamilton.nuigalway.ie/,https://mathscinet.ams.org/mathscinet/MRAuthorID/63010,https://zbmath.org/authors/ellis.graham-j,https://www.mathgenealogy.org/id.php?id=52193,,,,
"Elwin, John D.",1,1974,1974,0,,6,,,,,https://zbmath.org/authors/elwin.john-d,,,,,
"Endimioni, Gérard",1,1991,1991,0,,45,,,,,https://zbmath.org/authors/endimioni.gerard,,,,,
"Engel, Philip Milton",1,2026,2026,0,,27,"Department of Mathematics, Statistics, and Computer Science, University of Illinois Chicago, 851 S Morgan St, Chicago, IL 60607, USA",arXiv:2609.38442 (2026),https://philip-engel.github.io/,https://mathscinet.ams.org/mathscinet/MRAuthorID/290102,https://zbmath.org/authors/engel.philip-milton,https://www.mathgenealogy.org/id.php?id=218996,,,,
"Epperlein, Jeremias",1,2023,2023,0,,18,,,,,https://zbmath.org/authors/epperlein.jeremias,,,,,
"Erchenko, Alena",1,2024,2024,0,,15,"Department of Mathematics, University of Oregon, Eugene, OR",arXiv:2604.26308 (2026),,,https://zbmath.org/authors/erchenko.alena,,,,,
"Erdmann, Karin",1,2019,2019,0,,161,University of Oxford,,https://people.maths.ox.ac.uk/erdmann/,https://mathscinet.ams.org/mathscinet/MRAuthorID/63835,https://zbmath.org/authors/erdmann.karin,https://www.mathgenealogy.org/id.php?id=21826,https://orcid.org/0000-0002-6288-0547,https://en.wikipedia.org/wiki/Karin_Erdmann,,
"Eremenko, Alexandre",1,2020,2020,0,,238,,,https://www.math.purdue.edu/~eremenko/,https://mathscinet.ams.org/mathscinet/MRAuthorID/63860,https://zbmath.org/authors/eremenko.alexandre-e,https://www.mathgenealogy.org/id.php?id=22835,,https://en.wikipedia.org/wiki/Alexandre_Eremenko,,ICM Invited Speaker (2002)
"Eriksson-Bique, Sylvester",1,2025,2025,0,,50,Department of Mathematics and Statistics P.O. Box 35 FI-40014 University of Jyväskylä,arXiv:2609.09110 (2026),https://sylvestereriksson.wordpress.com,,https://zbmath.org/authors/eriksson-bique.sylvester,https://www.mathgenealogy.org/id.php?id=231437,https://orcid.org/0000-0002-1919-6475,,,
"Erlijman, Juliana",1,2000,2000,0,,6,,,,,https://zbmath.org/authors/erlijman.juliana,,,,,
"Ernst, Claus",1,1999,1999,0,,64,,,https://www.wku.edu/math/facultystaff/claus_ernst,https://mathscinet.ams.org/mathscinet/MRAuthorID/243660,https://zbmath.org/authors/ernst.claus,https://www.mathgenealogy.org/id.php?id=2062,https://orcid.org/0000-0002-2334-6229,,,
"Escartín-Ferrer, Marcos",1,2024,2024,0,,5,,,,,https://zbmath.org/authors/escartin-ferrer.marcos,,,,,
"Escobar-Velásquez, Nicolás",1,2019,2019,0,,3,"Departamento de Matemáticas, Universidad de los Andes, Bogotá, Colombia",arXiv:1707.03884 (2017),,,https://zbmath.org/authors/escobar-velasquez.nicolas,,,,,
"Esperet, Louis",1,2024,2024,0,,100,"G-SCOP, CNRS, Université Grenoble Alpes, Grenoble, France",arXiv:2602.07435 (2026),https://oc.g-scop.grenoble-inp.fr/esperet/,https://mathscinet.ams.org/mathscinet/MRAuthorID/805012,https://zbmath.org/authors/esperet.louis,https://www.mathgenealogy.org/id.php?id=124608,https://orcid.org/0000-0001-6200-0514,,,
"Essert, Jan",1,2013,2013,0,,5,,,,https://mathscinet.ams.org/mathscinet/MRAuthorID/1025995,https://zbmath.org/authors/essert.jan,https://www.mathgenealogy.org/id.php?id=144434,,,,
"Estrada, Beatriz",1,2002,2002,0,,11,,,,,https://zbmath.org/authors/estrada.beatriz,,,,,
"Estévez, José Luis",1,2024,2024,0,,4,,,https://portalcientifico.uned.es/investigadores/204035/detalle?lang=de,,https://zbmath.org/authors/estevez.jose-luis,,,,,
"Etingof, Pavel Il'ich",1,2008,2008,0,,299,,,http://www-math.mit.edu/~etingof/,https://mathscinet.ams.org/mathscinet/MRAuthorID/289118,https://zbmath.org/authors/etingof.pavel-i,https://www.mathgenealogy.org/id.php?id=65974,https://orcid.org/0000-0002-0710-1416,https://en.wikipedia.org/wiki/Pavel_Etingof,,ICM Invited Speaker (2002)
"Eudave-Muñoz, Mario",1,1999,1999,0,,54,,,https://www.matem.unam.mx/fsd/mario,https://mathscinet.ams.org/mathscinet/MRAuthorID/261068,https://zbmath.org/authors/eudave-munoz.mario,https://www.mathgenealogy.org/id.php?id=17185,,,,
"Evans, David M.",1,1997,1997,0,,58,,,https://www.imperial.ac.uk/people/david.evans,https://mathscinet.ams.org/mathscinet/MRAuthorID/222893,https://zbmath.org/authors/evans.david-m,https://www.mathgenealogy.org/id.php?id=43803,,,,
"Evans, Jonathan David",1,2011,2011,0,,27,,,http://jde27.uk/,https://mathscinet.ams.org/mathscinet/MRAuthorID/897392,https://zbmath.org/authors/evans.jonathan-david,https://www.mathgenealogy.org/id.php?id=151115,https://orcid.org/0000-0001-9000-8484,,,
"Evans, Martin J.",1,1992,1992,0,,60,University of Alabama,,http://math.ua.edu/profile/martin-evans/,https://mathscinet.ams.org/mathscinet/MRAuthorID/64485,https://zbmath.org/authors/evans.martin-j,https://www.mathgenealogy.org/id.php?id=46250,,,,
"Evans, Parker",1,2025,2025,0,,9,,,,,https://zbmath.org/authors/evans.parker,,,,,
"Even-Zohar, Chaim",1,2023,2023,0,,26,"Faculty of Mathematics, Technion, Haifa, Israel",arXiv:2504.01217 (2025),,,https://zbmath.org/authors/even-zohar.chaim,,,,,
"Evetts, Alex",1,2025,2025,0,,11,,,,,https://zbmath.org/authors/evetts.alex,,,,,
"Evren, Özgür",1,2017,2017,0,,10,,,,,https://zbmath.org/authors/evren.ozgur,,,,,
"Ewald, Günter",1,1973,1973,0,,71,Ruhr University Bochum,,,https://mathscinet.ams.org/mathscinet/MRAuthorID/64590,https://zbmath.org/authors/ewald.guenter,https://www.mathgenealogy.org/id.php?id=21547,,,,
"Faber, Carel Filip",1,2020,2020,0,,49,"Mathematisch Instituut, Universiteit Utrecht, P.O. Box 80010, 3508 TA Utrecht, The Netherlands",arXiv:2207.05130 (2022),https://webspace.science.uu.nl/~faber010/,https://mathscinet.ams.org/mathscinet/MRAuthorID/64735,https://zbmath.org/authors/faber.carel-f,https://www.mathgenealogy.org/id.php?id=50978,,,,
"Fairchild, Samantha",1,2023,2023,0,,11,,,https://sites.google.com/view/sfairchild/home,,https://zbmath.org/authors/fairchild.samantha,https://www.mathgenealogy.org/id.php?id=283114,,,,
"Fajuyigbe, Oladele",1,1979,1979,0,,2,,,,,https://zbmath.org/authors/fajuyigbe.oladele,,,,,
"Falgas-Ravry, Victor",1,2025,2025,0,,42,"Institutionen för matematik och matematisk statistik, Umeå Universitet, Sweden",arXiv:2505.14281 (2025),,https://mathscinet.ams.org/mathscinet/MRAuthorID/937142,https://zbmath.org/authors/falgas-ravry.victor,https://www.mathgenealogy.org/id.php?id=169466,https://orcid.org/0000-0001-8631-4745,,,
"Faltings, Gerd",1,1983,1983,0,,90,,,https://www.mpim-bonn.mpg.de/de/node/102 http://www.hcm.uni-bonn.de/people/profile/gerd-faltings/,https://mathscinet.ams.org/mathscinet/MRAuthorID/65080,https://zbmath.org/authors/faltings.gerd,https://www.mathgenealogy.org/id.php?id=18851,,https://en.wikipedia.org/wiki/Gerd_Faltings,Fields Medal (1986); King Faisal Prize (2014); Shaw Prize (2015); Cantor Medal (2017); Abel Prize (2026),ICM Plenary Speaker (1986); ICM Invited Speaker (1994)
"Fan, Houhong",1,1998,1998,0,,2,,,,,https://zbmath.org/authors/fan.houhong,,,,,
"Fan, Yue",1,2017,2017,0,,28,,,,,https://zbmath.org/authors/fan.yue,,,,,
"Fan, Yuwei",1,2021,2021,0,,22,,,https://ywfan-math.github.io/,,https://zbmath.org/authors/fan.yuwei,,,,,
"Fang, Xin",1,2015,2015,0,,49,,,http://www.mi.uni-koeln.de/~xfang/,https://mathscinet.ams.org/mathscinet/MRAuthorID/937521,https://zbmath.org/authors/fang.xin,https://www.mathgenealogy.org/id.php?id=169042,,,,
"Fang, Xingui",1,2002,2002,0,,40,,,,,https://zbmath.org/authors/fang.xingui,,,,,
"Farber, Ethan",1,2024,2024,0,,3,,,,,https://zbmath.org/authors/farber.ethan,,,,,
"Fariña-Asategui, Jorge",1,2025,2025,0,,19,,,https://sites.google.com/view/jorge-farina-asategui,,https://zbmath.org/authors/farina-asategui.jorge,,https://orcid.org/0009-0007-7029-2474,,,
"Farkas, Gavril",1,2022,2022,0,,98,"Humboldt-Universität zu Berlin, Institut für Mathematik, Unter den Linden 6 10099 Berlin, Germany",arXiv:2604.18719 (2026),https://www.mathematik.hu-berlin.de/~farkas/,https://mathscinet.ams.org/mathscinet/MRAuthorID/630518,https://zbmath.org/authors/farkas.gavril,https://www.mathgenealogy.org/id.php?id=51085,https://orcid.org/0000-0001-6762-0413,https://en.wikipedia.org/wiki/Gavril_Farkas,,
"Fasano, Riccardo",1,2026,2026,0,,1,,,,,https://zbmath.org/authors/fasano.riccardo,,,,,
"Fauntleroy, Amassa",1,1976,1976,0,,21,,,,,https://zbmath.org/authors/fauntleroy.amassa,,,,,
"Favale, Filippo Francesco",1,2024,2024,0,,27,"Dipartimento di Matematica, Università degli Studi di Pavia, via Ferrata, 5 I-27100 Pavia, Italy",arXiv:2602.16510 (2026),http://fcubo.altervista.org/,,https://zbmath.org/authors/favale.filippo-francesco,,https://orcid.org/0000-0002-2924-184X,,,
"Fedele, Francesca",1,2026,2026,0,,13,,,,,https://zbmath.org/authors/fedele.francesca,,,,,
"Felder, Giovanni",1,2005,2005,0,,123,,,http://www2.math.ethz.ch/u/felder,https://mathscinet.ams.org/mathscinet/MRAuthorID/65860,https://zbmath.org/authors/felder.giovanni,https://www.mathgenealogy.org/id.php?id=54311,https://orcid.org/0000-0001-5775-2287,https://en.wikipedia.org/wiki/Giovanni_Felder,,ICM Invited Speaker (1994)
"Felder, Matteo",1,2018,2018,0,,6,,,,,https://zbmath.org/authors/felder.matteo,,,,,
"Ferleger, Sergei V.",1,2001,2001,0,,13,,,,,https://zbmath.org/authors/ferleger.sergei-v,,,,,
"Fernández de Bobadilla, Javier",1,2021,2021,0,,49,,,https://www.ikerbasque.net/es/javier-fernandez-de-bobadilla,https://mathscinet.ams.org/mathscinet/MRAuthorID/616098,https://zbmath.org/authors/fernandez-de-bobadilla.javier,https://www.mathgenealogy.org/id.php?id=56917,,,,
"Ferragut, Tom",1,2026,2026,0,,3,,,,,https://zbmath.org/authors/ferragut.tom,,,,,
"Ferretti, Livio",1,2025,2025,0,,7,,,https://sites.google.com/view/livio-ferretti/home,,https://zbmath.org/authors/ferretti.livio,,https://orcid.org/0000-0002-2277-0781,,,
"Ferry, Steven C.",1,2019,2019,0,,57,,,,,https://zbmath.org/authors/ferry.steven-c,,,,,
"Feustel, Charles D.",1,1973,1973,0,,33,,,,,https://zbmath.org/authors/feustel.charles-d,,,,,
"Fiedler, Thomas",1,2005,2005,0,,49,,,,https://mathscinet.ams.org/mathscinet/MRAuthorID/191880,https://zbmath.org/authors/fiedler.thomas,https://www.mathgenealogy.org/id.php?id=34885,,,,
"Filom, Khashayar",1,2023,2023,0,,16,"Department of Mathematics, University of Michigan, 530 Church St, Ann Arbor, MI 48109, USA",arXiv:2202.00768 (2022),,,https://zbmath.org/authors/filom.khashayar,,,,,
"Fine, Benjamin L.",1,1988,1988,0,,156,Fairfield U.,,https://benfineauthor.wordpress.com/about/ https://www.faculty.fairfield.edu/jmac/madp/fafine.htm,https://mathscinet.ams.org/mathscinet/MRAuthorID/200228,https://zbmath.org/authors/fine.benjamin-l,https://www.mathgenealogy.org/id.php?id=33896,,,,
"Fine, Joel",1,2013,2013,0,,32,"Département de Mathématiques, Université libre de Bruxelles, Brussels, Belgium",arXiv:2503.05272 (2025),http://homepages.vub.ac.be/~joelfine/papers.html,https://mathscinet.ams.org/mathscinet/MRAuthorID/761187,https://zbmath.org/authors/fine.joel,https://www.mathgenealogy.org/id.php?id=93788,,,,
"Finkelstein, Elizabeth",1,2000,2000,0,,4,,,,,https://zbmath.org/authors/finkelstein.elizabeth,,,,,
"Finlinson, Kathleen",1,2016,2016,0,,1,"Department of Applied Mathematics, University of Colorado, Boulder, Colorado, USA",arXiv:1502.07991 (2015),,,https://zbmath.org/authors/finlinson.kathleen,,,,,
"Fiorenza, Domenico",1,2026,2026,0,,70,,,,,https://zbmath.org/authors/fiorenza.domenico,,,,,
"Firmo, Sebastião",1,2011,2011,0,,16,,,,,https://zbmath.org/authors/firmo.sebastiao,,,,,
"Fisac, David",1,2025,2025,0,,5,,,,,https://zbmath.org/authors/fisac.david,,,,,
"Fitting, Hans",1,1932,1932,0,,22,University of Königsberg (former),,,https://mathscinet.ams.org/mathscinet/MRAuthorID/1243985,https://zbmath.org/authors/fitting.hans,https://www.mathgenealogy.org/id.php?id=63781,,https://en.wikipedia.org/wiki/Hans_Fitting,,
"Flach, Nicole",1,2008,2008,0,,2,,,,,https://zbmath.org/authors/flach.nicole,,,,,
"Flamm, Xenia",1,2026,2026,0,,8,,,https://www.ihes.fr/~/flamm/,,https://zbmath.org/authors/flamm.xenia,,,,,
"Flavell, Paul",1,2016,2016,0,,40,,,,https://mathscinet.ams.org/mathscinet/MRAuthorID/325174,https://zbmath.org/authors/flavell.paul,https://www.mathgenealogy.org/id.php?id=104389,,,,
"Fléchelles, Balthazar",1,2025,2025,0,,4,,,,,https://zbmath.org/authors/flechelles.balthazar,,,,,
"Forcey, Stefan",1,2007,2007,0,,38,,,,,https://zbmath.org/authors/forcey.stefan,,,,,
"Formanek, Edward W.",1,1996,1996,0,,66,,,,,https://zbmath.org/authors/formanek.edward-w,,,,,
"Forstnerič, Franc",1,2026,2026,0,,172,,,http://www.fmf.uni-lj.si/~forstneric/,https://mathscinet.ams.org/mathscinet/MRAuthorID/228404,https://zbmath.org/authors/forstneric.franc,https://www.mathgenealogy.org/id.php?id=11494,https://orcid.org/0000-0002-7975-0212,,,ICM Invited Speaker (2026)
"Foulon, Patrick",1,2013,2013,0,,34,"Aix-Marseille Université, CNRS, UMR 822, 163 avenue de Luminy, 13288 Marseille cedex 9, France",arXiv:2307.09363 (2023),,,https://zbmath.org/authors/foulon.patrick,,,,,
"Fowler, Neal J.",1,2002,2002,0,,11,,,,,https://zbmath.org/authors/fowler.neal-j,,,,,
"Fowler, Robert S.",1,1985,1985,0,,2,,,,,https://zbmath.org/authors/fowler.robert-s,,,,,
"Frances, Charles",1,2021,2021,0,,31,,,http://www-irma.u-strasbg.fr/~frances/,https://mathscinet.ams.org/mathscinet/MRAuthorID/691387,https://zbmath.org/authors/frances.charles,https://www.mathgenealogy.org/id.php?id=106066,,,,
"Franchi, Clara",1,2018,2018,0,,29,,,,,https://zbmath.org/authors/franchi.clara,,,,,
"Franco, Felipe A.",1,2021,2021,0,,4,,,,,https://zbmath.org/authors/franco.felipe-a,,,,,
"Frankel, Ian",1,2024,2024,0,,3,,,,,https://zbmath.org/authors/frankel.ian,https://www.mathgenealogy.org/id.php?id=257423,,,,
"Franz, Daniel",1,2023,2023,0,,2,Jacksonville University,arXiv:2010.09673 (2020),https://www.ju.edu/directory/daniel-franz.php,,https://zbmath.org/authors/franz.daniel,https://www.mathgenealogy.org/id.php?id=265721,,,,
"Franzsen, William N.",1,2001,2001,0,,6,,,,,https://zbmath.org/authors/franzsen.william-n,,,,,
"Fraser, Chris",1,2023,2023,0,,13,,,,,https://zbmath.org/authors/fraser.chris,,,,,
"Fraser, Maia",1,1996,1996,0,,12,,,,,https://zbmath.org/authors/fraser.maia,,,,,
"Freire, Emanoel M. S.",1,2024,2024,0,,1,"IMPA Estrada Dona Castorina, 110 22460-320 Rio de Janeiro, Brazil",arXiv:2210.00154 (2022),,,https://zbmath.org/authors/freire.emanoel-m-s,,,,,
"Frenck, Georg",1,2022,2022,0,,17,University of Augsburg,,http://frenck.net/Math/,,https://zbmath.org/authors/frenck.georg,https://www.mathgenealogy.org/id.php?id=251286,https://orcid.org/0000-0002-4260-7797,,,
"Frenkel, Igor B.",1,2012,2012,0,,77,,,https://users.math.yale.edu/public_html/People/frenkel.html,https://mathscinet.ams.org/mathscinet/MRAuthorID/69225,https://zbmath.org/authors/frenkel.igor-b,https://www.mathgenealogy.org/id.php?id=14975,,https://en.wikipedia.org/wiki/Igor_Frenkel,,
"Friberg, Bjorn",1,1973,1973,0,,3,,,,,https://zbmath.org/authors/friberg.bjorn,,,,,
"Fricke, Robert",1,1904,1904,0,,99,,,,https://mathscinet.ams.org/mathscinet/MRAuthorID/445778,https://zbmath.org/authors/fricke.robert,https://www.mathgenealogy.org/id.php?id=7422,,https://en.wikipedia.org/wiki/Robert_Fricke,,ICM Invited Speaker (1904)
"Fricker, Ethan",1,2022,2022,0,,1,University of Illinois at Chicago,arXiv:2108.07947 (2021),,,https://zbmath.org/authors/fricker.ethan,,,,,
"Friedgut, Ehud",1,2017,2017,0,,53,Weizmann Institute of Science,,,https://mathscinet.ams.org/mathscinet/MRAuthorID/603069,https://zbmath.org/authors/friedgut.ehud,https://www.mathgenealogy.org/id.php?id=62388,,,,ICM Invited Speaker (2022)
"Friedman, Michael",1,2008,2008,0,,37,,,https://www.matters-of-activity.de/en/members/139/dr-michael-friedman,https://mathscinet.ams.org/mathscinet/MRAuthorID/794412,https://zbmath.org/authors/friedman.michael,https://www.mathgenealogy.org/id.php?id=156962,https://orcid.org/0000-0002-2905-0170,,,
"Fromentin, Jean",1,2011,2011,0,,20,,,https://www-lmpa.univ-littoral.fr/~fromentin/,https://mathscinet.ams.org/mathscinet/MRAuthorID/845054,https://zbmath.org/authors/fromentin.jean,https://www.mathgenealogy.org/id.php?id=163789,https://orcid.org/0000-0001-6652-9992,,,
"Fruchter, Jonathan",1,2022,2022,0,,6,,,,,https://zbmath.org/authors/fruchter.jonathan,,,,,
"Frécon, Olivier",1,2010,2010,0,,20,,,http://www-math.sp2mi.univ-poitiers.fr/~frecon/,https://mathscinet.ams.org/mathscinet/MRAuthorID/664471,https://zbmath.org/authors/frecon.olivier,https://www.mathgenealogy.org/id.php?id=130306,,,,
"Frączyk, Mikolaj",1,2025,2025,0,,31,,,,,https://zbmath.org/authors/fraczyk.mikolaj,,,,,
"Fu, Kai",1,2026,2026,0,,3,,,https://kaifu2210.github.io/,,https://zbmath.org/authors/fu.kai.2,,,,,
"Fuchs, Elena D.",1,2014,2014,0,,20,,,,https://mathscinet.ams.org/mathscinet/MRAuthorID/771444,https://zbmath.org/authors/fuchs.elena-d,https://www.mathgenealogy.org/id.php?id=158477,,,,
"Fuchs, Jürgen",1,2014,2014,0,,143,"Teoretisk Fysik, Karlstads Universitet, Karlstad, Sweden",arXiv:2604.16525 (2026),https://www.kau.se/en/researchers/jurgen-fuchs,https://mathscinet.ams.org/mathscinet/MRAuthorID/209391,https://zbmath.org/authors/fuchs.jurgen,https://www.mathgenealogy.org/id.php?id=90155,https://orcid.org/0000-0003-4081-6234,,,
"Fuchs, Urs",1,2023,2023,0,,7,,,,,https://zbmath.org/authors/fuchs.urs,,,,,
"Fuertes, Yolanda",1,1997,1997,0,,18,,,,,https://zbmath.org/authors/fuertes.yolanda,,,,,
"Fukaya, Tomohiro",1,2015,2015,0,,22,"Department of Mathematical Sciences, Tokyo Metropolitan University, Tokyo, Japan",arXiv:2603.29158 (2026),,,https://zbmath.org/authors/fukaya.tomohiro,,,,,
"Fukumoto, Yoshihiro",1,2009,2009,0,,14,,,,,https://zbmath.org/authors/fukumoto.yoshihiro,,,,,
"Funke, Florian",1,2018,2018,0,,15,,,,,https://zbmath.org/authors/funke.florian,,,,,
"Furusho, Hidekazu",1,2021,2021,0,,44,"Graduate School of Mathematics, Nagoya University, Furo-cho, Chikusa-ku, Nagoya, 464-8602, Japan",arXiv:2607.09231 (2026),,,https://zbmath.org/authors/furusho.hidekazu,,,,,
"Gagliardi, Carlo",1,1981,1981,0,,44,,,,,https://zbmath.org/authors/gagliardi.carlo,,https://orcid.org/0000-0002-5783-4124,,,
"Gagliardo, Emilio",1,1975,1975,0,,41,,,,https://mathscinet.ams.org/mathscinet/MRAuthorID/256385,https://zbmath.org/authors/gagliardo.emilio,https://www.mathgenealogy.org/id.php?id=145610,,https://en.wikipedia.org/wiki/Emilio_Gagliardo,,
"Gaifullin, Alexander A.",1,2015,2015,0,,45,,,https://faculty.skoltech.ru/people/alexandergaifullin,https://mathscinet.ams.org/mathscinet/MRAuthorID/707436,https://zbmath.org/authors/gaifullin.alexander-a,https://www.mathgenealogy.org/id.php?id=130754,,,,
"Gal, Światosław R.",1,2008,2008,0,,25,"Wroclaw U., Poland",,http://www.math.uni.wroc.pl/~sgal/ https://www.math.uni.wroc.pl/~sgal/,https://mathscinet.ams.org/mathscinet/MRAuthorID/683495,https://zbmath.org/authors/gal.swiatoslaw-r,https://www.mathgenealogy.org/id.php?id=138780,https://orcid.org/0000-0003-2506-4142,,,
"Galaz-García, Carmen",1,2024,2024,0,,2,,,,,https://zbmath.org/authors/galaz-garcia.carmen,,,,,
"Gallot, Sylvestre",1,2011,2011,0,,52,Grenoble Alpes University,,https://www-fourier.ujf-grenoble.fr/?q=en/content/sylvestre-gallot,https://mathscinet.ams.org/mathscinet/MRAuthorID/190515,https://zbmath.org/authors/gallot.sylvestre,https://www.mathgenealogy.org/id.php?id=78148,,https://en.wikipedia.org/wiki/Sylvestre_Gallot,,ICM Invited Speaker (1998)
"Gamburd, Alexander",1,2008,2008,1,Annals of Mathematics: 1,36,,,https://www.gc.cuny.edu/Page-Elements/Academics-Research-Centers-Initiatives/Doctoral-Programs/Mathematics/Faculty-Bios/Alexander-Gamburd/,,https://zbmath.org/authors/gamburd.alexander,,,,,ICM Invited Speaker (2022)
"Gan, Hong-Chuan",1,2021,2021,0,,2,"Department of Mathematics, Sun Yat-sen University, 510275, Guangzhou, China",arXiv:2005.07904 (2020),,,https://zbmath.org/authors/gan.hong-chuan,,,,,
"Gao, David",1,2025,2025,1,Inventiones Mathematicae: 1,20,"Department of Mathematics, UC Berkeley, Evans Hall, CA 94705, USA",arXiv:2607.29571 (2026),https://sites.google.com/ucsd.edu/david-gao/home,,https://zbmath.org/authors/gao.david,,,,,
"Gao, Xinghua",1,2017,2017,0,,6,,,,,https://zbmath.org/authors/gao.xinghua.2,,,,,
"Gao, Yue",1,2024,2024,0,,63,,,,,https://zbmath.org/authors/gao.yue,,,,,
"Garber, David",1,2002,2002,0,,55,,,,,https://zbmath.org/authors/garber.david,,,,,
"Garcia, Jacob D.",1,2025,2025,0,,3,,,https://sites.google.com/view/jacobgarcia/home,,https://zbmath.org/authors/garcia.jacob-d,https://www.mathgenealogy.org/id.php?id=320682,,,,
"García-Mejía, Jerónimo",1,2026,2026,0,,3,"Mathematical Institute, Andrew Wiles Building, Observatory Quarter, University of Oxford, Oxford OX2 6GG, United Kingdom",arXiv:2507.07566 (2025),,,https://zbmath.org/authors/garcia-mejia.jeronimo,,,,,
"Gardella, Eusebio",1,2023,2023,0,,58,"Department of Mathematical Sciences, Chalmers University of Technology and University of Gothenburg, Gothenburg SE-412 96, Sweden",arXiv:2506.11819 (2025),,,https://zbmath.org/authors/gardella.eusebio,,,,,
"Gardener, T. S.",1,1995,1995,0,,5,,,,,https://zbmath.org/authors/gardener.t-s,,,,,
"Garion, Shelly",1,2013,2013,0,,15,,,,https://mathscinet.ams.org/mathscinet/MRAuthorID/842692,https://zbmath.org/authors/garion.shelly,https://www.mathgenealogy.org/id.php?id=134605,,,,
"Garncarek, Łukasz",1,2019,2019,0,,9,"Ł. GarncarekWeizmann Institute of Science Herzl St 234 Rehovot, 7610001, Israel",arXiv:1610.06429 (2016),,,https://zbmath.org/authors/garncarek.lukasz,,https://orcid.org/0000-0003-4811-5184,,,
"Garreta, Albert",1,2024,2024,0,,16,,,,,https://zbmath.org/authors/garreta.albert,,,,,
"Garrison, Anne",1,2003,2003,0,,1,,,,,https://zbmath.org/authors/garrison.anne,,,,,
"Gartland, Chris",1,2025,2025,0,,19,,,,,https://zbmath.org/authors/gartland.chris,,,,,
"Gartside, Paul M.",1,2008,2008,0,,83,,,http://www.math.pitt.edu/faculty_homepages/gartside.html,https://mathscinet.ams.org/mathscinet/MRAuthorID/341031,https://zbmath.org/authors/gartside.paul-m,https://www.mathgenealogy.org/id.php?id=45981,,,,
"Gauld, David B.",1,2008,2008,0,,84,University of Auckland (former),,https://www.math.auckland.ac.nz/~gauld/,https://mathscinet.ams.org/mathscinet/MRAuthorID/71905,https://zbmath.org/authors/gauld.david-b,https://www.mathgenealogy.org/id.php?id=754,https://orcid.org/0000-0002-2076-3895,https://en.wikipedia.org/wiki/David_Gauld_(mathematician),,
"Gaussent, Stéphane",1,2015,2015,0,,22,,,https://perso.univ-st-etienne.fr/gs40191h/,https://mathscinet.ams.org/mathscinet/MRAuthorID/681630,https://zbmath.org/authors/gaussent.stephane,https://www.mathgenealogy.org/id.php?id=54635,,,,
"Gauthier, Thomas",1,2019,2019,1,Inventiones Mathematicae: 1,32,"Laboratoire de Mathématiques d’Orsay, Bâtiment 307, Université Paris-Saclay, 91405 Orsay Cedex, France",arXiv:2505.02608 (2025),https://perso.pages.math.cnrs.fr/users/thomas.gauthier/index.html,https://mathscinet.ams.org/mathscinet/MRAuthorID/1019319,https://zbmath.org/authors/gauthier.thomas,https://www.mathgenealogy.org/id.php?id=159326,https://orcid.org/0000-0003-2438-3926,,,
"Gay-Balmaz, François",1,2015,2015,0,,141,,,https://www.lmd.ens.fr/gay-balmaz/Site/Home.html,https://mathscinet.ams.org/mathscinet/MRAuthorID/760977,https://zbmath.org/authors/gay-balmaz.francois,https://www.mathgenealogy.org/id.php?id=133504,https://orcid.org/0000-0001-9411-1382,,,
"Geffen, Shirly",1,2023,2023,0,,13,"Universität Münster, Mathematisches Institut, Einsteinstr. 62, 48149 Münster, Germany",arXiv:2608.13000 (2026),,,https://zbmath.org/authors/geffen.shirly,,,,,
"Geiss, Christof",1,2025,2025,0,,64,"Instituto de Matemáticas, UNAM, Mexico",arXiv:2310.03306 (2023),http://www.matem.unam.mx/christof/,https://mathscinet.ams.org/mathscinet/MRAuthorID/326818,https://zbmath.org/authors/geiss.christof,https://www.mathgenealogy.org/id.php?id=66493,https://orcid.org/0000-0002-8196-7541,https://en.wikipedia.org/wiki/Christof_Gei%C3%9F,,
"Gekhtman, Dmitri",1,2022,2022,0,,4,,,,,https://zbmath.org/authors/gekhtman.dmitri,,,,,
"Gendron, T. M.",1,2009,2009,0,,26,,,https://www.matcuer.unam.mx/paginas/tim/,,https://zbmath.org/authors/gendron.t-m,,,,,
"Geninska, Slavyana",1,2024,2024,0,,7,Toulouse III - Paul Sabatier University,,,https://mathscinet.ams.org/mathscinet/MRAuthorID/835381,https://zbmath.org/authors/geninska.slavyana,https://www.mathgenealogy.org/id.php?id=142090,,,,
"Gentilesco, James A.",1,1979,1979,0,,1,,,,,https://zbmath.org/authors/gentilesco.james-a,,,,,
"Gentimis, Thanos",1,2008,2008,0,,7,,,,,https://zbmath.org/authors/gentimis.thanos,https://www.mathgenealogy.org/id.php?id=165320,,,,
"Georgakopoulos, Agelos",1,2023,2023,0,,82,,,,https://mathscinet.ams.org/mathscinet/MRAuthorID/805415,https://zbmath.org/authors/georgakopoulos.agelos,https://www.mathgenealogy.org/id.php?id=113183,,,,
"Ghigi, Alessandro",1,2024,2024,0,,31,"Dipartimento di Matematica, Università di Pavia, via Ferrata 5, I-27100 Pavia, Italy",arXiv:2506.02871 (2025),https://mate.unipv.it/ghigi/,https://mathscinet.ams.org/mathscinet/MRAuthorID/667104,https://zbmath.org/authors/ghigi.alessandro,https://www.mathgenealogy.org/id.php?id=216943,,,,
"Ghosh, Spandan",1,2025,2025,0,,2,"The Mathematical Institute, Radcliffe Observatory Quarter, Oxford OX2 6GG",arXiv:2311.14299 (2023),,,https://zbmath.org/authors/ghosh.spandan,,,,,
"Ghys, Étienne",1,1988,1988,1,Inventiones Mathematicae: 1,101,,,http://perso.ens-lyon.fr/ghys/home/,https://mathscinet.ams.org/mathscinet/MRAuthorID/73135,https://zbmath.org/authors/ghys.etienne,https://www.mathgenealogy.org/id.php?id=104570,,https://en.wikipedia.org/wiki/%C3%89tienne_Ghys,,"ICM Plenary Speaker (2006); ICM Invited Speaker (1990, 2014)"
"Giannini, Riccardo",1,2024,2024,0,,2,,,,,https://zbmath.org/authors/giannini.riccardo,,,,,
"Gibson, Matthew R.",1,2022,2022,0,,23,,,,,https://zbmath.org/authors/gibson.matthew-r,,,,,
"Gill, Montek Singh",1,2018,2018,0,,3,"Universität Regensburg, Fakultät für Mathematik, 93053 Regensburg, Germany",arXiv:1703.06609 (2017),,,https://zbmath.org/authors/gill.montek-singh,,,,,
"Gill, Nick",1,2013,2013,0,,51,,,,,https://zbmath.org/authors/gill.nick,,,,,
"Gillette, Richard M.",1,1968,1968,0,,9,,,,,https://zbmath.org/authors/gillette.richard-m,,,,,
"Gilmore, Clifford",1,2021,2021,0,,12,,,https://www.cliffgilmore.com/,https://mathscinet.ams.org/mathscinet/MRAuthorID/1198147,https://zbmath.org/authors/gilmore.clifford,https://www.mathgenealogy.org/id.php?id=224315,https://orcid.org/0000-0002-5863-1863,,,
"Giralt, Anne",1,2017,2017,0,,1,,,https://webusers.imj-prg.fr/~anne.giralt/,,https://zbmath.org/authors/giralt.anne,,,,,
"Giraudet, Michèle",1,2001,2001,0,,18,,,,,https://zbmath.org/authors/giraudet.michele,,,,,
"Gitler Hammer, Samuel Carlos",1,2002,2002,0,,75,,,http://www.math.cinvestav.mx/~sgitler/,https://mathscinet.ams.org/mathscinet/MRAuthorID/74050,https://zbmath.org/authors/gitler.samuel,https://www.mathgenealogy.org/id.php?id=8584,,https://en.wikipedia.org/wiki/Samuel_Gitler_Hammer,,
"Glasner, Michael",1,2025,2025,0,,3,,,,,https://zbmath.org/authors/glasner.michael,,,,,
"Glauberman, George",1,1966,1966,0,,77,University of Chicago,,http://math.uchicago.edu/~gg/,https://mathscinet.ams.org/mathscinet/MRAuthorID/267751,https://zbmath.org/authors/glauberman.george,https://www.mathgenealogy.org/id.php?id=6606,,https://en.wikipedia.org/wiki/George_Glauberman,,ICM Invited Speaker (1970)
"Glover, Hentry",1,1987,1987,0,,1,,,,,https://zbmath.org/authors/glover.hentry,,,,,
"Goda, Hiroshi",1,2005,2005,0,,37,,,,,https://zbmath.org/authors/goda.hiroshi,,,,,
"Godfard, Pierre",1,2025,2025,0,,7,,,,,https://zbmath.org/authors/godfard.pierre,,,,,
"Godin, Véronique",1,2007,2007,0,,3,,,,,https://zbmath.org/authors/godin.veronique,,,,,
"Godsil, Christopher David",1,2003,2003,0,,164,University of Waterloo,,,https://mathscinet.ams.org/mathscinet/MRAuthorID/74445,https://zbmath.org/authors/godsil.christopher-david,https://www.mathgenealogy.org/id.php?id=17957,https://orcid.org/0000-0001-6110-5752,https://en.wikipedia.org/wiki/Chris_Godsil,,
"Goldberg, David",1,2002,2002,0,,6,,,,,https://zbmath.org/authors/goldberg.david.1,,,,,
"Goldhirsch, Tommaso",1,2023,2023,0,,2,Department of Mathematics ETH Zürich Rämistrasse 101 8092 Zürich Switzerland,arXiv:2112.15565 (2021),https://people.math.ethz.ch/~tommasgo/,,https://zbmath.org/authors/goldhirsch.tommaso,,,,,
"Goldman, Martin E.",1,1971,1971,0,,2,,,,,https://zbmath.org/authors/goldman.martin-e,,,,,
"Goldschmidt, David M.",1,1990,1990,0,,26,"University of California, Berkeley",,,https://mathscinet.ams.org/mathscinet/MRAuthorID/74750,https://zbmath.org/authors/goldschmidt.david-m,https://www.mathgenealogy.org/id.php?id=6595,,https://en.wikipedia.org/wiki/David_M._Goldschmidt,,
"Goldstein, Richard Z.",1,1984,1984,1,Inventiones Mathematicae: 1,34,,,,https://mathscinet.ams.org/mathscinet/MRAuthorID/213062,https://zbmath.org/authors/goldstein.richard-z,https://www.mathgenealogy.org/id.php?id=7671,,,,
"Golse, François",1,2003,2003,0,,235,École polytechnique,,http://www.cmls.polytechnique.fr/perso/golse/,https://mathscinet.ams.org/mathscinet/MRAuthorID/74925,https://zbmath.org/authors/golse.francois,https://www.mathgenealogy.org/id.php?id=104932,https://orcid.org/0000-0002-7715-6682,https://en.wikipedia.org/wiki/Fran%C3%A7ois_Golse,,ICM Invited Speaker (2006)
"Goluboff, Justin",1,2016,2016,0,,1,"Department of Mathematics, Columbia University, New York, NY 10027, USA",arXiv:1410.1908 (2014),,,https://zbmath.org/authors/goluboff.justin,,,,,
"Gomes, Elena",1,2026,2026,0,,2,"Université Paris Saclay, Paris, France",arXiv:2504.03425 (2025),,,https://zbmath.org/authors/gomes.elena,,,,,
"Gompf, Robert E.",1,2005,2005,0,,56,University of Texas at Austin,,,https://mathscinet.ams.org/mathscinet/MRAuthorID/193083,https://zbmath.org/authors/gompf.robert-e,https://www.mathgenealogy.org/id.php?id=13160,,https://en.wikipedia.org/wiki/Robert_Gompf,,ICM Invited Speaker (1994)
"Gong, Sherry",1,2021,2021,0,,15,,,,https://mathscinet.ams.org/mathscinet/MRAuthorID/881603,https://zbmath.org/authors/gong.sherry,https://www.mathgenealogy.org/id.php?id=239371,,,,
"Gonzalez, Carlos",1,1999,1999,0,,16,,,,,https://zbmath.org/authors/gonzalez.carlos.1,,,,,
"González Manchón, Pedro Maria",1,2007,2007,0,,14,,,,https://mathscinet.ams.org/mathscinet/MRAuthorID/640058,https://zbmath.org/authors/manchon.pedro-m-g,https://www.mathgenealogy.org/id.php?id=137913,https://orcid.org/0000-0002-8806-3561,,,
"Goodman, Frederick M.",1,1990,1990,0,,49,,,https://math.uiowa.edu/people/frederick-goodman,https://mathscinet.ams.org/mathscinet/MRAuthorID/75265,https://zbmath.org/authors/goodman.frederick-m,https://www.mathgenealogy.org/id.php?id=15006,,,,
"Goodman, Sue E.",1,2012,2012,0,,19,,,http://www.unc.edu/math/Faculty/seg/,https://mathscinet.ams.org/mathscinet/MRAuthorID/75310,https://zbmath.org/authors/goodman.sue-e,https://www.mathgenealogy.org/id.php?id=10952,,,,
"Gori, Anna",1,2021,2021,0,,26,,,,,https://zbmath.org/authors/gori.anna,,,,,
"Gorokhovsky, Elia",1,2024,2024,0,,4,,,,,https://zbmath.org/authors/gorokhovsky.elia,,,,,
"Gorsky, Mikhail A.",1,2025,2025,1,Journal of the American Mathematical Society: 1,27,"Universität Hamburg, Fachbereich Mathematik, Bundesstraße 55, 20146 Hamburg, Germany and Institut Camille Jordan UMR 5208, Université Jean…",arXiv:2609.12414 (2026),https://sites.google.com/site/homepageofmikhailgorsky/,,https://zbmath.org/authors/gorsky.mikhail-a,,,,,
"Goryunov, Victor V.",1,2000,2000,0,,74,University of Liverpool,,https://www.liverpool.ac.uk/mathematical-sciences/staff/victor-goryunov/,https://mathscinet.ams.org/mathscinet/MRAuthorID/191846,https://zbmath.org/authors/goryunov.victor-v,https://www.mathgenealogy.org/id.php?id=91181,,https://en.wikipedia.org/wiki/Victor_Goryunov,,
"Govindarajan, Suresh",1,1997,1997,0,,51,,,,,https://zbmath.org/authors/govindarajan.suresh,,https://orcid.org/0000-0002-0702-0288,,,
"Gradolato, Monique Annie",1,1995,1995,0,,5,,,,https://mathscinet.ams.org/mathscinet/MRAuthorID/75925,https://zbmath.org/authors/gradolato.monique-annie,https://www.mathgenealogy.org/id.php?id=127759,,,,
"Graff, Emmanuel",1,2025,2025,0,,3,,,,,https://zbmath.org/authors/graff.emmanuel,,,,,
"Graham, Garrett",1,2013,2013,0,,1,,,,,https://zbmath.org/authors/graham.garrett,,,,,
"Graham, John J.",1,2003,2003,0,,9,,,http://www.maths.usyd.edu.au/ut/people?who=JJ_Graham,https://mathscinet.ams.org/mathscinet/MRAuthorID/336968,https://zbmath.org/authors/graham.john-j,https://www.mathgenealogy.org/id.php?id=64375,,,,
"Grammatica, Ennio",1,2024,2024,0,,1,"Ecole Normale Supérieure, 4 Av. des Sciences, 91190 Gif-Sur-Yvette, France",arXiv:2309.17198 (2023),,,https://zbmath.org/authors/grammatica.ennio,,,,,
"Grayevsky, Ido",1,2026,2026,0,,3,"School of Mathematics, University of Bristol, UK",arXiv:2509.12823 (2025),,,https://zbmath.org/authors/grayevsky.ido,,,,,
"Green, Ben Joseph",1,2012,2012,1,Publications Mathématiques de l'IHÉS: 1,113,"Mathematical Institute, Andrew Wiles Building, Radcliffe Observatory Quarter, Woodstock Rd, Oxford OX2 6QW, UK",arXiv:2607.24594 (2026),https://people.maths.ox.ac.uk/greenbj/,https://mathscinet.ams.org/mathscinet/MRAuthorID/685855,https://zbmath.org/authors/green.ben,https://www.mathgenealogy.org/id.php?id=76979,https://orcid.org/0000-0002-2224-1193,https://en.wikipedia.org/wiki/Ben_Green_(mathematician),"Clay Research Award (2004); Ostrowski Prize (2005); Salem Prize (2005); Whitehead Prize (2005, 2019); SASTRA Ramanujan Prize (2007); EMS Prize (2008); Fellow of the Royal Society (2010); Sylvester Medal (2014)",ICM Plenary Speaker (2014); ICM Invited Speaker (2006)
"Greenberg, Jonah",1,2021,2021,0,,3,,,,,https://zbmath.org/authors/greenberg.jonah,,,,,
"Greenberg, Peter",1,1991,1991,0,,25,,,,,https://zbmath.org/authors/greenberg.peter,,,,,
"Greenberg, Zachary",1,2024,2024,0,,8,,,,,https://zbmath.org/authors/greenberg.zachary,,,,,
"Greene, Joshua Evan",1,2023,2023,1,Inventiones Mathematicae: 1,34,"Department of Mathematics, Boston College, USA",arXiv:2604.17116 (2026),https://sites.google.com/bc.edu/joshua-e-greene/,https://mathscinet.ams.org/mathscinet/MRAuthorID/705169,https://zbmath.org/authors/greene.joshua-evan,https://www.mathgenealogy.org/id.php?id=134698,,https://en.wikipedia.org/wiki/Joshua_Evan_Greene,,
"Greene, Michael T.",1,1999,1999,0,,6,"Mathematics Institute University of Warwick Coventry CV4 7AL, UK",arXiv:math/9803168 (1998),,,https://zbmath.org/authors/greene.michael-t,,,,,
"Greenfeld, Be'eri",1,2026,2026,0,,47,,,,,https://zbmath.org/authors/greenfeld.beeri,,,,,
"Greenfield, Mark J.",1,2022,2022,0,,7,,,,,https://zbmath.org/authors/greenfield.mark-j,,,,,
"Greenwood, Sina",1,2008,2008,0,,41,,,,,https://zbmath.org/authors/greenwood.sina,,,,,
"Grensing, Sebastian",1,2016,2016,0,,1,,,,,https://zbmath.org/authors/grensing.sebastian,,,,,
"Grieder, Ralph",1,1999,1999,0,,4,,,,,https://zbmath.org/authors/grieder.ralph,,,,,
"Griffiths, David",1,1996,1996,0,,14,,,,,https://zbmath.org/authors/griffiths.david,,,,,
"Griffiths, Phillip Augustus",1,1971,1971,1,Annals of Mathematics: 1,184,,,https://www.math.ias.edu/people/faculty/pg,https://mathscinet.ams.org/mathscinet/MRAuthorID/76940,https://zbmath.org/authors/griffiths.phillip-a,https://www.mathgenealogy.org/id.php?id=26954,https://orcid.org/0000-0002-8866-1588,https://en.wikipedia.org/wiki/Phillip_Griffiths,Steele Prize (1971); Wolf Prize (2008),ICM Plenary Speaker (1970); ICM Invited Speaker (1978)
"Grimmett, Geoffrey R.",1,2017,2017,0,,171,"Statistical Laboratory, Centre for Mathematical Sciences, Cambridge University, Wilberforce Road, Cambridge CB3 0WB, UK",arXiv:2608.19349 (2026),https://www.statslab.cam.ac.uk/~grg/,https://mathscinet.ams.org/mathscinet/MRAuthorID/77105,https://zbmath.org/authors/grimmett.geoffrey-r,https://www.mathgenealogy.org/id.php?id=50997,https://orcid.org/0000-0001-7646-3368,https://en.wikipedia.org/wiki/Geoffrey_Grimmett,Rollo Davidson Prize (1989); Fellow of the Royal Society (2014),ICM Invited Speaker (2014)
"Gritzmann, Peter",1,1982,1982,0,,110,,,,https://mathscinet.ams.org/mathscinet/MRAuthorID/77190,https://zbmath.org/authors/gritzmann.peter,https://www.mathgenealogy.org/id.php?id=35478,,,,
"Groenland, Carla",1,2024,2024,0,,54,"Delft Institute of Applied Mathematics, Technische Universiteit Delft, The Netherlands",arXiv:2601.13072 (2026),,,https://zbmath.org/authors/groenland.carla,,,,,
"Grossack, Chris",1,2025,2025,0,,2,,,,,https://zbmath.org/authors/grossack.chris,,,,,
"Grossi, Carlos H.",1,2021,2021,0,,15,,,,,https://zbmath.org/authors/grossi.carlos-h,,,,,
"Groth, Thorsten",1,2022,2022,0,,1,,,,,https://zbmath.org/authors/groth.thorsten,,,,,
"Grujić, Vladimir N.",1,2003,2003,0,,18,"Faculty of Mathematics, University of Belgrade, Serbia",arXiv:2604.02138 (2026),,,https://zbmath.org/authors/grujic.vladimir-n,,,,,
"Grünbaum, Branko",1,1990,1990,0,,290,,,,https://mathscinet.ams.org/mathscinet/MRAuthorID/77690,https://zbmath.org/authors/grunbaum.branko,https://www.mathgenealogy.org/id.php?id=26965,,https://en.wikipedia.org/wiki/Branko_Gr%C3%BCnbaum,,
"Gu, Zhi-Bin",1,1989,1989,0,,1,,,,,https://zbmath.org/authors/gu.zhi-bin,,,,,
"Guelman, Nancy",1,2026,2026,0,,26,"Nancy GUELMAN, IMERL, Facultad de Ingeniería, Universidad de la República, C.C. 30, Montevideo, Uruguay",arXiv:2601.23054 (2026),,https://mathscinet.ams.org/mathscinet/MRAuthorID/703295,https://zbmath.org/authors/guelman.nancy,https://www.mathgenealogy.org/id.php?id=96465,,,,
"Guerrero, Ignacio",1,1977,1977,0,,6,,,,,https://zbmath.org/authors/guerrero.ignacio,,,,,
"Guerrero, Jaime Benabent",1,2026,2026,0,,3,,,,,https://zbmath.org/authors/guerrero.jaime-benabent,,,,,
"Guihéneuf, Pierre-Antoine",1,2024,2024,0,,27,"Sorbonne Université, Université Paris Cité, CNRS, IMJ-PRG, F-75005 Paris, France — IRL Jean-Christophe Yoccoz CNRS / IMPA, Estr. Dona…",arXiv:2511.15220 (2025),https://webusers.imj-prg.fr/~pierre-antoine.guiheneuf/,https://mathscinet.ams.org/mathscinet/MRAuthorID/985450,https://zbmath.org/authors/guiheneuf.pierre-antoine,https://www.mathgenealogy.org/id.php?id=196989,,,,
"Guillemin, Victor W.",1,2015,2015,0,,239,Massachusetts Institute of Technology,,https://math.mit.edu/~vwg/,https://mathscinet.ams.org/mathscinet/MRAuthorID/78165,https://zbmath.org/authors/guillemin.victor-w,https://www.mathgenealogy.org/id.php?id=26899,,https://en.wikipedia.org/wiki/Victor_Guillemin,,ICM Invited Speaker (1970)
"Guillot, Adolfo",1,2023,2023,0,,28,"Instituto de Matemáticas, Universidad Nacional Autónoma de México, Área de la Investigación Científica, Ciudad Universitaria, Mexico City…",arXiv:2608.21954 (2026),http://www.matem.unam.mx/~guillot/,https://mathscinet.ams.org/mathscinet/MRAuthorID/695288,https://zbmath.org/authors/guillot.adolfo,https://www.mathgenealogy.org/id.php?id=104587,https://orcid.org/0000-0002-4966-9472,,,
"Guillou, Lucien",1,1997,1997,0,,13,,,,,https://zbmath.org/authors/guillou.lucien,,,,,
"Guilloux, Antonin",1,2014,2014,0,,27,,,http://webusers.imj-prg.fr/~antonin.guilloux/,https://mathscinet.ams.org/mathscinet/MRAuthorID/842747,https://zbmath.org/authors/guilloux.antonin,https://www.mathgenealogy.org/id.php?id=206416,,,,
"Guiraud, Yves",1,2015,2015,0,,18,"Université Paris Cité and Sorbonne Université, CNRS, INRIA, IMJ-PRG, F-75013, Paris, France",arXiv:2107.00498 (2021),,https://mathscinet.ams.org/mathscinet/MRAuthorID/776428,https://zbmath.org/authors/guiraud.yves,https://www.mathgenealogy.org/id.php?id=85204,,,,
"Guivarc'h, Yves",1,2006,2006,0,,101,,,,,https://zbmath.org/authors/guivarch.yves,,,,,
"Gul, Funda",1,2017,2017,0,,4,,,,,https://zbmath.org/authors/gul.funda,,,,,
"Gulbrandsen, Daniel L.",1,2026,2026,0,,3,"Department of Mathematics, Adams State University, Alamosa, CO 81101",arXiv:2608.31124 (2026),,,https://zbmath.org/authors/gulbrandsen.daniel-l,,,,,
"Guo, Jianhan",1,1993,1993,0,,7,,,,,https://zbmath.org/authors/guo.jianhan,,,,,
"Guo, Qilong",1,2015,2015,0,,30,,,,,https://zbmath.org/authors/guo.qilong,,,,,
"Gupta, Narain Datt",1,1992,1992,0,,101,University of Manitoba (former),,,https://mathscinet.ams.org/mathscinet/MRAuthorID/78415,https://zbmath.org/authors/gupta.narain-datt,https://www.mathgenealogy.org/id.php?id=47933,,,,
"Gupta, Neha R.",1,2019,2019,0,,35,,,,,https://zbmath.org/authors/gupta.neha-r,,,,,
"Guralnik, Dan P.",1,2013,2013,0,,17,,,,,https://zbmath.org/authors/guralnik.dan-p,,,,,
"Gursky, Matthew J.",1,1998,1998,0,,62,University of Notre Dame,,,https://mathscinet.ams.org/mathscinet/MRAuthorID/343766,https://zbmath.org/authors/gursky.matthew-j,https://www.mathgenealogy.org/id.php?id=85366,,,,ICM Invited Speaker (2006)
"Guth, Lawrence David",1,2011,2011,0,,85,,,https://math.mit.edu/~lguth/,https://mathscinet.ams.org/mathscinet/MRAuthorID/786046,https://zbmath.org/authors/guth.larry,https://www.mathgenealogy.org/id.php?id=34061,,https://en.wikipedia.org/wiki/Larry_Guth,Salem Prize (2013); Clay Research Award (2015); New Horizons in Mathematics Prize (2016); Bôcher Prize (2020),ICM Plenary Speaker (2022); ICM Invited Speaker (2010)
"Gutierrez, Mauricio A.",1,2012,2012,0,,36,Tufts U.,,http://www.tufts.edu/as/math/gutierrez.html https://www.tufts.edu/as/math/gutierrez.html,https://mathscinet.ams.org/mathscinet/MRAuthorID/78595,https://zbmath.org/authors/gutierrez.mauricio-a,https://www.mathgenealogy.org/id.php?id=12019,,,,
"Gutiérrez-Romo, Rodolfo",1,2025,2025,0,,14,,,https://www.dim.uchile.cl/~rgutierrez/,,https://zbmath.org/authors/gutierrez-romo.rodolfo,https://www.mathgenealogy.org/id.php?id=247742,https://orcid.org/0000-0002-5446-6602,,,
"Gutkin, Eugene",1,2000,2000,0,,90,Nicolaus Copernicus University in Toruń,,,https://mathscinet.ams.org/mathscinet/MRAuthorID/78620,https://zbmath.org/authors/gutkin.eugene,https://www.mathgenealogy.org/id.php?id=24945,,,,
"Guíñez, Víctor",1,1988,1988,0,,24,,,,https://mathscinet.ams.org/mathscinet/MRAuthorID/256018,https://zbmath.org/authors/guinez.victor,https://www.mathgenealogy.org/id.php?id=170283,,,,
"Gómez Larrañaga, José Carlos",1,2002,2002,0,,44,,,https://jcglarranagamx.com/,,https://zbmath.org/authors/gomez-larranaga.jose-carlos,,,,,
"Gügümcü, Neslihan",1,2021,2021,0,,22,"Department of Mathematics, Izmir Institute of Technology, Urla Izmir 35430, Turkey",arXiv:2502.18160 (2025),https://nesligugumcu.weebly.com/,,https://zbmath.org/authors/gugumcu.neslihan,,,,,
"Ha, Ku Yong",1,2005,2005,0,,18,"Department of mathematics, Sogang University, Seoul 04107, KOREA",arXiv:2209.02208 (2022),,,https://zbmath.org/authors/ha.ku-yong.1,,,,,
"Habegger, Philipp",1,2016,2016,1,Publications Mathématiques de l'IHÉS: 1,47,University of Basel,,,https://mathscinet.ams.org/mathscinet/MRAuthorID/774657,https://zbmath.org/authors/habegger.philipp,https://www.mathgenealogy.org/id.php?id=113581,,https://en.wikipedia.org/wiki/Philipp_Habegger,,ICM Invited Speaker (2022)
"Habiro, Kazuo",1,2026,2026,0,,37,,,,https://mathscinet.ams.org/mathscinet/MRAuthorID/651173,https://zbmath.org/authors/habiro.kazuo,https://www.mathgenealogy.org/id.php?id=133993,,,,
"Haefliger, André",1,1992,1992,0,,92,"U. Geneva, Switzerland",,https://www.unige.ch/math/folks/haefliger/ https://www.unige.ch/math/,https://mathscinet.ams.org/mathscinet/MRAuthorID/79300,https://zbmath.org/authors/haefliger.andre,https://www.mathgenealogy.org/id.php?id=28275,,https://en.wikipedia.org/wiki/Andr%C3%A9_Haefliger,,
"Hahn, Kyong Taik",1,1977,1977,0,,49,Pennsylvania State University,,,https://mathscinet.ams.org/mathscinet/MRAuthorID/79595,https://zbmath.org/authors/hahn.kyong-taik,https://www.mathgenealogy.org/id.php?id=13661,,,,
"Hallett, J. Terry",1,1970,1970,0,,6,,,,https://mathscinet.ams.org/mathscinet/MRAuthorID/80160,https://zbmath.org/authors/hallett.j-terry,https://www.mathgenealogy.org/id.php?id=42657,,,,
"Halpern, Noemi",1,1986,1986,0,,6,,,,,https://zbmath.org/authors/halpern.noemi,,,,,
"Ham, Sophie L.",1,2023,2023,0,,2,,,,,https://zbmath.org/authors/ham.sophie-l,,,,,
"Hamada, Noriyuki",1,2024,2024,0,,10,"Institute of Mathematics for Industry, Kyushu University, Motooka 744, Nishi-ku, Fukuoka 819-0395, Japan",arXiv:2305.10908 (2023),,,https://zbmath.org/authors/hamada.noriyuki,,,,,
"Hamann, Linus",1,2016,2016,0,,11,,,,,https://zbmath.org/authors/hamann.linus,,,,,
"Hamann, Matthias",1,2018,2018,0,,45,,,,https://mathscinet.ams.org/mathscinet/MRAuthorID/903395,https://zbmath.org/authors/hamann.matthias,https://www.mathgenealogy.org/id.php?id=163164,,,,
"Hamed, Tawfiq",1,2026,2026,0,,2,"Birzeit University, West Bank, Palestine",arXiv:2506.18838 (2025),,,https://zbmath.org/authors/hamed.tawfiq,,,,,
"Hamilton, Alastair",1,2013,2013,0,,21,,,,,https://zbmath.org/authors/hamilton.alastair,,,,,
"Hamkins, Joel David",1,1998,1998,0,,131,University of Oxford,,http://jdh.hamkins.org/,https://mathscinet.ams.org/mathscinet/MRAuthorID/347679,https://zbmath.org/authors/hamkins.joel-david,https://www.mathgenealogy.org/id.php?id=22125,https://orcid.org/0000-0002-9959-0500,https://en.wikipedia.org/wiki/Joel_David_Hamkins,,
"Hamstrom, Mary-Elizabeth",1,1976,1976,0,,23,University of Illinois Urbana-Champaign,,,https://mathscinet.ams.org/mathscinet/MRAuthorID/249476,https://zbmath.org/authors/hamstrom.mary-elizabeth,https://www.mathgenealogy.org/id.php?id=312,,https://en.wikipedia.org/wiki/Mary-Elizabeth_Hamstrom,,
"Han, Jae Woo",1,2002,2002,0,,6,"Department of Mathematics Korea Advanced Institute of Science and Technology Taejon, 305–701 Korea",arXiv:math/0103132 (2001),,,https://zbmath.org/authors/han.jae-woo,,,,,
"Han, Jiawei",1,2023,2023,0,,40,,,,,https://zbmath.org/authors/han.jiawei,,,,,
"Han, Xiaolong",1,2023,2023,0,,26,"California State University, Northridge",,http://www.csun.edu/~xiaolong/,https://mathscinet.ams.org/mathscinet/MRAuthorID/932160,https://zbmath.org/authors/han.xiaolong,https://www.mathgenealogy.org/id.php?id=167720,,,,
"Han, Xiaolong Hans",1,2024,2024,0,,8,,,https://sites.google.com/view/hansmin/home,,https://zbmath.org/authors/han.xiaolong-hans,,https://orcid.org/0000-0001-8657-1266,,,
"Handel Moser, Harriet",1,2009,2009,0,,2,,,,https://mathscinet.ams.org/mathscinet/MRAuthorID/859844,https://zbmath.org/authors/handel-moser.harriet,https://www.mathgenealogy.org/id.php?id=87565,,,,
"Haney, Sebastian",1,2026,2026,0,,5,,,https://sites.google.com/view/sebastian-haney/home,,https://zbmath.org/authors/haney.sebastian,,,,,
"Hanselman, Jonathan",1,2024,2024,1,Journal of the American Mathematical Society: 1,14,"Department of Mathematics, Indiana University. E-mail address:",arXiv:2609.17739 (2026),,,https://zbmath.org/authors/hanselman.jonathan,,,,,
"Haraway, Robert C. III",1,2019,2019,0,,6,,,https://math.okstate.edu/people/haraway,,https://zbmath.org/authors/haraway.robert-c-iii,,https://orcid.org/0000-0002-0952-1393,,,
"Harnois, John",1,2018,2018,0,,1,,,,,https://zbmath.org/authors/harnois.john,,,,,
"Harper, Matthew",1,2026,2026,0,,12,"Department of Mathematics, Michigan State University, East Lansing, Michigan, USA",arXiv:2605.15515 (2026),https://sites.google.com/view/matthewharper-math/home,,https://zbmath.org/authors/harper.matthew,https://www.mathgenealogy.org/id.php?id=276889,,,,
"Harper, Scott",1,2026,2026,0,,23,,,,,https://zbmath.org/authors/harper.scott,,,,,
"Harris, Bruno",1,1983,1983,1,Acta Mathematica: 1,34,Brown University,,https://www.brown.edu/academics/math/people/bruno-harris,https://mathscinet.ams.org/mathscinet/MRAuthorID/250845,https://zbmath.org/authors/harris.bruno,https://www.mathgenealogy.org/id.php?id=4310,,,,
"Harrison, Jenny C.",1,1975,1975,1,Annals of Mathematics: 1,44,,,https://math.berkeley.edu/~harrison/Home.html,https://mathscinet.ams.org/mathscinet/MRAuthorID/81675,https://zbmath.org/authors/harrison.jenny-c,https://www.mathgenealogy.org/id.php?id=32887,,https://en.wikipedia.org/wiki/Jenny_Harrison,,
"Harrison-Trainor, Matthew",1,2024,2024,0,,65,,,,,https://zbmath.org/authors/harrison-trainor.matthew,,,,,
"Hartman, Yair",1,2016,2016,0,,22,Ben-Gurion University of the Negev,arXiv:2605.22430 (2026),,,https://zbmath.org/authors/hartman.yair,,,,,
"Hartshorn, Kevin",1,2002,2002,0,,2,,,,,https://zbmath.org/authors/hartshorn.kevin,,,,,
"Hase, Anton",1,2023,2023,0,,4,"Ben Gurion University of the Negev. Departement of Mathematics. Be’er Sheva, 8410501, Israel",arXiv:2208.11624 (2022),,,https://zbmath.org/authors/hase.anton,,,,,
"Hass, Dennis C.",1,1972,1972,0,,2,,,,,https://zbmath.org/authors/hass.dennis-c,,,,,
"Hasselblatt, Boris",1,2013,2013,0,,68,"Department of Mathematics, Tufts University, Medford, MA 02155, USA",arXiv:2608.13534 (2026),,https://mathscinet.ams.org/mathscinet/MRAuthorID/270790,https://zbmath.org/authors/hasselblatt.boris,https://www.mathgenealogy.org/id.php?id=10483,https://orcid.org/0000-0003-3548-0393,,,
"Hasson, Hilaf",1,2020,2020,0,,7,"University of Maryland, College Park, MD 20742, USA",arXiv:1707.00649 (2017),,https://mathscinet.ams.org/mathscinet/MRAuthorID/1157970,https://zbmath.org/authors/hasson.hilaf,https://www.mathgenealogy.org/id.php?id=166378,,,,
"Hauge Dollerup, Mia",1,2012,2012,0,,1,,,,,https://zbmath.org/authors/hauge-dollerup.mia,,,,,
"Hausmann, Jean-Claude",1,1985,1985,0,,67,,,,https://mathscinet.ams.org/mathscinet/MRAuthorID/82650,https://zbmath.org/authors/hausmann.jean-claude,https://www.mathgenealogy.org/id.php?id=142519,,,,
"Haver, William E.",1,1974,1974,0,,13,,,,,https://zbmath.org/authors/haver.william-e,,,,,
"Hays, Christopher S.",1,2008,2008,0,,2,,,,https://mathscinet.ams.org/mathscinet/MRAuthorID/845342,https://zbmath.org/authors/hays.christopher-s,https://www.mathgenealogy.org/id.php?id=176059,,,,
"He, Sue",1,2018,2018,0,,1,University of Virginia,arXiv:1703.04190 (2017),,,https://zbmath.org/authors/he.sue,,,,,
"He, Yan Mary",1,2024,2024,0,,25,"Department of Mathematics University of Oklahoma Norman, OK 73019",arXiv:2609.14890 (2026),,,https://zbmath.org/authors/he.yan-mary,,,,,
"He, Yuxin",1,2025,2025,0,,7,"Tsinghua University, Beijing, China",arXiv:2602.08352 (2026),,,https://zbmath.org/authors/he.yuxin.1,,,,,
"Healy, Brendan Burns",1,2024,2024,0,,6,"Department of Mathematical Sciences University of Wisconsin-Milwaukee, Milwaukee, WI 53201",arXiv:2109.12208 (2021),,,https://zbmath.org/authors/healy.brendan-burns,,,,,
"Heckenberger, István",1,2015,2015,0,,81,,,https://www.uni-marburg.de/de/fb12/arbeitsgruppen/algeblie,https://mathscinet.ams.org/mathscinet/MRAuthorID/622688,https://zbmath.org/authors/heckenberger.istvan,https://www.mathgenealogy.org/id.php?id=96748,,,,
"Heikkala, Ville",1,2006,2006,0,,4,,,,,https://zbmath.org/authors/heikkala.ville,,,,,
"Helfgott, Harald Andrés",1,2019,2019,0,,56,University of Göttingen,,,https://mathscinet.ams.org/mathscinet/MRAuthorID/644718,https://zbmath.org/authors/helfgott.harald-andres,https://www.mathgenealogy.org/id.php?id=69999,https://orcid.org/0000-0002-5686-804X,https://en.wikipedia.org/wiki/Harald_Helfgott,Whitehead Prize (2010),ICM Invited Speaker (2014)
"Helling, Heinz",1,1974,1974,0,,14,,,,,https://zbmath.org/authors/helling.heinz,,,,,
"Hemion, Geoffrey John",1,1979,1979,1,Acta Mathematica: 1,11,,,,,https://zbmath.org/authors/hemion.geoffrey-john,,,,,
"Hempel, John",1,1990,1990,0,,33,Rice U.,,https://math.rice.edu/~hempel/index.html https://math.rice.edu/~hempel/,https://mathscinet.ams.org/mathscinet/MRAuthorID/84160,https://zbmath.org/authors/hempel.john,https://www.mathgenealogy.org/id.php?id=684,,https://en.wikipedia.org/wiki/John_Hempel,,
"Henderson, Anthony",1,2021,2021,0,,36,"Sydney Mathematical Research Institute A14 University of Sydney NSW 2006, Australia",arXiv:2002.05468 (2020),,,https://zbmath.org/authors/henderson.anthony,,,,,
"Henderson, David Wilson",1,1986,1986,0,,36,Cornell University,,http://www.math.cornell.edu/~dwh/,https://mathscinet.ams.org/mathscinet/MRAuthorID/84185,https://zbmath.org/authors/henderson.david-w,https://www.mathgenealogy.org/id.php?id=694,,https://en.wikipedia.org/wiki/David_W._Henderson,,
"Hendriks, Harrie",1,1985,1985,1,Inventiones Mathematicae: 1,36,,,https://www.math.ru.nl/~hendriks/,,https://zbmath.org/authors/hendriks.harrie,,,,,
"Heng, Edmund",1,2025,2025,0,,17,"School of Mathematics and Statistics, University of Sydney, Australia",arXiv:2602.18826 (2026),https://sites.google.com/view/ed-heng,,https://zbmath.org/authors/heng.edmund,https://www.mathgenealogy.org/id.php?id=288613,,,,
"Hennig, Johanna M.",1,2012,2012,0,,7,,,,https://mathscinet.ams.org/mathscinet/MRAuthorID/975715,https://zbmath.org/authors/hennig.johanna-m,https://www.mathgenealogy.org/id.php?id=202670,,,,
"Herfort, Wolfgang N.",1,1990,1990,0,,91,,,,,https://zbmath.org/authors/herfort.wolfgang-n,,https://orcid.org/0000-0002-9383-5060,,,
"Hernández Hernández, Jesús",1,2022,2022,0,,16,Centro de Ciencias Matemáticas (Universidad Nacional Autónoma de México),,https://sites.google.com/site/jhdezhdez/articles,https://mathscinet.ams.org/mathscinet/MRAuthorID/1191696,https://zbmath.org/authors/hernandez-hernandez.jesus,https://www.mathgenealogy.org/id.php?id=207178,https://orcid.org/0000-0003-0278-1827,,,
"Herron, David A.",1,2006,2006,0,,58,,,,,https://zbmath.org/authors/herron.david-a,,,,,
"Heu, Viktoria",1,2010,2010,0,,17,,,https://irma.math.unistra.fr/~heu/,https://mathscinet.ams.org/mathscinet/MRAuthorID/866755,https://zbmath.org/authors/heu.viktoria,https://www.mathgenealogy.org/id.php?id=140925,,,,
"Hewitt, P. R.",1,1991,1991,0,,11,,,,,https://zbmath.org/authors/hewitt.p-r,,,,,
"Hiatt, Christopher",1,2010,2010,0,,1,,,,,https://zbmath.org/authors/hiatt.christopher,,,,,
"Hickin, Ken",1,1978,1978,0,,2,,,,,https://zbmath.org/authors/hickin.ken,,,,,
"Higgins, Philip John",1,1976,1976,0,,37,,,,https://mathscinet.ams.org/mathscinet/MRAuthorID/85645,https://zbmath.org/authors/higgins.philip-j,https://www.mathgenealogy.org/id.php?id=42136,,,,
"Hild, Thierry",1,2007,2007,0,,2,,,,https://mathscinet.ams.org/mathscinet/MRAuthorID/815919,https://zbmath.org/authors/hild.thierry,https://www.mathgenealogy.org/id.php?id=108391,,,,
"Hildum, Alyson",1,2015,2015,0,,3,,,,https://mathscinet.ams.org/mathscinet/MRAuthorID/1114584,https://zbmath.org/authors/hildum.alyson,https://www.mathgenealogy.org/id.php?id=177672,,,,
"Hill, Thomas I.",1,2025,2025,0,,8,,,,,https://zbmath.org/authors/hill.thomas-i,,,,,
"Hillen, Paige",1,2026,2026,0,,5,University of California - Santa Barbara Department of Mathematics,arXiv:2410.17817 (2024),,,https://zbmath.org/authors/hillen.paige,,,,,
"Himpel, Benjamin",1,2017,2017,0,,11,Reutlingen University Department of Informatics Alteburgstr. 150 72762 Reutlingen,arXiv:2207.11062 (2022),,https://mathscinet.ams.org/mathscinet/MRAuthorID/707171,https://zbmath.org/authors/himpel.benjamin,https://www.mathgenealogy.org/id.php?id=89517,,,,
"Hinkkanen, Aimo",1,2007,2007,0,,112,,,https://math.illinois.edu/directory/profile/aimo,https://mathscinet.ams.org/mathscinet/MRAuthorID/86135,https://zbmath.org/authors/hinkkanen.aimo,https://www.mathgenealogy.org/id.php?id=52272,,,,
"Hirai, Hiroshi",1,2025,2025,0,,69,,,,,https://zbmath.org/authors/hirai.hiroshi,,,,,
"Hirano, Yuki",1,2018,2018,0,,12,"Tokyo University of Agriculture and Technology, 2–24–16 Nakacho, Koganei, Tokyo 184–8588, Japan",arXiv:2405.01169 (2024),,,https://zbmath.org/authors/hirano.yuki,,,,,
"Hirsch, Kurt August",1,1970,1970,0,,29,,,,https://mathscinet.ams.org/mathscinet/MRAuthorID/86340,https://zbmath.org/authors/hirsch.kurt-a,https://www.mathgenealogy.org/id.php?id=18530,,https://en.wikipedia.org/wiki/Kurt_Hirsch,,"ICM Invited Speaker (1936, 1950)"
"Hirsch, Michael D.",1,1998,1998,0,,17,,,,https://mathscinet.ams.org/mathscinet/MRAuthorID/86350,https://zbmath.org/authors/hirsch.michael-d,https://www.mathgenealogy.org/id.php?id=32002,,,,
"Hirschhorn, Philip S.",1,1979,1979,0,,17,,,http://www-math.mit.edu/~psh/,https://mathscinet.ams.org/mathscinet/MRAuthorID/227245,https://zbmath.org/authors/hirschhorn.philip-s,https://www.mathgenealogy.org/id.php?id=63644,,,,
"Ho, Chungwu",1,1979,1979,0,,34,,,https://sites.google.com/site/chungwuho/,,https://zbmath.org/authors/ho.chungwu,https://www.mathgenealogy.org/id.php?id=236839,,,,
"Hocking, John Gilbert",1,1984,1984,0,,28,,,,https://mathscinet.ams.org/mathscinet/MRAuthorID/86720,https://zbmath.org/authors/hocking.john-g,https://www.mathgenealogy.org/id.php?id=5122,,,,
"Hoffman, Christopher",1,2011,2011,1,Journal of the American Mathematical Society: 1,62,,,https://sites.math.washington.edu/~hoffman,,https://zbmath.org/authors/hoffman.christopher,,,,,
"Hoffman, James A.",1,2003,2003,0,,5,,,,,https://zbmath.org/authors/hoffman.james-a,,,,,
"Hoffoss, Diane",1,2016,2016,0,,5,,,,,https://zbmath.org/authors/hoffoss.diane,,,,,
"Hohlweg, Christophe",1,2018,2018,0,,45,"Université du Québec à Montréal LaCIM et Département de Mathématiques CP 8888 Succ. Centre-Ville Montréal, Québec, H3C 3P8 Canada",arXiv:2604.18822 (2026),,https://mathscinet.ams.org/mathscinet/MRAuthorID/685087,https://zbmath.org/authors/hohlweg.christophe,https://www.mathgenealogy.org/id.php?id=95636,https://orcid.org/0000-0003-4300-3271,,,
"Hong, Seung-Moon",1,2013,2013,0,,10,University of Toledo,,,https://mathscinet.ams.org/mathscinet/MRAuthorID/856602,https://zbmath.org/authors/hong.seung-moon,https://www.mathgenealogy.org/id.php?id=146801,,,,
"Hong, Sungbok",1,1999,1999,0,,20,Department of Mathematics Korea University,arXiv:1110.4996 (2011),http://koreauniv.pure.elsevier.com/en/persons/sungbok-hong%28b54c89e3-d468-46d1-8234-fab86ecad4be%29.html,https://mathscinet.ams.org/mathscinet/MRAuthorID/341530,https://zbmath.org/authors/hong.sungbok,https://www.mathgenealogy.org/id.php?id=40461,,,,
"Hope, Graham",1,2009,2009,0,,1,,,,,https://zbmath.org/authors/hope.graham,,,,,
"Horadam, Kathy J.",1,1981,1981,0,,61,,,https://www.rmit.edu.au/contact/staff-contacts/academic-staff/h/horadam-professor-kathy,https://mathscinet.ams.org/mathscinet/MRAuthorID/88165,https://zbmath.org/authors/horadam.kathy-j,https://www.mathgenealogy.org/id.php?id=34143,https://orcid.org/0000-0002-6980-220X,https://en.wikipedia.org/wiki/Kathy_Horadam,,
"Horak, Matthew",1,2006,2006,0,,11,Trinity College,,https://www.trincoll.edu/depts/math/,https://mathscinet.ams.org/mathscinet/MRAuthorID/631201,https://zbmath.org/authors/horak.matthew,https://www.mathgenealogy.org/id.php?id=74374,,,,
"Horn, Peter D.",1,2012,2012,0,,16,"Department of Mathematics Syracuse University 215 Carnegie Building Syracuse, NY 13244-1150",arXiv:1412.3990 (2014),,https://mathscinet.ams.org/mathscinet/MRAuthorID/855878,https://zbmath.org/authors/horn.peter-d,https://www.mathgenealogy.org/id.php?id=134937,,,,
"Horowitz, Ryan",1,2021,2021,0,,1,"Department of Mathematics, New York University, New York, NY 10012",arXiv:2007.11160 (2020),,,https://zbmath.org/authors/horowitz.ryan,,,,,
"Hoste, Jim",1,1990,1990,0,,47,Pitzer C.,,https://pzacad.pitzer.edu/~jhoste/,https://mathscinet.ams.org/mathscinet/MRAuthorID/88610,https://zbmath.org/authors/hoste.jim,https://www.mathgenealogy.org/id.php?id=20062,,,,
"Hou, Yong",1,2001,2001,0,,14,,,,,https://zbmath.org/authors/hou.yong,,,,,
"Houdayer, Cyril",1,2015,2015,0,,52,,,https://cyrilhoudayer.com/,https://mathscinet.ams.org/mathscinet/MRAuthorID/801014,https://zbmath.org/authors/houdayer.cyril,https://www.mathgenealogy.org/id.php?id=117041,,,,ICM Invited Speaker (2022)
"Houghton, Chris",1,1977,1977,0,,24,,,,https://mathscinet.ams.org/mathscinet/MRAuthorID/206756,https://zbmath.org/authors/houghton.c-h,https://www.mathgenealogy.org/id.php?id=82589,,,,
"Hovland, Seth",1,2024,2024,0,,5,,,https://www.sethhovland.com,,https://zbmath.org/authors/hovland.seth,,,,,
"Howard, Gregory J.",1,2012,2012,0,,3,,,,,https://zbmath.org/authors/howard.gregory-j,,,,,
"Howarth, Megan",1,2025,2025,0,,4,,,,,https://zbmath.org/authors/howarth.megan,,,,,
"Hruska, Christopher G.",1,2019,2019,0,,1,U. Wisconsin - Milwaukee,,https://www.uwm.edu/~chruska/,,https://zbmath.org/authors/hruska.christopher-g,,,,,
"Hrušák, Michael",1,2022,2022,0,,118,,,http://matmor.unam.mx/~michael/,,https://zbmath.org/authors/hrusak.michael,,,,,
"Hu, Jun",1,2012,2012,0,,46,,,http://userhome.brooklyn.cuny.edu/junhu/,https://mathscinet.ams.org/mathscinet/MRAuthorID/617732,https://zbmath.org/authors/hu.jun.2,https://www.mathgenealogy.org/id.php?id=35690,,,,
"Hu, Xuntao",1,2020,2020,0,,2,"Mathematics Department, Stony Brook University, Stony Brook, NY 11794-3651, USA",arXiv:1706.05366 (2017),http://www.math.stonybrook.edu/~xuntaohu/,,https://zbmath.org/authors/hu.xuntao,,https://orcid.org/0000-0001-8513-4611,,,
"Huang, Shinnyih",1,2015,2015,0,,4,,,,,https://zbmath.org/authors/huang.shinnyih,,,,,
"Huang, Xiantao",1,2016,2016,0,,17,,,,,https://zbmath.org/authors/huang.xiantao,,,,,
"Huang, Xiaojun",1,2017,2017,0,,59,"Department of Mathematics, Rutgers University, New Brunswick, NJ 08903, USA",arXiv:2606.01319 (2026),,,https://zbmath.org/authors/huang.xiaojun.1,,,,,
"Huang, Yan",1,2014,2014,0,,10,,,http://mathsen.henu.edu.cn/info/1165/1375.htm,,https://zbmath.org/authors/huang.yan,,https://orcid.org/0000-0002-6765-4901,,,
"Huangfu, Zhenguo",1,2026,2026,0,,1,"Institute of Mathematical Sciences ShanghaiTech University Shanghai 201210, China P.R",arXiv:2409.20348 (2024),,,https://zbmath.org/authors/huangfu.zhenguo,,,,,
"Huber, Marius",1,2021,2021,0,,3,,,https://sites.google.com/view/marius-huber,,https://zbmath.org/authors/huber.marius,,,,,
"Huff, Robert",1,2005,2005,0,,10,,,,https://mathscinet.ams.org/mathscinet/MRAuthorID/774895,https://zbmath.org/authors/huff.robert,https://www.mathgenealogy.org/id.php?id=79418,,,,
"Hughes, Jacob",1,2013,2013,0,,6,,,,https://mathscinet.ams.org/mathscinet/MRAuthorID/1026522,https://zbmath.org/authors/hughes.jacob,https://www.mathgenealogy.org/id.php?id=174536,,,,
"Huisken, Gerhard",1,1997,1997,0,,68,,,https://uni-tuebingen.de/fakultaeten/mathematisch-naturwissenschaftliche-fakultaet/fachbereiche/mathematik/fachbereich/forschung-arbeitsbereiche/geometrische-analysis-differentialgeometrie-und-relativitaetstheorie/personen/prof-dr-gerhard-huisken/,https://mathscinet.ams.org/mathscinet/MRAuthorID/89670,https://zbmath.org/authors/huisken.gerhard,https://www.mathgenealogy.org/id.php?id=26599,,https://en.wikipedia.org/wiki/Gerhard_Huisken,,ICM Invited Speaker (1998)
"Huisman, Johannes",1,2005,2005,0,,44,,,,,https://zbmath.org/authors/huisman.johannes,,,,,
"Hulin, Dominique",1,2013,2013,0,,27,,,,,https://zbmath.org/authors/hulin.dominique,,,,,
"Humes, Felita",1,2007,2007,0,,1,"Department of Physics and Mathematics Tennessee State University Nashville, TN 37209 USA",arXiv:math/0512165 (2005),,,https://zbmath.org/authors/humes.felita,,,,,
"Humphreys, John F.",1,1980,1980,0,,53,,,,,https://zbmath.org/authors/humphreys.john-f,https://www.mathgenealogy.org/id.php?id=148426,,,,
"Hurtado-Salazar, Sebastian",1,2019,2019,0,,18,,,https://sites.google.com/view/sebastianhurtado/home,https://mathscinet.ams.org/mathscinet/MRAuthorID/1120207,https://zbmath.org/authors/hurtado-salazar.sebastian,https://www.mathgenealogy.org/id.php?id=183501,,https://en.wikipedia.org/wiki/Sebasti%C3%A1n_Hurtado-Salazar,New Horizons in Mathematics Prize (2022),
"Husch, Laurence S.",1,1974,1974,0,,58,,,,https://mathscinet.ams.org/mathscinet/MRAuthorID/90195,https://zbmath.org/authors/husch.laurence-s,https://www.mathgenealogy.org/id.php?id=509,,,,
"Hutchcroft, Tom",1,2020,2020,1,Inventiones Mathematicae: 1,77,,,http://www.its.caltech.edu/~thutch/,https://mathscinet.ams.org/mathscinet/MRAuthorID/1126713,https://zbmath.org/authors/hutchcroft.tom,https://www.mathgenealogy.org/id.php?id=232481,,https://en.wikipedia.org/wiki/Tom_Hutchcroft,Rollo Davidson Prize (2019); EMS Prize (2024),ICM Invited Speaker (2026)
"Hutchings, Michael Lounsbery",1,2011,2011,0,,58,"University of California, Berkeley",,https://math.berkeley.edu/~hutching/,https://mathscinet.ams.org/mathscinet/MRAuthorID/358933,https://zbmath.org/authors/hutchings.michael-lounsbery,https://www.mathgenealogy.org/id.php?id=43253,https://orcid.org/0000-0003-2953-8165,https://en.wikipedia.org/wiki/Michael_Hutchings_(mathematician),,ICM Invited Speaker (2010)
"Ido, Ayako",1,2014,2014,0,,7,"Department of Mathematics, Nara Women’s University, Kitauoyanishi-machi, Nara 630-8506, Japan",arXiv:1210.7627 (2012),,,https://zbmath.org/authors/ido.ayako,,,,,
"Ilmanen, Thomas",1,1997,1997,0,,28,,,https://ethz.ch/staffnet/de/organisation/who-is-who/math/details.OTA5NTM=.TGlzdC8xOTA3LDIzNjI1ODAxNA==.html,https://mathscinet.ams.org/mathscinet/MRAuthorID/329400,https://zbmath.org/authors/ilmanen.thomas,https://www.mathgenealogy.org/id.php?id=31671,,https://en.wikipedia.org/wiki/Tom_Ilmanen,,
"Inamdar, S. P.",1,2007,2007,0,,10,,,,,https://zbmath.org/authors/inamdar.s-p,,,,,
"Inoue, Rei",1,2021,2021,0,,54,,,,,https://zbmath.org/authors/inoue.rei,,,,,
"Inoue, Taiyo",1,2008,2008,0,,3,"Department of Mathematics, University of California, Berkeley",arXiv:0809.2111 (2008),,,https://zbmath.org/authors/inoue.taiyo,,,,,
"Ip, Ivan Chi-Ho",1,2018,2018,0,,28,Hong Kong University of Science and Technology,,,https://mathscinet.ams.org/mathscinet/MRAuthorID/1022911,https://zbmath.org/authors/ip.ivan-chi-ho,https://www.mathgenealogy.org/id.php?id=164746,,,,
"Ishikawa, Masaharu",1,2009,2009,0,,41,"Faculty of Economics, Keio University, 4-1-1, Hiyoshi, Kouhoku, Yokohama, Kanagawa 223-8521, Japan",arXiv:2609.11396 (2026),,,https://zbmath.org/authors/ishikawa.masaharu,,,,,
"Islambouli, Gabriel",1,2018,2018,0,,10,,,,,https://zbmath.org/authors/islambouli.gabriel,,,,,
"Isono, Yusuke",1,2021,2021,0,,22,,,https://www.kurims.kyoto-u.ac.jp/~isono/index_e.html,https://mathscinet.ams.org/mathscinet/MRAuthorID/1007821,https://zbmath.org/authors/isono.yusuke,https://www.mathgenealogy.org/id.php?id=235371,,,,
"Italiano, Giovanni",1,2023,2023,1,Inventiones Mathematicae: 1,7,"Mathematical Institute, University of Oxford, Andrew Wiles Building, Woodstock Road, OX2 6GG Oxford, UK",arXiv:2606.05091 (2026),,,https://zbmath.org/authors/italiano.giovanni,,,,,
"Ivanov, Aleksander A.",1,2003,2003,0,,83,,,,,https://zbmath.org/authors/ivanov.aleksander,,https://orcid.org/0000-0002-5720-2864,,,
"Ivanšić, Dubravko",1,2005,2005,0,,7,"DI: of Mathematics and Statistics, Murray State UniversityMurray, KY 42071, USAJR and ST: of Mathematics, Vanderbilt UniversityNashville…",arXiv:math/0502293 (2005),,,https://zbmath.org/authors/ivansic.dubravko,,,,,
"Ivrissimtzis, Ioannis P.",1,2019,2019,0,,27,"1Department of Computer Science, Durham University, DH1 5LE, UK",arXiv:1909.08568 (2019),,,https://zbmath.org/authors/ivrissimtzis.ioannis-p,,,,,
"Izosimov, Anton",1,2025,2025,0,,43,,,https://www.math.arizona.edu/~izosimov/,https://mathscinet.ams.org/mathscinet/MRAuthorID/951165,https://zbmath.org/authors/izosimov.anton,https://www.mathgenealogy.org/id.php?id=173055,https://orcid.org/0000-0003-1270-7444,,,
"Izumi, Masaki",1,2008,2008,0,,80,,,,,https://zbmath.org/authors/izumi.masaki,,,,,ICM Invited Speaker (2010)
"Jabuka, Stanislav",1,2008,2008,0,,29,,,,,https://zbmath.org/authors/jabuka.stanislav,,,,,
"Jackson, Craig H.",1,2011,2011,0,,5,,,,,https://zbmath.org/authors/jackson.craig-h,,,,,
"Jackson, Stephen C.",1,1995,1995,0,,92,University of North Texas,,https://sites.math.unt.edu/~sjackson/,https://mathscinet.ams.org/mathscinet/MRAuthorID/255886,https://zbmath.org/authors/jackson.steve,https://www.mathgenealogy.org/id.php?id=14679,,https://en.wikipedia.org/wiki/Steve_Jackson_(mathematician),,ICM Invited Speaker (2018)
"Jacon, Nicolas",1,2017,2017,0,,48,,,https://njacon.perso.math.cnrs.fr/,https://mathscinet.ams.org/mathscinet/MRAuthorID/725019,https://zbmath.org/authors/jacon.nicolas,https://www.mathgenealogy.org/id.php?id=125014,,,,
"Jajodia, Sushil",1,1980,1980,0,,68,,,,,https://zbmath.org/authors/jajodia.sushil,,,,,
"Jakus, Joanna",1,2013,2013,0,,1,,,,,https://zbmath.org/authors/jakus.joanna,,,,,
"James, Adam",1,2015,2015,0,,1,,,,,https://zbmath.org/authors/james.adam,,,,,
"Jang, Wonyong",1,2026,2026,0,,5,"Department of Mathematical Sciences, KAIST, 291 Daehak-ro, Yuseong-gu, 34141 Daejeon, South Korea",arXiv:2603.04197 (2026),,,https://zbmath.org/authors/jang.wonyong,,,,,
"Jang, Yeonhee",1,2014,2014,0,,16,"Department of Mathematics, Nara Women’s University, Nara, 630-8506 Japan",arXiv:1608.01570 (2016),,,https://zbmath.org/authors/jang.yeonhee,,,,,
"Jankins, Mark",1,1985,1985,0,,2,,,,,https://zbmath.org/authors/jankins.mark,,,,,
"Janse van Rensburg, Esaias J.",1,1999,1999,0,,139,,,http://www.math.yorku.ca/Who/Faculty/Rensburg/,,https://zbmath.org/authors/janse-van-rensburg.esaias-j,,,,,
"Jarnevic, Andy",1,2025,2025,0,,2,,,,,https://zbmath.org/authors/jarnevic.andy,,,,,
"Jaspars, Henry",1,2024,2024,0,,2,,,,,https://zbmath.org/authors/jaspars.henry,,,,,
"Jenkinson, Oliver",1,2002,2002,0,,54,,,,,https://zbmath.org/authors/jenkinson.oliver,,,,,
"Jennings, Michael J.",1,2008,2008,0,,4,,,,,https://zbmath.org/authors/jennings.michael-j,,,,,
"Jensen, Lars Thorge",1,2017,2017,0,,10,,,,,https://zbmath.org/authors/jensen.lars-thorge,,,,,
"Jeon, Woojin",1,2014,2014,0,,7,"School of Mathematics, KIAS, Hoegiro 87, Dongdaemun-gu, Seoul, 130-722, Korea",arXiv:1401.2638 (2014),,,https://zbmath.org/authors/jeon.woojin,,,,,
"Jeong, Moonja",1,2003,2003,0,,15,,,,,https://zbmath.org/authors/jeong.moonja,,,,,
"Ji, Feng",1,2017,2017,0,,32,,,,,https://zbmath.org/authors/ji.feng,,,,,
"Ji, Ran",1,2024,2024,1,Inventiones Mathematicae: 1,16,,,,,https://zbmath.org/authors/ji.ran,,,,,
"Jiang, ManMan",1,2025,2025,0,,7,"Guangzhou Maritime University, Guangzhou, 510725, China",arXiv:2404.15921 (2024),,,https://zbmath.org/authors/jiang.manman,,,,,
"Jiang, Maxwell",1,2024,2024,0,,3,"Department of Mathematics, M.I.T., Cambridge, MA 02139",arXiv:2209.04556 (2022),,,https://zbmath.org/authors/jiang.maxwell,,,,,
"Jiang, Ruojing",1,2025,2025,0,,7,,,,,https://zbmath.org/authors/jiang.ruojing,,,,,
"Jiang, Yi",1,2018,2018,0,,89,,,,,https://zbmath.org/authors/jiang.yi.5,,,,,
"Jiao, Yuxiang",1,2024,2024,0,,2,,,,,https://zbmath.org/authors/jiao.yuxiang,,,,,
"Jin, Gyo Taek",1,2003,2003,0,,43,,,,https://mathscinet.ams.org/mathscinet/MRAuthorID/267226,https://zbmath.org/authors/jin.gyo-taek,https://www.mathgenealogy.org/id.php?id=36806,,,,
"Jin, Xin",1,2019,2019,0,,13,,,https://sites.google.com/bc.edu/jin,https://mathscinet.ams.org/mathscinet/MRAuthorID/1110552,https://zbmath.org/authors/jin.xin,https://www.mathgenealogy.org/id.php?id=197537,,,,
"Joecken, Kyle",1,2021,2021,0,,1,"Department of Mathematics, The Ohio State University, 100 Math Tower, 231 West 18th Avenue, Columbus, OH 43210-1174, USA",arXiv:1904.04632 (2019),,,https://zbmath.org/authors/joecken.kyle,,,,,
"John-Green, Simon St.",1,2018,2018,0,,6,"Department of Mathematics, University of Southampton, SO17 1BJ, UK",arXiv:1412.7715 (2014),,,https://zbmath.org/authors/john-green.simon-st,,,,,
"Johnsgard, Karin",1,1997,1997,0,,5,,,,,https://zbmath.org/authors/johnsgard.karin,,,,,
"Johnson, Charles Christopher",1,2022,2022,0,,8,,,http://ccjohnson.org,https://mathscinet.ams.org/mathscinet/MRAuthorID/1044574,https://zbmath.org/authors/johnson.charles-c,https://www.mathgenealogy.org/id.php?id=183014,,,,
"Johnson, David Lawrence",1,1982,1982,0,,60,,,,https://mathscinet.ams.org/mathscinet/MRAuthorID/213053,https://zbmath.org/authors/johnson.david-lawrence,https://www.mathgenealogy.org/id.php?id=85600,,,,
"Jolissaint, Pierre-Nicolas",1,2014,2014,0,,3,,,,,https://zbmath.org/authors/jolissaint.pierre-nicolas,,,,,
"Jones, Lowell Edwin",1,1980,1980,0,,71,Stony Brook University,,,https://mathscinet.ams.org/mathscinet/MRAuthorID/95480,https://zbmath.org/authors/jones.lowell-edwin,https://www.mathgenealogy.org/id.php?id=8429,,https://en.wikipedia.org/wiki/Lowell_E._Jones,,ICM Invited Speaker (1990)
"Jones, Matthew Michael",1,2006,2006,0,,7,,,https://www.mgmt.ucl.ac.uk/people/matthewjones,https://mathscinet.ams.org/mathscinet/MRAuthorID/676731,https://zbmath.org/authors/jones.matthew-m,https://www.mathgenealogy.org/id.php?id=75333,,,,
"Jones, Peter Wilcox",1,1997,1997,1,Acta Mathematica: 1,87,,,https://users.math.yale.edu/public_html/People/pwj2.html,https://mathscinet.ams.org/mathscinet/MRAuthorID/189038,https://zbmath.org/authors/jones.peter-w.1,https://www.mathgenealogy.org/id.php?id=25055,,https://en.wikipedia.org/wiki/Peter_Jones_(mathematician),Salem Prize (1981),ICM Plenary Speaker (2010); ICM Invited Speaker (1983)
"Jones, Vaughan Frederick Randal",1,1987,1987,1,Annals of Mathematics: 1,122,,,https://math.berkeley.edu/~vfr/ http://math.berkeley.edu/~vfr/,https://mathscinet.ams.org/mathscinet/MRAuthorID/95565,https://zbmath.org/authors/jones.vaughan-f-r,https://www.mathgenealogy.org/id.php?id=25056,,https://en.wikipedia.org/wiki/Vaughan_Jones,Fields Medal (1990); Fellow of the Royal Society (1991),ICM Plenary Speaker (1990); ICM Invited Speaker (1986)
"Jong, In Dae",1,2009,2009,0,,23,,,,https://mathscinet.ams.org/mathscinet/MRAuthorID/867607,https://zbmath.org/authors/jong.in-dae,https://www.mathgenealogy.org/id.php?id=181001,,,,
"Jonušas, Julius",1,2017,2017,0,,15,,,,,https://zbmath.org/authors/jonusas.julius,,,,,
"Juan-Pineda, Daniel",1,2018,2018,0,,33,Centro de Ciencias Matemáticas (Universidad Nacional Autónoma de México),,https://www.matmor.unam.mx/es/personal/investigadores/daniel,https://mathscinet.ams.org/mathscinet/MRAuthorID/607996,https://zbmath.org/authors/juan-pineda.daniel,https://www.mathgenealogy.org/id.php?id=11520,https://orcid.org/0009-0001-6922-2192,,,
"Juhász, András",1,2024,2024,0,,35,"Mathematical Institute, University of Oxford, Andrew Wiles Building, Radcliffe Observatory Quarter, Woodstock Road, Oxford, OX2 6GG, UK",arXiv:2601.08805 (2026),https://www.maths.ox.ac.uk/people/andras.juhasz,https://mathscinet.ams.org/mathscinet/MRAuthorID/729286,https://zbmath.org/authors/juhasz.andras,https://www.mathgenealogy.org/id.php?id=127367,https://orcid.org/0000-0003-3705-2288,,,
"Jullian, Yann",1,2011,2011,0,,5,,,,,https://zbmath.org/authors/jullian.yann,,,,,
"Jung, Hongtaek",1,2025,2025,0,,9,Institute for Basic Science,,https://sites.google.com/view/htjung,,https://zbmath.org/authors/jung.hongtaek,https://www.mathgenealogy.org/id.php?id=255075,,,,
"Jungerman, Mark",1,1980,1980,1,Acta Mathematica: 1,13,,,,,https://zbmath.org/authors/jungerman.mark,,,,,
"Juriaans, Stanley Orlando",1,2005,2005,0,,61,,,,,https://zbmath.org/authors/juriaans.stanley-orlando,,,,,
"Just, Winfried",1,1999,1999,0,,75,,,http://www.ohio.edu/people/just/,,https://zbmath.org/authors/just.winfried,,,,,
"Jónsson, Wilbur Jacob",1,1972,1972,0,,7,,,,,https://zbmath.org/authors/jonsson.wilbur-jacob,,,,,
"Jørgensen, Martina",1,2024,2024,0,,2,Department of Mathematics ETH Zürich Rämistrasse 101 8092 Zürich Switzerland,arXiv:2206.08153 (2022),,,https://zbmath.org/authors/jorgensen.martina,,,,,
"Jørgensen, Peter",1,2022,2022,0,,116,,,,,https://zbmath.org/authors/jorgensen.peter,,,,,
"Jørgensen, Søren Fuglede",1,2017,2017,0,,6,,,,,https://zbmath.org/authors/jorgensen.soren-fuglede,https://www.mathgenealogy.org/id.php?id=176547,,,,
"Kabaya, Yuichi",1,2009,2009,0,,10,,,,,https://zbmath.org/authors/kabaya.yuichi,,,,,
"Kalmár, Boldizsár",1,2013,2013,0,,24,"Eötvös Loránd University, Pázmány Péter sétány 1/c., 1117 Budapest, Hungary",arXiv:2508.18335 (2025),https://geometria.math.bme.hu/kalmar-boldizsar,https://mathscinet.ams.org/mathscinet/MRAuthorID/774416,https://zbmath.org/authors/kalmar.boldizsar,https://www.mathgenealogy.org/id.php?id=158137,https://orcid.org/0000-0001-6897-2664,,,
"Kamada, Seiichi",1,1996,1996,0,,98,,,http://www.math.sci.osaka-u.ac.jp/eng/staff_kamada.html,,https://zbmath.org/authors/kamada.seiichi,https://www.mathgenealogy.org/id.php?id=234447,,,,
"Kambites, Mark",1,2013,2013,0,,64,University of Manchester,arXiv:2605.04630 (2026),,,https://zbmath.org/authors/kambites.mark,,,,,
"Kania-Bartoszyńska, Joanna",1,2018,2018,0,,24,"National Science Foundation, Arlington, VA, 22230, USA",arXiv:2310.06189 (2023),https://www.nsf.gov/staff/staff_bio.jsp?lan=jkaniaba&org=NSF&from_org=NSF,https://mathscinet.ams.org/mathscinet/MRAuthorID/239347,https://zbmath.org/authors/kania-bartoszynska.joanna,https://www.mathgenealogy.org/id.php?id=32003,,,,
"Kao, Lien-Yung",1,2020,2020,0,,13,,,,,https://zbmath.org/authors/kao.lien-yung,,https://orcid.org/0000-0002-4062-9300,,,
"Kaplan, Shmuel",1,2002,2002,0,,11,"Alexander Shapiro and Mina Teicher, Department of Mathematics and Statistics, Bar-Ilan University, Ramat-Gan 52900, Israel",arXiv:math/0601047 (2006),,,https://zbmath.org/authors/kaplan.shmuel,,,,,
"Kaplan-Kelly, Rose",1,2018,2018,0,,4,,,,,https://zbmath.org/authors/kaplan-kelly.rose,,,,,
"Kapoor, Kabir",1,2021,2021,0,,3,,,,,https://zbmath.org/authors/kapoor.kabir,,,,,
"Kappes, André",1,2017,2017,0,,5,,,,https://mathscinet.ams.org/mathscinet/MRAuthorID/1110529,https://zbmath.org/authors/kappes.andre,https://www.mathgenealogy.org/id.php?id=160446,,,,
"Kasagawa, Ryoji",1,2008,2008,0,,8,,,,,https://zbmath.org/authors/kasagawa.ryoji,,,,,
"Kasikova, Anna",1,1996,1996,0,,14,,,,,https://zbmath.org/authors/kasikova.anna,,,,,
"Katayama, Takuya",1,2024,2024,0,,30,"Osaka Central Advanced Mathematical Institute, 3-3-18 Sugimoto, Sumiyoshi-ku, Osaka 558-8585, Japan",arXiv:2512.10306 (2025),,,https://zbmath.org/authors/katayama.takuya,,,,,
"Katerba, Charles",1,2020,2020,0,,2,"Alex Casella, School of Mathematics and Statistics F07, The University of Sydney, NSW 2006 Australia –",arXiv:1808.02535 (2018),,,https://zbmath.org/authors/katerba.charles,,,,,
"Kato, Motoko",1,2024,2024,0,,8,"Faculty of Education, University of the Ryukyus, 1 Sembaru, Nishihara-Cho, Nakagami-Gun, Okinawa, 903-0213 Japan",arXiv:2410.04788 (2024),,,https://zbmath.org/authors/kato.motoko,,,,,
"Katz, Asaf",1,2023,2023,0,,7,,,,,https://zbmath.org/authors/katz.asaf,,,,,
"Katz, Mikhail G.",1,2003,2003,0,,145,,,http://u.cs.biu.ac.il/~katzmik/ https://math.biu.ac.il/node/509,https://mathscinet.ams.org/mathscinet/MRAuthorID/197211,https://zbmath.org/authors/katz.mikhail-g,https://www.mathgenealogy.org/id.php?id=37512,https://orcid.org/0000-0002-3489-0158,https://en.wikipedia.org/wiki/Mikhail_Katz,,
"Kauffman, Louis Hirsch",1,2005,2005,0,,423,U. Illinois - Chicago,,http://homepages.math.uic.edu/~kauffman/ https://www.math.uic.edu/~kauffman/,https://mathscinet.ams.org/mathscinet/MRAuthorID/99235,https://zbmath.org/authors/kauffman.louis-hirsch,https://www.mathgenealogy.org/id.php?id=1306,https://orcid.org/0000-0003-4135-8685,https://en.wikipedia.org/wiki/Louis_Kauffman,,
"Kaufmann, Pedro Levit",1,2022,2022,0,,15,,,https://www.ime.usp.br/~plk/,https://mathscinet.ams.org/mathscinet/MRAuthorID/998841,https://zbmath.org/authors/kaufmann.pedro-levit,https://www.mathgenealogy.org/id.php?id=143440,,,,
"Kaufmann, Ralph M.",1,2003,2003,0,,66,Purdue University,,http://www.math.purdue.edu/~rkaufman/,https://mathscinet.ams.org/mathscinet/MRAuthorID/360477,https://zbmath.org/authors/kaufmann.ralph-m,https://www.mathgenealogy.org/id.php?id=62864,https://orcid.org/0000-0002-7027-8329,https://en.wikipedia.org/wiki/Ralph_Kaufmann,,
"Kawai, Shingo",1,1996,1996,0,,6,,,,,https://zbmath.org/authors/kawai.shingo,,,,,
"Keane, Michael S.",1,1981,1981,0,,117,,,http://www.wesleyan.edu/academics/faculty/mkeane/profile.html,https://mathscinet.ams.org/mathscinet/MRAuthorID/99630,https://zbmath.org/authors/keane.michael-s,https://www.mathgenealogy.org/id.php?id=53107,https://orcid.org/0000-0002-6589-2308,,,
"Kegel, Marc",1,2025,2025,0,,46,,,https://marckegel.github.io,https://mathscinet.ams.org/mathscinet/MRAuthorID/1185153,https://zbmath.org/authors/kegel.marc,https://www.mathgenealogy.org/id.php?id=212215,https://orcid.org/0000-0003-2418-9226,,,
"Kelmer, Dubi",1,2013,2013,0,,43,,,,https://mathscinet.ams.org/mathscinet/MRAuthorID/772506,https://zbmath.org/authors/kelmer.dubi,https://www.mathgenealogy.org/id.php?id=125713,,,,
"Ketover, Daniel",1,2018,2018,0,,22,,,,https://mathscinet.ams.org/mathscinet/MRAuthorID/1224462,https://zbmath.org/authors/ketover.daniel,https://www.mathgenealogy.org/id.php?id=182718,,,,
"Khalil, Osama",1,2020,2020,0,,15,,,,,https://zbmath.org/authors/khalil.osama,,,,,
"Khan, Sayantan",1,2023,2023,0,,3,,,https://www.sayantankhan.io/,,https://zbmath.org/authors/khan.sayantan,,,,,
"Khoussainov, Bakhadyr M.",1,2014,2014,0,,133,University of Electronic Science and Technology of China,,https://bakh-tcs.github.io/,https://mathscinet.ams.org/mathscinet/MRAuthorID/241973,https://zbmath.org/authors/khoussainov.bakhadyr-m,https://www.mathgenealogy.org/id.php?id=96891,https://orcid.org/0000-0002-7522-1241,https://en.wikipedia.org/wiki/Bakhadyr_Khoussainov,,
"Khovanov, Mikhail G.",1,2002,2002,1,Journal of the American Mathematical Society: 1,101,Columbia University,,https://www.math.columbia.edu/~khovanov/,https://mathscinet.ams.org/mathscinet/MRAuthorID/363306,https://zbmath.org/authors/khovanov.mikhail-g,https://www.mathgenealogy.org/id.php?id=14936,https://orcid.org/0009-0006-5296-6044,https://en.wikipedia.org/wiki/Mikhail_Khovanov,,ICM Invited Speaker (2006)
"Kidwell, Mark Elliot",1,1982,1982,0,,22,,,,https://mathscinet.ams.org/mathscinet/MRAuthorID/191817,https://zbmath.org/authors/kidwell.mark-e,https://www.mathgenealogy.org/id.php?id=30989,,,,
"Kikuta, Kohei",1,2024,2024,0,,12,"Department of Mathematics, Graduate School of Science, Osaka University, Toyonaka Osaka, 560-0043, Japan. School of Mathematics, The…",arXiv:2604.04682 (2026),,,https://zbmath.org/authors/kikuta.kohei,,,,,
"Kilmer, Shelby C.",1,2016,2016,0,,8,,,,,https://zbmath.org/authors/kilmer.shelby-c,,,,,
"Kim, Byungchun",1,2024,2024,0,,22,,,,,https://zbmath.org/authors/kim.byungchun,,,,,
"Kim, Hayon",1,1981,1981,0,,2,,,,,https://zbmath.org/authors/kim.hayon,,,,,
"Kim, Hee Jung",1,2017,2017,0,,10,,,,,https://zbmath.org/authors/kim.hee-jung.1,,,,,
"Kim, Jaehoon",1,2023,2023,0,,92,,,https://sites.google.com/view/jaehoon-kim,https://mathscinet.ams.org/mathscinet/MRAuthorID/973739,https://zbmath.org/authors/kim.jaehoon.1,https://www.mathgenealogy.org/id.php?id=192901,https://orcid.org/0000-0002-1411-4186,,,
"Kim, Jan",1,2024,2024,0,,7,"Institute of Mathematical Sciences Ewha Womans University 52 Ewhayeodae-gil, Seodaemun-gu, Seoul 03760, Republic of Korea",arXiv:2512.09135 (2025),,,https://zbmath.org/authors/kim.jan,,https://orcid.org/0009-0005-3269-4638,,,
"Kim, Jee Hyoun",1,2012,2012,0,,1,,,,,https://zbmath.org/authors/kim.jee-hyoun,,,,,
"Kim, Jehpill",1,1981,1981,0,,7,,,,,https://zbmath.org/authors/kim.jehpill,,,,,
"Kim, Jin Hong",1,2005,2005,0,,63,,,https://eng.chosun.ac.kr/eng/1934/subview.do?enc=Zm5jdDF8QEB8JTJGcHJvZmwlMkZlbmclMkY0MyUyRjQxMiUyRmFydGNsVmlldy5kbyUzRnBhZ2UlM0QxJTI2c3JjaENvbHVtbiUzRCUyNnNyY2hXcmQlM0QlMjY%3D,,https://zbmath.org/authors/kim.jin-hong,,,,,
"Kim, Jungsoo",1,2016,2016,0,,30,,,,,https://zbmath.org/authors/kim.jungsoo,,,,,
"Kim, Junseok",1,2026,2026,0,,5,,,,,https://zbmath.org/authors/kim.junseok.1,,,,,
"Kim, KyeongRo",1,2025,2025,0,,11,"School of Mathematics Korea Institute for Advanced Study(KIAS) 85 Hoegi-ro, Dongdaemun-gu, Seoul 02455, Republic of Korea",arXiv:2604.21792 (2026),https://kyeongrokim.github.io/,,https://zbmath.org/authors/kim.kyeongro,https://www.mathgenealogy.org/id.php?id=274131,,,,
"Kim, Min Hoon",1,2021,2021,0,,28,,,https://sites.google.com/site/kminhoon/,https://mathscinet.ams.org/mathscinet/MRAuthorID/1067137,https://zbmath.org/authors/kim.min-hoon,https://www.mathgenealogy.org/id.php?id=195656,,,,
"Kim, Minsung",1,2024,2024,0,,8,,,https://minsungdream.github.io/,,https://zbmath.org/authors/kim.minsung,https://www.mathgenealogy.org/id.php?id=270718,,,,
"Kim, Myoung Ho",1,1990,1990,0,,22,,,,,https://zbmath.org/authors/kim.myoung-ho,,,,,
"Kim, Myungho",1,1992,1992,0,,54,,,,,https://zbmath.org/authors/kim.myungho,,,,,
"Kim, Raeyong",1,2014,2014,0,,5,,,,,https://zbmath.org/authors/kim.raeyong,,,,,
"Kim, Seungwon",1,2020,2020,0,,38,"Department of Mathematics Sungkyunkwan University Suwon, Gyeonggi, 16419 Republic of Korea",arXiv:2607.10018 (2026),,,https://zbmath.org/authors/kim.seungwon,,,,,
"Kim, Sungwoon",1,2016,2016,0,,27,,,,,https://zbmath.org/authors/kim.sungwoon,,,,,
"Kim, Taehee",1,2020,2020,0,,28,,,http://home.konkuk.ac.kr/~tkim/,https://mathscinet.ams.org/mathscinet/MRAuthorID/743933,https://zbmath.org/authors/kim.taehee.1,https://www.mathgenealogy.org/id.php?id=77951,,,,
"Kimura, Mitsuaki",1,2025,2025,0,,19,"Department of Mathematics, Osaka Dental University 8-1 Kuzuha-hanazono-cho, Hirakata, Osaka 573-1121 Japan",arXiv:2605.19843 (2026),,,https://zbmath.org/authors/kimura.mitsuaki,,,,,
"Kiralis, Geoffrey",1,1996,1996,0,,1,,,,,https://zbmath.org/authors/kiralis.geoffrey,,,,,
"Kiralis, Jeff",1,1992,1992,0,,3,,,,,https://zbmath.org/authors/kiralis.jeff,,,,,
"Kirillov, Alexander A. jun.",1,1996,1996,1,Journal of the American Mathematical Society: 1,39,Stony Brook University,,http://www.math.stonybrook.edu/~kirillov/,https://mathscinet.ams.org/mathscinet/MRAuthorID/263638,https://zbmath.org/authors/kirillov.alexander-a-jun,https://www.mathgenealogy.org/id.php?id=35482,,https://en.wikipedia.org/wiki/Alexander_Kirillov_Jr.,,ICM Invited Speaker (1978)
"Kirk, Paul A.",1,1994,1994,0,,61,Indiana University Bloomington,,https://math.indiana.edu/about/faculty/kirk-paul.html https://pkirk.pages.iu.edu/,https://mathscinet.ams.org/mathscinet/MRAuthorID/266369,https://zbmath.org/authors/kirk.paul-a,https://www.mathgenealogy.org/id.php?id=36807,,,,
"Kirwan, Frances",1,1986,1986,0,,73,,,https://www.maths.ox.ac.uk/people/frances.kirwan,https://mathscinet.ams.org/mathscinet/MRAuthorID/102055,https://zbmath.org/authors/kirwan.frances-clare,https://www.mathgenealogy.org/id.php?id=59549,https://orcid.org/0000-0002-7669-3304,https://en.wikipedia.org/wiki/Frances_Kirwan,"Whitehead Prize (1989, 2013); Fellow of the Royal Society; Sylvester Medal",ICM Plenary Speaker (2002); ICM Invited Speaker (1994)
"Kishimoto, Daisuke",1,2019,2019,0,,96,,,https://www.math.kyoto-u.ac.jp/en/people/profile/kishi,,https://zbmath.org/authors/kishimoto.daisuke,,,,,
"Kitaev, Alexei Yu.",1,2005,2005,0,,36,,,http://www.cms.caltech.edu/people/3083/profile,https://mathscinet.ams.org/mathscinet/MRAuthorID/317479,https://zbmath.org/authors/kitaev.alexei-yu,,,https://en.wikipedia.org/wiki/Alexei_Kitaev,MacArthur Fellowship (2008),
"Kitano, Teruaki",1,2000,2000,0,,45,,,,https://mathscinet.ams.org/mathscinet/MRAuthorID/350664,https://zbmath.org/authors/kitano.teruaki,https://www.mathgenealogy.org/id.php?id=176977,,,,
"Kivva, Bohdan",1,2022,2022,0,,8,,,,,https://zbmath.org/authors/kivva.bohdan,,,,,
"Klaff, Ben",1,2006,2006,0,,3,,,,,https://zbmath.org/authors/klaff.ben,,,,,
"Klarreich, Erica",1,2022,2022,0,,1,,,,,https://zbmath.org/authors/klarreich.erica.1,,,,,
"Klassen, Eric Paul",1,1994,1994,0,,42,,,https://www.math.fsu.edu/~klassen/,https://mathscinet.ams.org/mathscinet/MRAuthorID/102405,https://zbmath.org/authors/klassen.eric-paul,https://www.mathgenealogy.org/id.php?id=51554,,,,
"Klassen, Vyron M.",1,1973,1973,0,,2,,,,,https://zbmath.org/authors/klassen.vyron-m,,,,,
"Kleber, Michael",1,2004,2004,0,,18,,,,,https://zbmath.org/authors/kleber.michael,,,,,
"Kleidman, Peter B.",1,1990,1990,0,,26,,,,,https://zbmath.org/authors/kleidman.peter-b,,,,,
"Klein, Christian",1,2009,2009,0,,120,,,https://mathphys.fr/,https://mathscinet.ams.org/mathscinet/MRAuthorID/340414,https://zbmath.org/authors/klein.christian,https://www.mathgenealogy.org/id.php?id=71381,,,,
"Klingler, Bruno",1,1998,1998,0,,34,,,https://www.math.hu-berlin.de/~klingleb/,https://mathscinet.ams.org/mathscinet/MRAuthorID/611580,https://zbmath.org/authors/klingler.bruno,https://www.mathgenealogy.org/id.php?id=56017,https://orcid.org/0000-0002-9974-4100,,,ICM Invited Speaker (2022)
"Kloke, Jennifer",1,2008,2008,0,,1,,,,,https://zbmath.org/authors/kloke.jennifer,,,,,
"Klukas, Mirko",1,2016,2016,0,,7,,,,https://mathscinet.ams.org/mathscinet/MRAuthorID/1024211,https://zbmath.org/authors/klukas.mirko,https://www.mathgenealogy.org/id.php?id=163937,,,,
"Klyachko, Anton Aleksandrovich",1,2023,2023,0,,57,"Moscow State U., Russia",,https://mech.math.msu.su/department/algebra/staff/klyachko/,https://mathscinet.ams.org/mathscinet/MRAuthorID/336696,https://zbmath.org/authors/klyachko.anton-a,https://www.mathgenealogy.org/id.php?id=130882,,,,
"Knapp, Adam C.",1,2014,2014,0,,6,,,,https://mathscinet.ams.org/mathscinet/MRAuthorID/794405,https://zbmath.org/authors/knapp.adam-c,https://www.mathgenealogy.org/id.php?id=130873,,,,
"Knopf, Dan",1,2010,2010,0,,40,,,,,https://zbmath.org/authors/knopf.dan,,,,,
"Knopf, Svenja",1,2019,2019,0,,2,,,,,https://zbmath.org/authors/knopf.svenja,,,,,
"Knudson, Kevin P.",1,2002,2002,0,,42,University of Florida,,https://kpknudson.com/,https://mathscinet.ams.org/mathscinet/MRAuthorID/603931,https://zbmath.org/authors/knudson.kevin-p,https://www.mathgenealogy.org/id.php?id=22271,https://orcid.org/0000-0001-6768-2542,,,
"Ko, Seokku",1,1999,1999,0,,7,,,,,https://zbmath.org/authors/ko.seokku,,,,,
"Koban, Nic",1,2015,2015,0,,9,,,,,https://zbmath.org/authors/koban.nic,,,,,
"Kobayashi, Mahito",1,1996,1996,0,,10,,,,,https://zbmath.org/authors/kobayashi.mahito,,,,,
"Kobayashi, Ryoma",1,2016,2016,0,,18,,,,,https://zbmath.org/authors/kobayashi.ryoma,,,,,
"Kobayashi, Shimpei",1,2025,2025,0,,47,,,https://sites.google.com/site/kobayashishimpeisite/,https://mathscinet.ams.org/mathscinet/MRAuthorID/755043,https://zbmath.org/authors/kobayashi.shimpei,https://www.mathgenealogy.org/id.php?id=89526,https://orcid.org/0000-0002-2712-6696,,,
"Koenig, Dale",1,2021,2021,0,,9,,,,,https://zbmath.org/authors/koenig.dale,,,,,
"Koenigsmann, Jochen",1,2002,2002,0,,32,,,,,https://zbmath.org/authors/koenigsmann.jochen,,,,,ICM Invited Speaker (2018)
"Kohli, Ben-Michael",1,2026,2026,0,,9,"Section de Mathématiques, Université de Genève rue du Conseil-Général 7-9, 1205 Genève, Switzerland",arXiv:2605.15515 (2026),https://ymsc.tsinghua.edu.cn/en/info/1035/3021.htm,https://mathscinet.ams.org/mathscinet/MRAuthorID/1151093,https://zbmath.org/authors/kohli.ben-michael,https://www.mathgenealogy.org/id.php?id=221576,,,,
"Kohno, Toshitake",1,1985,1985,1,Inventiones Mathematicae: 1,68,,,,,https://zbmath.org/authors/kohno.toshitake,,,,,
"Koivisto, Juhani",1,2017,2017,0,,8,,,,,https://zbmath.org/authors/koivisto.juhani,,,,,
"Kokarev, Gerasim",1,2013,2013,0,,26,,,https://eps.leeds.ac.uk/maths/staff/4049/dr-gerasim-kokarev,,https://zbmath.org/authors/kokarev.gerasim,,,,,
"Kolay, Sudipta",1,2023,2023,0,,8,"School of Mathematics Georgia Institute of Technology Atlanta, GA 30332, USA",arXiv:2110.02162 (2021),,,https://zbmath.org/authors/kolay.sudipta,,,,,
"Kolpakov, Alexander",1,2022,2022,0,,9,"U. Neuchatel, Switzerland",,https://sashakolpakov.wordpress.com/,,https://zbmath.org/authors/kolpakov.alexander,,,,,
"Komendarczyk, Rafal",1,2024,2024,0,,29,"Mathematics Department, Tulane University, USA",arXiv:2506.01603 (2025),,https://mathscinet.ams.org/mathscinet/MRAuthorID/699336,https://zbmath.org/authors/komendarczyk.rafal,https://www.mathgenealogy.org/id.php?id=99896,,,,
"Konno, Hokuto",1,2026,2026,0,,33,,,https://www.ms.u-tokyo.ac.jp/~hkonno/eng_index.html,,https://zbmath.org/authors/konno.hokuto,,,,,
"Kononenko, Alexey",1,2001,2001,0,,13,,,http://alexeyshor.com,https://mathscinet.ams.org/mathscinet/MRAuthorID/363939,https://zbmath.org/authors/kononenko.alexey,https://www.mathgenealogy.org/id.php?id=44948,,https://en.wikipedia.org/wiki/Alexey_Shor,,
"Koseki, Naoki",1,2024,2024,0,,16,"The University of Liverpool, Mathematical Sciences Building, Liverpool L69 7ZL, United Kingdom",arXiv:2509.24990 (2025),,,https://zbmath.org/authors/koseki.naoki,,,,,
"Kosenko, Petr",1,2022,2022,0,,8,,,,,https://zbmath.org/authors/kosenko.petr,,,,,
"Kosuge, Ryotaro",1,2026,2026,0,,1,,,,,https://zbmath.org/authors/kosuge.ryotaro,,,,,
"Kotowski, Marcin",1,2013,2013,0,,7,,,,,https://zbmath.org/authors/kotowski.marcin,,,,,
"Kotowski, Michał",1,2013,2013,0,,8,,,,,https://zbmath.org/authors/kotowski.michal,,,,,
"Kottman, Clifford A.",1,1975,1975,0,,11,,,,https://mathscinet.ams.org/mathscinet/MRAuthorID/105470,https://zbmath.org/authors/kottman.clifford-a,https://www.mathgenealogy.org/id.php?id=86788,,,,
"Koubi, Malik",1,1998,1998,0,,2,,,,,https://zbmath.org/authors/koubi.malik,,,,,
"Koytcheff, Robin",1,2024,2024,0,,17,"Department of Mathematics, University of Louisiana at Lafayette, USA",arXiv:2609.11009 (2026),,https://mathscinet.ams.org/mathscinet/MRAuthorID/878703,https://zbmath.org/authors/koytcheff.robin,https://www.mathgenealogy.org/id.php?id=150446,,,,
"Kozai, Kenji",1,2016,2016,0,,8,,,,,https://zbmath.org/authors/kozai.kenji,,,,,
"Koziarz, Vincent",1,2018,2018,0,,19,"Univ. Bordeaux, IMB, CNRS, UMR 5251, F-33400 Talence, France",arXiv:2007.04185 (2020),https://www.math.u-bordeaux.fr/~vkoziarz/,,https://zbmath.org/authors/koziarz.vincent,https://www.mathgenealogy.org/id.php?id=252880,,,,
"Kozma, Gady",1,2025,2025,0,,117,"The Weizmann Institute of Science, Rehovot, Israel",arXiv:2609.40123 (2026),,,https://zbmath.org/authors/kozma.gady,,,,,
"Kramer, Linus",1,2005,2005,0,,69,"U. Muenster, Germany",,https://www.wwu.de/AGKramer/index.php?name=lk https://www.math.uni-muenster.de/u/lkram_01/,https://mathscinet.ams.org/mathscinet/MRAuthorID/247850,https://zbmath.org/authors/kramer.linus,https://www.mathgenealogy.org/id.php?id=46710,https://orcid.org/0000-0002-5284-792X,,,
"Kranhold, Florian",1,2022,2022,0,,6,,,https://www.math.kit.edu/agt/~florian/,,https://zbmath.org/authors/kranhold.florian,https://www.mathgenealogy.org/id.php?id=286146,https://orcid.org/0000-0002-8598-2204,,,
"Kranz, Julian",1,2023,2023,0,,16,"Universität Münster, Mathematisches Institut, Einsteinstr. 62, 48149 Münster, Germany",arXiv:2608.13000 (2026),,,https://zbmath.org/authors/kranz.julian,,,,,
"Kreck, Matthias",1,2025,2025,0,,74,"Hausdorff Center for Mathematics 53115 Bonn, Germany",arXiv:2208.03064 (2022),,https://mathscinet.ams.org/mathscinet/MRAuthorID/106415,https://zbmath.org/authors/kreck.matthias,https://www.mathgenealogy.org/id.php?id=21019,,https://en.wikipedia.org/wiki/Matthias_Kreck,Cantor Medal (2010),
"Krichever, Igor' Moiseevich",1,1997,1997,0,,176,Columbia University,,http://www.math.columbia.edu/~krichev/,https://mathscinet.ams.org/mathscinet/MRAuthorID/307898,https://zbmath.org/authors/krichever.igor-moiseevich,https://www.mathgenealogy.org/id.php?id=47912,https://orcid.org/0000-0002-7173-6272,https://en.wikipedia.org/wiki/Igor_Krichever,,ICM Plenary Speaker (2022); ICM Invited Speaker (1990)
"Krifka, Yannick",1,2024,2024,0,,4,,,,,https://zbmath.org/authors/krifka.yannick,,,,,
"Krishna, Siddhi",1,2020,2020,0,,5,,,,,https://zbmath.org/authors/krishna.siddhi,,,,,
"Krishna, Swathi",1,2025,2025,0,,7,,,,,https://zbmath.org/authors/krishna.swathi,,,,,
"Krupski, Paweł",1,1999,1999,0,,55,,,,https://mathscinet.ams.org/mathscinet/MRAuthorID/107070,https://zbmath.org/authors/krupski.pawel,https://www.mathgenealogy.org/id.php?id=58403,https://orcid.org/0000-0003-1705-8279,,,
"Krylov, Nikolai A.",1,2003,2003,0,,26,Siena University,,http://www.sos.siena.edu/~nkrylov/,https://mathscinet.ams.org/mathscinet/MRAuthorID/702028,https://zbmath.org/authors/krylov.nikolai-a,https://www.mathgenealogy.org/id.php?id=64631,,,,
"Krön, Bernhard",1,2008,2008,0,,17,,,,,https://zbmath.org/authors/kron.bernhard,,,,,
"Kucharz, Wojciech",1,1985,1985,1,Inventiones Mathematicae: 1,174,Faculty of Mathematics and Computer Science of Jagiellonian University,,http://www.im.uj.edu.pl/instytut/pracownik?id=405,https://mathscinet.ams.org/mathscinet/MRAuthorID/107385,https://zbmath.org/authors/kucharz.wojciech,https://www.mathgenealogy.org/id.php?id=38438,https://orcid.org/0000-0001-7531-9495,https://en.wikipedia.org/wiki/Wojciech_Kucharz,,ICM Invited Speaker (2018)
"Kudryavtseva, Elena Aleksandrovna",1,2004,2004,0,,72,,,https://dfgm.math.msu.su/people/koudr/,,https://zbmath.org/authors/kudryavtseva.elena-a,,https://orcid.org/0000-0002-3745-2663,,,
"Kuhlmann, Sally M.",1,2006,2006,0,,2,"Department of Mathematics and Statistics University of Melbourne Victoria, 3010 Australia",arXiv:0906.5469 (2009),,https://mathscinet.ams.org/mathscinet/MRAuthorID/798390,https://zbmath.org/authors/kuhlmann.sally-m,https://www.mathgenealogy.org/id.php?id=96920,,,,
"Kumagai, Takashi",1,2022,2022,0,,122,,,,https://mathscinet.ams.org/mathscinet/MRAuthorID/338696,https://zbmath.org/authors/kumagai.takashi,https://www.mathgenealogy.org/id.php?id=95897,https://orcid.org/0000-0001-7515-1055,,,ICM Invited Speaker (2014)
"Kumanduri, Luis",1,2024,2024,0,,2,,,https://math.mit.edu/~luisk/,,https://zbmath.org/authors/kumanduri.luis,,,,,
"Kumar, Abhinav",1,2017,2017,0,,39,,,,https://mathscinet.ams.org/mathscinet/MRAuthorID/694441,https://zbmath.org/authors/kumar.abhinav,https://www.mathgenealogy.org/id.php?id=101091,,,,
"Kumar, Sanjay",1,2021,2021,0,,95,,,,,https://zbmath.org/authors/kumar.sanjay.6,,,,,
"Kuno, Erika",1,2024,2024,0,,13,"College of Engineering, Shibaura Institute of Technology, 3-7-5 Toyosu, Koto-ku, Tokyo 135-8548, Japan",arXiv:2601.02839 (2026),,,https://zbmath.org/authors/kuno.erika,,https://orcid.org/0000-0002-2396-1037,,,
"Kusunoki, Yukio",1,1982,1982,0,,32,,,,,https://zbmath.org/authors/kusunoki.yukio,,,,,
"Kutzschebauch, Frank",1,2010,2010,0,,76,"Mathematical Institute University of Bern Bern, Switzerland",arXiv:2608.12565 (2026),,,https://zbmath.org/authors/kutzschebauch.frank,https://www.mathgenealogy.org/id.php?id=92326,https://orcid.org/0000-0003-2272-8687,,,
"Kuzbary, Miriam",1,2026,2026,0,,4,,,,,https://zbmath.org/authors/kuzbary.miriam,,,,,
"Kwon, Alice",1,2025,2025,0,,7,,,,,https://zbmath.org/authors/kwon.alice,,,,,
"Kwun, Kyung Whan",1,1981,1981,0,,39,,,,https://mathscinet.ams.org/mathscinet/MRAuthorID/108760,https://zbmath.org/authors/kwun.kyung-whan,https://www.mathgenealogy.org/id.php?id=405,,,,
"Kálmán, Tamás",1,2016,2016,0,,29,,,,,https://zbmath.org/authors/kalman.tamas,,,,,
"Köhl, Ralf",1,2013,2013,1,Annals of Mathematics: 1,68,,,https://www.uni-giessen.de/fbz/fb07/fachgebiete/mathematik/mathematik/ags/algebra/personen/prof/koehl,https://mathscinet.ams.org/mathscinet/MRAuthorID/672444,https://zbmath.org/authors/kohl.ralf,https://www.mathgenealogy.org/id.php?id=57143,https://orcid.org/0000-0003-0105-0029,,,
"Kühnau, Reiner",1,2006,2006,0,,158,,,,https://mathscinet.ams.org/mathscinet/MRAuthorID/107555,https://zbmath.org/authors/kuehnau.reiner,https://www.mathgenealogy.org/id.php?id=105235,,,,
"Kříž, Igor",1,1994,1994,1,Annals of Mathematics: 1,116,,,http://www.math.lsa.umich.edu/~ikriz/,https://mathscinet.ams.org/mathscinet/MRAuthorID/106840,https://zbmath.org/authors/kriz.igor,https://www.mathgenealogy.org/id.php?id=52316,,,,
"Laaksonen, Niko",1,2022,2022,0,,8,"Alfréd Rényi Institute of Mathematics, POB 127, Budapest H-1364, Hungary",arXiv:2007.12143 (2020),,,https://zbmath.org/authors/laaksonen.niko,,,,,
"Labruère, Catherine",1,2001,2001,0,,5,"Laboratoire de Topologie, UMR 5584 du CNRS Université de Bourgogne, BP 47870 21078 Dijon Cedex, France",arXiv:math/9911063 (1999),,,https://zbmath.org/authors/labruere.catherine,,,,,
"Laca, Marcelo",1,2020,2020,0,,65,"Department of Mathematics and Statistics, University of Victoria, Victoria, BC V8W 3P4, Canada",arXiv:2503.03033 (2025),,,https://zbmath.org/authors/laca.marcelo,,,,,
"Ladegaillerie, Yves",1,1992,1992,0,,21,,,,,https://zbmath.org/authors/ladegaillerie.yves,,,,,
"Lafont, Yves",1,2003,2003,0,,27,,,,https://mathscinet.ams.org/mathscinet/MRAuthorID/109220,https://zbmath.org/authors/lafont.yves,https://www.mathgenealogy.org/id.php?id=95088,,,,
"Lahtinen, Anssi",1,2017,2017,0,,8,,,,https://mathscinet.ams.org/mathscinet/MRAuthorID/1000420,https://zbmath.org/authors/lahtinen.anssi,https://www.mathgenealogy.org/id.php?id=150448,https://orcid.org/0000-0002-3717-8609,,,
"Lai, Yi",1,2026,2026,0,,13,,,,,https://zbmath.org/authors/lai.yi,,,,,
"Lajoinie-Dodel, Hermès",1,2025,2025,0,,2,,,,,https://zbmath.org/authors/lajoinie-dodel.hermes,,,,,
"Lalley, Steven P.",1,2013,2013,0,,89,Purdue University,,,https://mathscinet.ams.org/mathscinet/MRAuthorID/109465,https://zbmath.org/authors/lalley.steven-p,https://www.mathgenealogy.org/id.php?id=21271,,https://en.wikipedia.org/wiki/Steven_Lalley,,ICM Invited Speaker (2006)
"Lam, Ping-Fun",1,1974,1974,0,,16,,,,,https://zbmath.org/authors/lam.ping-fun,,,,,
"Lam, Thomas F.",1,2015,2015,0,,122,,,http://www.math.lsa.umich.edu/~tfylam/,https://mathscinet.ams.org/mathscinet/MRAuthorID/679285,https://zbmath.org/authors/lam.thomas-f,https://www.mathgenealogy.org/id.php?id=34065,,,,ICM Invited Speaker (2026)
"Lambert-Cole, Peter",1,2020,2020,0,,25,,,,,https://zbmath.org/authors/lambert-cole.peter,,,,,
"Lamberto-Egan, Laffite",1,2024,2024,0,,1,,,,,https://zbmath.org/authors/lamberto-egan.laffite,,,,,
"Lamy, Stéphane",1,2019,2019,0,,30,"Institut de Mathématiques de Toulouse, Université de Toulouse, 118 route de Narbonne, F-31062 Toulouse Cedex 9",arXiv:2609.05655 (2026),http://math.univ-toulouse.fr/~slamy,https://mathscinet.ams.org/mathscinet/MRAuthorID/639771,https://zbmath.org/authors/lamy.stephane,https://www.mathgenealogy.org/id.php?id=87551,https://orcid.org/0000-0002-5489-0577,,,
"Landgraf, Jacob",1,2025,2025,0,,3,,,,,https://zbmath.org/authors/landgraf.jacob,,,,,
"Lang, Mong Lung",1,2023,2023,0,,59,,,,,https://zbmath.org/authors/lang.mong-lung,,,,,
"Larsen, Nadia S.",1,2024,2024,0,,46,,,,,https://zbmath.org/authors/larsen.nadia-s,,,,,
"Larson, Kyle",1,2018,2018,0,,11,,,,,https://zbmath.org/authors/larson.kyle,,,,,
"Lasheras, Francisco F.",1,2024,2024,0,,30,,,,,https://zbmath.org/authors/lasheras.francisco-f,,https://orcid.org/0000-0002-5945-5785,,,
"Lassonde, Robin M.",1,2012,2012,0,,1,,,,https://mathscinet.ams.org/mathscinet/MRAuthorID/978388,https://zbmath.org/authors/lassonde.robin-m,https://www.mathgenealogy.org/id.php?id=164742,,,,
"Lathouwers, Maarten",1,2025,2025,0,,6,"KU Leuven Kulak Kortrijk Campus, Kortrijk, Belgium, and funded by FWO PhD-fellowship fundamental research (file number: 1102424N)",arXiv:2410.18753 (2024),,,https://zbmath.org/authors/lathouwers.maarten,,,,,
"Lauda, Aaron D.",1,2024,2024,0,,60,,,,https://mathscinet.ams.org/mathscinet/MRAuthorID/753094,https://zbmath.org/authors/lauda.aaron-d,https://www.mathgenealogy.org/id.php?id=76408,https://orcid.org/0000-0003-0871-4932,,,
"Lauer, Joseph",1,2013,2013,0,,9,,,,,https://zbmath.org/authors/lauer.joseph,,,,,
"Laurence, Michael R.",1,1995,1995,0,,14,,,,https://mathscinet.ams.org/mathscinet/MRAuthorID/368104,https://zbmath.org/authors/laurence.michael-r,https://www.mathgenealogy.org/id.php?id=91068,,,,
"Laurie, Duncan",1,2026,2026,0,,4,"School of Mathematics and Maxwell Institute for Mathematical Sciences, University of Edinburgh, Peter Guthrie Tait Road, Edinburgh, EH9 3FD",arXiv:2503.08839 (2025),,,https://zbmath.org/authors/laurie.duncan,,,,,
"Lavers, T. G.",1,2004,2004,0,,7,,,,,https://zbmath.org/authors/lavers.t-g,,,,,
"Lavy, Omer",1,2021,2021,0,,2,,,,,https://zbmath.org/authors/lavy.omer,,,,,
"Lawrence, Ruth J.",1,1993,1993,0,,37,"Hebrew U., Israel",,http://www.ma.huji.ac.il/~ruthel/ https://www.ma.huji.ac.il/~ruthel/,https://mathscinet.ams.org/mathscinet/MRAuthorID/111080,https://zbmath.org/authors/lawrence.ruth-j,https://www.mathgenealogy.org/id.php?id=38613,,https://en.wikipedia.org/wiki/Ruth_Lawrence,,
"Lawson, Mark Verus",1,2020,2020,0,,107,"Department of Mathematics and the Maxwell Institute for Mathematical Sciences, Heriot-Watt University, Riccarton, Edinburgh EH14 4AS…",arXiv:2011.14335 (2020),http://www.ma.hw.ac.uk/~markl/,https://mathscinet.ams.org/mathscinet/MRAuthorID/111125,https://zbmath.org/authors/lawson.mark-verus,https://www.mathgenealogy.org/id.php?id=92693,https://orcid.org/0000-0001-8868-6796,,,
"Le Masson, Etienne",1,2021,2021,0,,9,"Laboratoire de Mathématiques AGM, UMR CNRS 8088, CY Cergy Paris Université, 2 Av. Adolphe Chauvin, 95302 Cergy-Pointoise Cedex, France",arXiv:2006.14935 (2020),,,https://zbmath.org/authors/le-masson.etienne,,,,,
"Le Prince, Vincent",1,2007,2007,0,,4,,,,,https://zbmath.org/authors/le-prince.vincent,,,,,
"Le, Giang",1,2019,2019,0,,16,,,,,https://zbmath.org/authors/le.giang,,,,,
"Le, Khanh Q.",1,2024,2024,0,,17,,,,,https://zbmath.org/authors/le.khanh-q,,,,,
"Lecuona, Ana G.",1,2018,2018,0,,19,,,,,https://zbmath.org/authors/lecuona.ana-g,,,,,
"Lee, Dami",1,2025,2025,0,,12,,,,,https://zbmath.org/authors/lee.dami,,,,,
"Lee, Dong Hoon",1,1980,1980,0,,27,"Pusan National U., Korea",,https://math.tulane.edu/~d-lee9/,https://mathscinet.ams.org/mathscinet/MRAuthorID/208173,https://zbmath.org/authors/lee.dong-hoon,https://www.mathgenealogy.org/id.php?id=30559,,,,
"Lee, Minju",1,2024,2024,0,,16,"Department of Mathematical Sciences, KAIST, Daejeon 34141, Korea",arXiv:2511.09377 (2025),,,https://zbmath.org/authors/lee.minju,,,,,
"Lee, Peter",1,2013,2013,0,,3,,,,,https://zbmath.org/authors/lee.peter.2,https://www.mathgenealogy.org/id.php?id=318220,,,,
"Lee, Ricky",1,2026,2026,0,,4,,,,,https://zbmath.org/authors/lee.ricky,,,,,
"Lee, Sang Youl",1,1999,1999,0,,62,,,,https://mathscinet.ams.org/mathscinet/MRAuthorID/615085,https://zbmath.org/authors/lee.sang-youl.1,https://www.mathgenealogy.org/id.php?id=99832,,,,
"Leguil, Martin",1,2020,2020,0,,22,,,,,https://zbmath.org/authors/leguil.martin,,,,,
"Lehnert, Ralf",1,2017,2017,0,,2,,,,,https://zbmath.org/authors/lehnert.ralf,,,,,
"Lehrer, Gustav Isaac",1,2003,2003,0,,112,,,http://sydney.edu.au/science/people/gustav.lehrer.php,,https://zbmath.org/authors/lehrer.gustav-isaac,,,,,
"Lei, Ziping",1,2025,2025,0,,5,"Department of Mathematical Sciences, Tsinghua University, Beijing, 100084, P.R. China",arXiv:2609.08856 (2026),,,https://zbmath.org/authors/lei.ziping,,,,,
"Leitner, Arielle",1,2020,2020,0,,13,"Afeka College of Engineering, 38 Mivtsa Hakadesh st, Tel Aviv, Israel",arXiv:2208.12247 (2022),http://arielleleitner.com/,https://mathscinet.ams.org/mathscinet/MRAuthorID/907776,https://zbmath.org/authors/leitner.arielle,https://www.mathgenealogy.org/id.php?id=193281,,,,
"Lemke Oliver, Robert J.",1,2023,2023,0,,41,"Department of Mathematics, University of Wisconsin-Madison, Madison, WI 53706, USA",arXiv:2608.22297 (2026),http://math.tufts.edu/faculty/rlemkeoliver/,https://mathscinet.ams.org/mathscinet/MRAuthorID/894148,https://zbmath.org/authors/lemke-oliver.robert-j,https://www.mathgenealogy.org/id.php?id=172476,,,,
"Lessa, Pablo",1,2018,2018,0,,20,,,http://www.pablolessa.com/,https://mathscinet.ams.org/mathscinet/MRAuthorID/956036,https://zbmath.org/authors/lessa.pablo,https://www.mathgenealogy.org/id.php?id=186756,,,,
"Lewanski, Danilo",1,2023,2023,0,,37,"D. L.: Sezione di Matematica, Dipartimento MIGe, Università degli studi di Trieste, via Valerio 12/1, 34127 Trieste (IT) & Istituto…",arXiv:2605.22236 (2026),https://sites.google.com/view/danilolewanski/,https://mathscinet.ams.org/mathscinet/MRAuthorID/1140181,https://zbmath.org/authors/lewanski.danilo,https://www.mathgenealogy.org/id.php?id=219198,https://orcid.org/0000-0002-9706-008X,,,
"Lewark, Lukas",1,2025,2025,0,,33,"Department of Mathematics, ETH Zurich, 8092 Zurich, Switzerland",arXiv:2606.30422 (2026),https://people.math.ethz.ch/~llewark/,https://mathscinet.ams.org/mathscinet/MRAuthorID/1064492,https://zbmath.org/authors/lewark.lukas,https://www.mathgenealogy.org/id.php?id=178469,https://orcid.org/0000-0002-1569-9219,,,
"Lewis, Robert H.",1,1985,1985,0,,25,,,,,https://zbmath.org/authors/lewis.robert-h,,,,,
"Lewis, Wayne",1,1981,1981,0,,52,,,,,https://zbmath.org/authors/lewis.wayne,,,,,
"León Álvarez, Porfirio L.",1,2025,2025,0,,10,"Instituto de Matemáticas, Universidad Nacional Autónoma de México. Oaxaca de Juárez, Oaxaca, México 68000",arXiv:2609.22505 (2026),https://sites.google.com/view/porfrio-l-len-lvarez/,,https://zbmath.org/authors/leon-alvarez.porfirio-l,,,,,
"Li, Banghe",1,2000,2000,0,,114,,,,,https://zbmath.org/authors/li.banghe,,,,,
"Li, Boyu",1,2020,2020,0,,22,,,https://sites.google.com/site/boyulimath/boyu-li,,https://zbmath.org/authors/li.boyu,,https://orcid.org/0000-0003-2484-1851,,,
"Li, Fang",1,2026,2026,0,,154,,,,,https://zbmath.org/authors/li.fang,,,,,
"Li, Fengling",1,2016,2016,0,,49,"School of Mathematical Sciences, Dalian University of Technology, Dalian 116024, P. R. China",arXiv:2608.20624 (2026),https://faculty.dlut.edu.cn/2010015021/en/jsxx/689441/jsxx/jsxx.htm,,https://zbmath.org/authors/li.fengling,,,,,
"Li, Guoqiang",1,2018,2018,0,,43,,,,,https://zbmath.org/authors/li.guoqiang.2,,,,,
"Li, Hanfeng",1,2013,2013,0,,86,,,,https://mathscinet.ams.org/mathscinet/MRAuthorID/722269,https://zbmath.org/authors/li.hanfeng,https://www.mathgenealogy.org/id.php?id=65155,,,,
"Li, Jiakai",1,2020,2020,0,,6,,,,,https://zbmath.org/authors/li.jiakai.1,,,,,
"Li, Jialun",1,2024,2024,0,,17,,,https://jialunli.com/,,https://zbmath.org/authors/li.jialun.1,https://www.mathgenealogy.org/id.php?id=242709,https://orcid.org/0000-0002-8034-2910,,,
"Li, Sean",1,2010,2010,0,,35,,,,,https://zbmath.org/authors/li.sean,,,,,
"Li, Siran",1,2021,2021,0,,59,Shanghai Jiao Tong University,,https://siranlivictor.wixsite.com/maths,,https://zbmath.org/authors/li.siran,https://www.mathgenealogy.org/id.php?id=220184,https://orcid.org/0000-0003-4283-273X,,,
"Li, Tian-Jun",1,2012,2012,0,,77,,,https://cse.umn.edu/math/tian-jun-li,https://mathscinet.ams.org/mathscinet/MRAuthorID/358138,https://zbmath.org/authors/li.tian-jun,https://www.mathgenealogy.org/id.php?id=36761,,,,
"Li, Wanlin",1,2024,2024,0,,22,,,,,https://zbmath.org/authors/li.wanlin,,,,,
"Li, Wu",1,2018,2018,0,,27,,,,,https://zbmath.org/authors/li.wu,,,,,
"Li, Xingzhe",1,2022,2022,0,,7,,,,,https://zbmath.org/authors/li.xingzhe,,,,,
"Li, Yannan",1,2007,2007,0,,22,,,,,https://zbmath.org/authors/li.yannan,,,,,
"Li, Yuanlin",1,2002,2002,0,,112,,,http://spartan.ac.brocku.ca/~yli/,https://mathscinet.ams.org/mathscinet/MRAuthorID/267434,https://zbmath.org/authors/li.yuanlin,https://www.mathgenealogy.org/id.php?id=47136,,,,
"Li, Zhenkun",1,2024,2024,0,,34,"Academy of Mathematics and Systems Science, Chinese Academy of Sciences",arXiv:2512.24206 (2025),,,https://zbmath.org/authors/li.zhenkun,,,,,
"Li, Zhongyang",1,2017,2017,0,,57,University of Connecticut,,https://math.uconn.edu/person/zhongyang-li/#,https://mathscinet.ams.org/mathscinet/MRAuthorID/936293,https://zbmath.org/authors/li.zhongyang,https://www.mathgenealogy.org/id.php?id=181548,,,,
"Liang, Liang",1,2016,2016,0,,43,,,,,https://zbmath.org/authors/liang.liang.1,,,,,
"Liang, Zhen",1,2021,2021,0,,10,,,,,https://zbmath.org/authors/liang.zhen,,,,,
"Libedinsky, Nicolas",1,2014,2014,0,,27,"Departamento de Matemáticas, Universidad de Chile, Chile",arXiv:2601.01235 (2026),,https://mathscinet.ams.org/mathscinet/MRAuthorID/847675,https://zbmath.org/authors/libedinsky.nicolas,https://www.mathgenealogy.org/id.php?id=132224,,,,
"Libgober, Anatoly S.",1,1989,1989,1,Inventiones Mathematicae: 1,107,,,,https://mathscinet.ams.org/mathscinet/MRAuthorID/113710,https://zbmath.org/authors/libgober.anatoly-s,https://www.mathgenealogy.org/id.php?id=38164,,https://en.wikipedia.org/wiki/Anatoly_Libgober,,
"Lidman, Tye",1,2026,2026,0,,60,,,,,https://zbmath.org/authors/lidman.tye,,,,,
"Lien, Magnhild",1,1986,1986,0,,4,,,,,https://zbmath.org/authors/lien.magnhild,,,,,
"Linch, Michele",1,1974,1974,0,,1,,,,,https://zbmath.org/authors/linch.michele,,,,,
"Lindell, Erik",1,2025,2025,0,,7,,,,,https://zbmath.org/authors/lindell.erik,,,,,
"Lindsey, Kathryn A.",1,2015,2015,0,,20,,,https://www.kathrynlindsey.com/,https://mathscinet.ams.org/mathscinet/MRAuthorID/842785,https://zbmath.org/authors/lindsey.kathryn-a,https://www.mathgenealogy.org/id.php?id=186420,,,,
"Linowitz, Benjamin",1,2018,2018,0,,36,,,https://www2.oberlin.edu/faculty/blinowit/,https://mathscinet.ams.org/mathscinet/MRAuthorID/896775,https://zbmath.org/authors/linowitz.benjamin,https://www.mathgenealogy.org/id.php?id=164710,,,,
"Lion, Jean-Marie",1,1994,1994,0,,29,,,,,https://zbmath.org/authors/lion.jean-marie,,,,,
"Liousse, Isabelle",1,2001,2001,0,,26,,,,,https://zbmath.org/authors/liousse.isabelle,,,,,
"Lioutikova, Ekaterina",1,1999,1999,0,,4,,,,,https://zbmath.org/authors/lioutikova.ekaterina,,,,,
"Litherland, Richard A.",1,1994,1994,0,,24,,,https://www.math.lsu.edu/~lither/,https://mathscinet.ams.org/mathscinet/MRAuthorID/114770,https://zbmath.org/authors/litherland.richard-a,https://www.mathgenealogy.org/id.php?id=77134,,,,
"Liu, Gang",1,2013,2013,1,Inventiones Mathematicae: 1,25,,,https://math.ecnu.edu.cn/~gliu/intro_c.html?language=2&id=221,https://mathscinet.ams.org/mathscinet/MRAuthorID/871185,https://zbmath.org/authors/liu.gang,https://www.mathgenealogy.org/id.php?id=175871,,,,ICM Invited Speaker (2022)
"Liu, Tailiang",1,2026,2026,0,,5,,,,,https://zbmath.org/authors/liu.tailiang,,,,,
"Liu, Xueping",1,2022,2022,0,,4,,,,,https://zbmath.org/authors/liu.xueping,,,,,
"Liu, Ye",1,2018,2018,0,,16,,,,,https://zbmath.org/authors/liu.ye,https://www.mathgenealogy.org/id.php?id=310431,https://orcid.org/0000-0002-3972-5880,,,
"Liu, Yijia",1,2021,2021,0,,14,,,,,https://zbmath.org/authors/liu.yijia,,,,,
"Livernet, Muriel",1,2003,2003,0,,38,,,,https://mathscinet.ams.org/mathscinet/MRAuthorID/627797,https://zbmath.org/authors/livernet.muriel,https://www.mathgenealogy.org/id.php?id=56061,,,,
"Livingston, Charles",1,1986,1986,0,,109,Indiana University Bloomington,,https://math.indiana.edu/about/emeriti/livingston-charles.html,https://mathscinet.ams.org/mathscinet/MRAuthorID/193092,https://zbmath.org/authors/livingston.charles,https://www.mathgenealogy.org/id.php?id=22697,,https://en.wikipedia.org/wiki/Charles_Livingston_(mathematician),,
"Llibre, Jaume",1,1993,1993,0,,1320,Autonomous University of Barcelona,,https://www.gsd.uab.cat/people?controller=member&view=member&id=26&slug=jaume,https://mathscinet.ams.org/mathscinet/MRAuthorID/115015,https://zbmath.org/authors/llibre.jaume,https://www.mathgenealogy.org/id.php?id=53500,https://orcid.org/0000-0002-9511-5999,,,
"Lobb, Andrew J.",1,2023,2023,1,Inventiones Mathematicae: 1,32,"Mathematical Sciences, Durham University, UK",arXiv:2604.17116 (2026),https://maths.dur.ac.uk/users/andrew.lobb/,https://mathscinet.ams.org/mathscinet/MRAuthorID/880907,https://zbmath.org/authors/lobb.andrew-j,https://www.mathgenealogy.org/id.php?id=108718,https://orcid.org/0000-0003-1874-852X,,,
"Lochmann, Alexander",1,2015,2015,0,,5,,,,,https://zbmath.org/authors/lochmann.alexander,,,,,
"Lohrey, Markus",1,2024,2024,0,,187,,,https://www.eti.uni-siegen.de/ti/mitarbeiter/lohrey/,https://mathscinet.ams.org/mathscinet/MRAuthorID/638211,https://zbmath.org/authors/lohrey.markus,https://www.mathgenealogy.org/id.php?id=62606,https://orcid.org/0000-0002-4680-7198,,,
"Long, Adele",1,2025,2025,0,,2,"Smith College 1 Chapin Way Unit 8281 Northampton, MA 01063",arXiv:2108.04872 (2021),,,https://zbmath.org/authors/long.adele,,,,,
"Long, Cormac D.",1,2013,2013,0,,2,,,,,https://zbmath.org/authors/long.cormac-d,,,,,
"Lopes, Lucas Correa",1,2025,2025,0,,4,"Universidade Federal de Minas Gerais, Departamento de Matemática, 31270-901 Belo Horizonte, Brazil",arXiv:2607.23875 (2026),,,https://zbmath.org/authors/lopes.lucas-correa,,,,,
"Loray, Frank",1,2009,2009,0,,68,Délégation Bretagne et Pays de la Loire,,https://perso.univ-rennes1.fr/frank.loray/,https://mathscinet.ams.org/mathscinet/MRAuthorID/349811,https://zbmath.org/authors/loray.frank,https://www.mathgenealogy.org/id.php?id=74095,https://orcid.org/0000-0003-2393-7974,,,
"Lorensen, Karl",1,2024,2024,0,,20,,,,https://mathscinet.ams.org/mathscinet/MRAuthorID/628748,https://zbmath.org/authors/lorensen.karl,https://www.mathgenealogy.org/id.php?id=58526,,,,
"Lorenz, Aidan A.",1,2024,2024,0,,2,,,,,https://zbmath.org/authors/lorenz.aidan-a,,,,,
"Lorman, Jenavie",1,2025,2025,0,,1,,,,,https://zbmath.org/authors/lorman.jenavie,,,,,
"Los, Jérôme E.",1,1997,1997,1,Publications Mathématiques de l'IHÉS: 1,32,,,,,https://zbmath.org/authors/los.jerome-e,,,,,
"Loukidou, Ino",1,2026,2026,0,,3,"University of Chicago Chicago, Ill 60637 USA",arXiv:2609.03838 (2026),,,https://zbmath.org/authors/loukidou.ino,,,,,
"Loustau, Brice",1,2021,2021,0,,8,,,,https://mathscinet.ams.org/mathscinet/MRAuthorID/1100659,https://zbmath.org/authors/loustau.brice,https://www.mathgenealogy.org/id.php?id=174808,,,,
"Lu, Ning",1,1992,1992,0,,49,,,,,https://zbmath.org/authors/lu.ning,,,,,
"Lu, Qin",1,2002,2002,0,,6,,,https://sites.lafayette.edu/luq/,https://mathscinet.ams.org/mathscinet/MRAuthorID/671776,https://zbmath.org/authors/lu.qin,https://www.mathgenealogy.org/id.php?id=35714,,,,
"Lubetzky, Eyal",1,2021,2021,0,,98,New York University,,,https://mathscinet.ams.org/mathscinet/MRAuthorID/787713,https://zbmath.org/authors/lubetzky.eyal,https://www.mathgenealogy.org/id.php?id=117222,,,Rollo Davidson Prize (2013),
"Lucia, Marcello",1,2023,2023,0,,54,"Mathematics Department, College of Staten Island, City University of New York, Staten Island NY 10314, USA",arXiv:2602.18289 (2026),,https://mathscinet.ams.org/mathscinet/MRAuthorID/643922,https://zbmath.org/authors/lucia.marcello,https://www.mathgenealogy.org/id.php?id=186540,,,,
"Luecke, John",1,2013,2013,0,,28,"Department of Mathematics, University of Texas, Austin Austin, TX 78712",arXiv:2106.08485 (2021),,,https://zbmath.org/authors/luecke.john,,,,,ICM Invited Speaker (1994)
"Luke, R.",1,1972,1972,0,,1,,,,,https://zbmath.org/authors/luke.r,,,,,
"Lukina, Olga",1,2023,2023,0,,35,"Mathematical Institute, Leiden University, P.O. Box 9512, 2300 RA Leiden, The Netherlands ORCID: 0000-0001-8845-3618",arXiv:2507.05033 (2025),https://sites.google.com/view/olgalukina,https://mathscinet.ams.org/mathscinet/MRAuthorID/856848,https://zbmath.org/authors/lukina.olga,https://www.mathgenealogy.org/id.php?id=128855,,,,
"Lumsden, E.",1,1992,1992,1,Inventiones Mathematicae: 1,1,,,,,https://zbmath.org/authors/lumsden.e,,,,,
"Luo, Jun Jason",1,2019,2019,0,,24,,,,https://mathscinet.ams.org/mathscinet/MRAuthorID/907641,https://zbmath.org/authors/luo.jun-jason,https://www.mathgenealogy.org/id.php?id=167530,,,,
"Lusztig, George",1,1996,1996,0,,336,Massachusetts Institute of Technology,,,https://mathscinet.ams.org/mathscinet/MRAuthorID/117100,https://zbmath.org/authors/lusztig.george,https://www.mathgenealogy.org/id.php?id=1281,,https://en.wikipedia.org/wiki/George_Lusztig,Berwick Prize (1977); Shaw Prize (2014); Wolf Prize (2022); Fellow of the Royal Society,"ICM Plenary Speaker (1990); ICM Invited Speaker (1974, 1983)"
"Lutowski, Rafał",1,2018,2018,0,,25,"Institute of Mathematics, Physics and Informatics, University of Gdańsk, ul. Wita Stwosza 57, 80-308 Gdańsk, Poland",arXiv:2601.09622 (2026),,,https://zbmath.org/authors/lutowski.rafal,,https://orcid.org/0000-0003-4067-458X,,,
"Lynch, Alison Gordon",1,2013,2013,0,,3,,,,,https://zbmath.org/authors/lynch.alison-gordon,,https://orcid.org/0000-0002-4450-760X,,,
"Lyubich, Mikhail",1,2018,2018,0,,143,,,http://www.math.stonybrook.edu/~mlyubich/,https://mathscinet.ams.org/mathscinet/MRAuthorID/189401,https://zbmath.org/authors/lyubich.mikhail,https://www.mathgenealogy.org/id.php?id=15012,https://orcid.org/0000-0001-8330-4568,https://en.wikipedia.org/wiki/Mikhail_Lyubich,,ICM Plenary Speaker (2014); ICM Invited Speaker (1994)
"Lyzzaik, Abdallah",1,1991,1991,0,,54,,,,https://mathscinet.ams.org/mathscinet/MRAuthorID/117325,https://zbmath.org/authors/lyzzaik.abdallah,https://www.mathgenealogy.org/id.php?id=9867,,,,
"López de Medrano, Santiago",1,2022,2022,0,,56,National Autonomous University of Mexico,,,https://mathscinet.ams.org/mathscinet/MRAuthorID/259102,https://zbmath.org/authors/lopez-de-medrano.santiago,https://www.mathgenealogy.org/id.php?id=1414,,https://en.wikipedia.org/wiki/Santiago_L%C3%B3pez_de_Medrano,,
"Lönne, Michael",1,2016,2016,0,,41,,,,https://mathscinet.ams.org/mathscinet/MRAuthorID/629400,https://zbmath.org/authors/lonne.michael,https://www.mathgenealogy.org/id.php?id=27730,,,,
"Lüdde, Mirko",1,1996,1996,0,,8,,,,,https://zbmath.org/authors/ludde.mirko,,,,,
"Ma, Xiaoguang",1,2011,2011,0,,22,,,,,https://zbmath.org/authors/ma.xiaoguang,,,,,
"Maass, Alejandro",1,2024,2024,0,,79,"Departamento de Ingeniería Matemática, Centro de Modelamiento Matemático and Millennium Institute Center for Genome Regulation, Santiago…",arXiv:2607.16830 (2026),http://www.dim.uchile.cl/~amaass/,https://mathscinet.ams.org/mathscinet/MRAuthorID/315077,https://zbmath.org/authors/maass.alejandro,https://www.mathgenealogy.org/id.php?id=90943,https://orcid.org/0000-0002-7038-4527,,,
"Mac Lane, Leslie Saunders",1,1948,1948,0,,236,,,,https://mathscinet.ams.org/mathscinet/MRAuthorID/117515,https://zbmath.org/authors/mac-lane.saunders,https://www.mathgenealogy.org/id.php?id=834,,https://en.wikipedia.org/wiki/Saunders_Mac_Lane,Steele Prize (1986),
"MacDonald, Jeremy",1,2016,2016,0,,5,,,,,https://zbmath.org/authors/macdonald.jeremy,,,,,
"MacManus, Joseph Paul",1,2026,2026,0,,12,,,,,https://zbmath.org/authors/macmanus.joseph-paul,,,,,
"Macasieb, Melissa L.",1,2011,2011,0,,3,"Department of Mathematics, Mathematics Building, University of Maryland, College Park, MD 20742",arXiv:0902.2195 (2009),,,https://zbmath.org/authors/macasieb.melissa-l,,,,,
"Macbeath, A. Murray",1,1975,1975,0,,49,University of Warwick,,,https://mathscinet.ams.org/mathscinet/MRAuthorID/198079,https://zbmath.org/authors/macbeath.a-murray,https://www.mathgenealogy.org/id.php?id=24339,,https://en.wikipedia.org/wiki/Alexander_Murray_MacBeath,,
"Machi, Antonio",1,1999,1999,0,,33,,,,,https://zbmath.org/authors/machi.antonio,,,,,
"Machigashira, Yoshiroh",1,1993,1993,0,,13,,,,,https://zbmath.org/authors/machigashira.yoshiroh,,,,,
"Magid, Andy Roy",1,1978,1978,0,,108,University of Oklahoma,,,https://mathscinet.ams.org/mathscinet/MRAuthorID/118000,https://zbmath.org/authors/magid.andy-r,https://www.mathgenealogy.org/id.php?id=3944,,https://en.wikipedia.org/wiki/Andy_Magid,,
"Makover, Eran",1,2024,2024,0,,18,,,,,https://zbmath.org/authors/makover.eran,,,,,
"Malbos, Philippe",1,2015,2015,0,,36,"Université Claude Bernard Lyon 1, CNRS, Institut Camille Jordan, UMR5208, Villeurbanne, 69622 Cedex, France",arXiv:2305.03357 (2023),http://math.univ-lyon1.fr/homes-www/malbos/,https://mathscinet.ams.org/mathscinet/MRAuthorID/733375,https://zbmath.org/authors/malbos.philippe,https://www.mathgenealogy.org/id.php?id=83017,,,,
"Malikov, Fyodor",1,1998,1998,0,,48,University of Southern California,,,,https://zbmath.org/authors/malikov.fyodor,https://www.mathgenealogy.org/id.php?id=42032,,,,
"Malle, Gunter",1,1998,1998,0,,196,University of Kaiserslautern,,https://agag-malle.math.rptu.de/~malle/de/index.html,https://mathscinet.ams.org/mathscinet/MRAuthorID/225462,https://zbmath.org/authors/malle.gunter,https://www.mathgenealogy.org/id.php?id=57694,,https://en.wikipedia.org/wiki/Gunter_Malle,,ICM Invited Speaker (1998)
"Mallick, Abhishek",1,2026,2026,0,,18,"Department of Mathematics, Dartmouth College, 29 N Main St, Hanover, New Hampshire, 03755, USA",arXiv:2606.05819 (2026),,,https://zbmath.org/authors/mallick.abhishek,,,,,
"Malone, Joseph J. jun.",1,1983,1983,0,,28,,,,,https://zbmath.org/authors/malone.joseph-j-jun,,,,,
"Maltoni, Leonardo",1,2024,2024,0,,3,,,,,https://zbmath.org/authors/maltoni.leonardo,,,,,
"Mandelbaum, Richard",1,1973,1973,0,,25,,,,,https://zbmath.org/authors/mandelbaum.richard,,,,,
"Mangolte, Frédéric",1,2005,2005,0,,42,,,,,https://zbmath.org/authors/mangolte.frederic,,,,,
"Mangum, Brian S.",1,2001,2001,0,,6,Columbia U.,,https://www.math.columbia.edu/~mangum/,,https://zbmath.org/authors/mangum.brian-s,,,,,
"Manin, Fedor",1,2022,2022,0,,26,,,,,https://zbmath.org/authors/manin.fedor,,,,,
"Manin, Yuriĭ Ivanovich",1,2004,2004,0,,371,,,http://www.mpim-bonn.mpg.de/node/99,https://mathscinet.ams.org/mathscinet/MRAuthorID/190766,https://zbmath.org/authors/manin.yurii-ivanovich,https://www.mathgenealogy.org/id.php?id=44207,,https://en.wikipedia.org/wiki/Yuri_Manin,Nemmers Prize (1994); Rolf Schock Prize (1999); Cantor Medal (2002); King Faisal Prize (2002),"ICM Invited Speaker (1986, 1990)"
"Manolescu, Ioan",1,2019,2019,0,,31,University of Fribourg,,http://homeweb.unifr.ch/manolesc/Pub/ https://homeweb.unifr.ch/manolesc/Pub/,https://mathscinet.ams.org/mathscinet/MRAuthorID/1033963,https://zbmath.org/authors/manolescu.ioan,https://www.mathgenealogy.org/id.php?id=169928,,,Rollo Davidson Prize (2021),
"Marco-Buzunáriz, Miguel A.",1,2005,2005,0,,23,,,https://riemann.unizar.es/~mmarco/,,https://zbmath.org/authors/marco-buzunariz.miguel-a,,,,,
"Margulis, Grigoriĭ Aleksandrovich",1,2014,2014,0,,140,Yale University,,,https://mathscinet.ams.org/mathscinet/MRAuthorID/196455,https://zbmath.org/authors/margulis.gregory-a,https://www.mathgenealogy.org/id.php?id=15062,,https://en.wikipedia.org/wiki/Grigory_Margulis,Fields Medal (1978); Wolf Prize (2005); Abel Prize (2020),ICM Plenary Speaker (1990)
"Maria, Clément",1,2019,2019,0,,29,,,http://www-sop.inria.fr/members/Clement.Maria/,https://mathscinet.ams.org/mathscinet/MRAuthorID/1013015,https://zbmath.org/authors/maria.clement,https://www.mathgenealogy.org/id.php?id=214768,,,,
"Mark, Alice",1,2022,2022,0,,7,"Vanderbilt University Department of mathematics Nashville, TN 37240, U.S.A",arXiv:2303.16569 (2023),,,https://zbmath.org/authors/mark.alice,,,,,
"Marley, Zoe",1,2026,2026,0,,1,,,,,https://zbmath.org/authors/marley.zoe,,,,,
"Marques, Fernando Codá",1,2026,2026,0,,54,Princeton University Fine Hall Princeton NJ 08544 USA,arXiv:2608.15376 (2026),https://www.math.princeton.edu/directory/fernando-cod%C3%A1-marques https://www.math.princeton.edu/directory/fernando-coda-marques,https://mathscinet.ams.org/mathscinet/MRAuthorID/689130,https://zbmath.org/authors/marques.fernando-coda,https://www.mathgenealogy.org/id.php?id=77942,https://orcid.org/0000-0003-1698-6735,https://en.wikipedia.org/wiki/Fernando_Cod%C3%A1_Marques,ICTP Ramanujan Prize (2012); Veblen Prize (2016); Fermat Prize (2021),ICM Plenary Speaker (2014); ICM Invited Speaker (2010)
"Marquis, Timothée",1,2020,2020,0,,26,"U. Catholique de Louvain, Belgium",,https://perso.uclouvain.be/timothee.marquis/intro.htm,https://mathscinet.ams.org/mathscinet/MRAuthorID/857150,https://zbmath.org/authors/marquis.timothee,https://www.mathgenealogy.org/id.php?id=173569,https://orcid.org/0000-0003-0541-8302,,,
"Marshall, Timothy H.",1,2012,2012,1,Annals of Mathematics: 1,24,,,,,https://zbmath.org/authors/marshall.timothy-h,,,,,
"Martel, Jules",1,2022,2022,0,,10,,,,,https://zbmath.org/authors/martel.jules,,,,,
"Martens, Johan",1,2017,2017,0,,15,,,,,https://zbmath.org/authors/martens.johan,,,,,
"Martin, Paul Purdon",1,2023,2023,0,,103,"1 School of Mathematics, University of Leeds",arXiv:2609.38290 (2026),https://www.maths.leeds.ac.uk/index.php?id=263&uid=1049,,https://zbmath.org/authors/martin.paul-purdon,,https://orcid.org/0000-0002-8141-9465,,,
"Martin-Baillon, Florestan",1,2024,2024,0,,6,,,,,https://zbmath.org/authors/martin-baillon.florestan,,,,,
"Martinchich, Santiago",1,2026,2026,0,,6,"IESTA, Universidad de la República, Uruguay",arXiv:2504.03425 (2025),,,https://zbmath.org/authors/martinchich.santiago,,,,,
"Martineau, R. Patrick",1,1971,1971,0,,11,,,,https://mathscinet.ams.org/mathscinet/MRAuthorID/495923,https://zbmath.org/authors/martineau.r-patrick,https://www.mathgenealogy.org/id.php?id=14158,,,,
"Martinez Garcia, Ernesto",1,2002,2002,0,,51,,,https://www.uned.es/universidad/docentes/en/ciencias/ernesto-martinez-garcia.html,,https://zbmath.org/authors/martinez.ernesto,https://www.mathgenealogy.org/id.php?id=137987,,,,
"Martino, André",1,2004,2004,0,,2,,,,,https://zbmath.org/authors/martino.andre,,,,,
"Marty, Théo",1,2022,2022,0,,10,,,https://marty-theo.gitlab.io/math/,,https://zbmath.org/authors/marty.theo,https://www.mathgenealogy.org/id.php?id=291219,,,,
"Martínez, Diego",1,2025,2025,1,Publications Mathématiques de l'IHÉS: 1,17,,,https://diego-mmg.github.io/,,https://zbmath.org/authors/martinez.diego,,,,,
"Martínez, Matilde",1,2018,2018,0,,15,"Instituto de Matemática y Estadística Rafael Laguardia, Facultad de Ingeniería, Universidad de la República, J.Herrera y Reissig 565…",arXiv:2605.14740 (2026),,,https://zbmath.org/authors/martinez.matilde,https://www.mathgenealogy.org/id.php?id=97043,,,,
"Maruyama, Shuhei",1,2025,2025,0,,27,"School of Mathematics and Physics, College of Science and Engineering, Kanazawa University, Kakuma-machi, Kanazawa, Ishikawa, 920-1192…",arXiv:2605.19843 (2026),,,https://zbmath.org/authors/maruyama.shuhei,,,,,
"Marx, Morris L.",1,1980,1980,0,,17,,,,https://mathscinet.ams.org/mathscinet/MRAuthorID/301106,https://zbmath.org/authors/marx.morris-l,https://www.mathgenealogy.org/id.php?id=631,,,,
"Massey, William S.",1,1974,1974,0,,56,,,,https://mathscinet.ams.org/mathscinet/MRAuthorID/121090,https://zbmath.org/authors/massey.william-s,https://www.mathgenealogy.org/id.php?id=8594,,https://en.wikipedia.org/wiki/William_S._Massey,,
"Masumoto, Makoto",1,2000,2000,0,,33,,,,,https://zbmath.org/authors/masumoto.makoto,,,,,
"Mateljević, Miodrag S.",1,2000,2000,0,,118,,,,https://mathscinet.ams.org/mathscinet/MRAuthorID/121210,https://zbmath.org/authors/mateljevic.miodrag-s,https://www.mathgenealogy.org/id.php?id=53865,https://orcid.org/0000-0002-9226-0023,,,
"Mather, John N.",1,1979,1979,0,,82,,,,https://mathscinet.ams.org/mathscinet/MRAuthorID/121245,https://zbmath.org/authors/mather.john-n,https://www.mathgenealogy.org/id.php?id=22445,,https://en.wikipedia.org/wiki/John_N._Mather,,"ICM Invited Speaker (1974, 1986)"
"Matkovič, Irena",1,2023,2023,0,,10,,,,,https://zbmath.org/authors/matkovic.irena,,,,,
"Matoušek, Jiří",1,2016,2016,0,,239,,,http://kam.mff.cuni.cz/~matousek/,https://mathscinet.ams.org/mathscinet/MRAuthorID/121360,https://zbmath.org/authors/matousek.jiri,https://www.mathgenealogy.org/id.php?id=180522,,https://en.wikipedia.org/wiki/Ji%C5%99%C3%AD_Matou%C5%A1ek_(mathematician),EMS Prize (1996),ICM Invited Speaker (1998)
"Matsumoto, Kengo",1,2017,2017,0,,124,,,https://www.juen.ac.jp/math/matsumoto/matsumoto_eng.html,,https://zbmath.org/authors/matsumoto.kengo,,,,,
"Matsumoto, Shigenori",1,2021,2021,0,,77,,,http://kenkyu-web.cin.nihon-u.ac.jp/Profiles/40/0003901/prof_e.html,,https://zbmath.org/authors/matsumoto.shigenori,,,,,
"Matsushita, Takahiro",1,2025,2025,0,,42,"Department of Mathematical Sciences, Shinshu University, Matsumoto, Nagano 390-8621, Japan",arXiv:2605.19843 (2026),,,https://zbmath.org/authors/matsushita.takahiro,,,,,
"Matthews, Charles Allen",1,2004,2004,0,,3,,,,https://mathscinet.ams.org/mathscinet/MRAuthorID/680639,https://zbmath.org/authors/matthews.charles-a,https://www.mathgenealogy.org/id.php?id=24039,,,,
"Matthey, Michel",1,2009,2009,0,,18,,,,,https://zbmath.org/authors/matthey.michel,,,,,
"Mattman, Thomas W.",1,2009,2009,0,,51,"Department of Mathematics and Statistics, California State University, Chico, Chico CA 95929-0525, USA",arXiv:2609.08891 (2026),,,https://zbmath.org/authors/mattman.thomas-w,,,,,
"Matui, Hiroki",1,2017,2017,0,,51,"Graduate School of Mathematical Sciences, The University of Tokyo, Japan",arXiv:2609.33118 (2026),,,https://zbmath.org/authors/matui.hiroki,,,,,
"Matzat, Bernd Heinrich",1,1991,1991,0,,39,Heidelberg University,,,https://mathscinet.ams.org/mathscinet/MRAuthorID/121570,https://zbmath.org/authors/matzat.bernd-heinrich,https://www.mathgenealogy.org/id.php?id=29292,,,,
"McCallum, William G.",1,2003,2003,0,,28,University of Arizona,,,https://mathscinet.ams.org/mathscinet/MRAuthorID/122085,https://zbmath.org/authors/mccallum.william-g,https://www.mathgenealogy.org/id.php?id=22512,,https://en.wikipedia.org/wiki/William_G._McCallum,,
"McCarthy, Donald J.",1,1970,1970,0,,12,,,,,https://zbmath.org/authors/mccarthy.donald-j,,,,,
"McLellan, Brendan",1,2017,2017,0,,5,,,,,https://zbmath.org/authors/mclellan.brendan,,,,,
"Mecham, Taralee",1,2009,2009,0,,1,"Dept. of Mathematics University of Oklahoma Norman, OK 73019 USA",arXiv:0806.1015 (2008),,https://mathscinet.ams.org/mathscinet/MRAuthorID/885431,https://zbmath.org/authors/mecham.taralee,https://www.mathgenealogy.org/id.php?id=138513,,,,
"Medynets, Kostya",1,2017,2017,0,,5,,,,,https://zbmath.org/authors/medynets.kostya,,,,,
"Mei, Tao",1,2017,2017,0,,55,,,,,https://zbmath.org/authors/mei.tao,,,,,
"Meier, Jeffrey",1,2014,2014,0,,31,,,,https://mathscinet.ams.org/mathscinet/MRAuthorID/849257,https://zbmath.org/authors/meier.jeffrey,https://www.mathgenealogy.org/id.php?id=185678,,,,
"Meinert, Sebastian",1,2015,2015,0,,2,"Freie Universität Berlin, Institut für Mathematik, Arnimallee 7, 14195 Berlin, Germany",arXiv:1312.1829 (2013),,https://mathscinet.ams.org/mathscinet/MRAuthorID/1106672,https://zbmath.org/authors/meinert.sebastian,https://www.mathgenealogy.org/id.php?id=185960,,,,
"Meixner, Thomas",1,1993,1993,0,,46,,,,https://mathscinet.ams.org/mathscinet/MRAuthorID/123235,https://zbmath.org/authors/meixner.thomas,https://www.mathgenealogy.org/id.php?id=51325,,,,
"Melby, Joseph M.",1,2026,2026,0,,5,,,,,https://zbmath.org/authors/melby.joseph-m,,,,,
"Mellit, Anton S.",1,2021,2021,0,,55,,,https://www.mellit.org/,,https://zbmath.org/authors/mellit.anton-s,https://www.mathgenealogy.org/id.php?id=148716,https://orcid.org/0000-0003-1287-4728,,,ICM Invited Speaker (2026)
"Melnikov, Alexander G.",1,2024,2024,0,,83,"Victoria University of Wellington, New Zealand",arXiv:2508.06187 (2025),http://www.massey.ac.nz/~amelniko/index.html https://homepages.ecs.vuw.ac.nz/~melnikal/,https://mathscinet.ams.org/mathscinet/MRAuthorID/878230,https://zbmath.org/authors/melnikov.alexander-g,https://www.mathgenealogy.org/id.php?id=166763,https://orcid.org/0000-0001-8781-7432,,,
"Melrose, Richard Burt",1,2019,2019,0,,126,"Department of Mathematics, Massachusetts Institute of Technology",arXiv:2311.16971 (2023),,https://mathscinet.ams.org/mathscinet/MRAuthorID/123405,https://zbmath.org/authors/melrose.richard-b,https://www.mathgenealogy.org/id.php?id=29287,,https://en.wikipedia.org/wiki/Richard_Burt_Melrose,Bôcher Prize (1984),ICM Plenary Speaker (1990)
"Melvin, Paul M.",1,2017,2017,0,,36,Bryn Mawr College,,http://www.brynmawr.edu/math/people/melvin/ https://pmelvin.blogs.brynmawr.edu/,https://mathscinet.ams.org/mathscinet/MRAuthorID/123430,https://zbmath.org/authors/melvin.paul-m,https://www.mathgenealogy.org/id.php?id=23938,,,,
"Menegazzo, Federico",1,1985,1985,0,,40,,,,,https://zbmath.org/authors/menegazzo.federico,,,,,
"Menichi, Luc",1,2012,2012,0,,20,,,,,https://zbmath.org/authors/menichi.luc,,,,,
"Mercier, Valentin",1,2023,2023,0,,6,,,,,https://zbmath.org/authors/mercier.valentin,,,,,
"Mesbah, Abderrahim",1,2026,2026,0,,6,,,,,https://zbmath.org/authors/mesbah.abderrahim,,,,,
"Mess, Geoffrey",1,1991,1991,1,Journal of the American Mathematical Society: 1,11,"University of California, Los Angeles",,,https://mathscinet.ams.org/mathscinet/MRAuthorID/123820,https://zbmath.org/authors/mess.geoffrey,https://www.mathgenealogy.org/id.php?id=31493,,,,
"Messer, Robert",1,1979,1979,0,,10,,,,,https://zbmath.org/authors/messer.robert,,,,,
"Metaftsis, Vasileios",1,2001,2001,0,,25,,,,,https://zbmath.org/authors/metaftsis.vasileios,,,,,
"Metzler, Wolfgang",1,1990,1990,0,,33,,,,https://mathscinet.ams.org/mathscinet/MRAuthorID/226431,https://zbmath.org/authors/metzler.wolfgang.1,https://www.mathgenealogy.org/id.php?id=26342,,,,
"Meyer, Daniel",1,2013,2013,1,Acta Mathematica: 1,22,,,https://sites.google.com/site/dmeyersite/home,https://mathscinet.ams.org/mathscinet/MRAuthorID/700302,https://zbmath.org/authors/meyer.daniel,https://www.mathgenealogy.org/id.php?id=28773,,,,
"Meyer, Ralf",1,2022,2022,0,,122,University of Göttingen,,https://www.studip.uni-goettingen.de/extern.php?module=Persondetails&range_id=f01cb6ad89f913e65369bf4078cb36f3&username=rameyer&seminar_id=21daf7a61ea158d25095ee63ed8410c4,https://mathscinet.ams.org/mathscinet/MRAuthorID/624320,https://zbmath.org/authors/meyer.ralf.1,https://www.mathgenealogy.org/id.php?id=45470,https://orcid.org/0000-0001-9584-8028,,,
"Meyer, Werner",1,1989,1989,0,,16,,,,,https://zbmath.org/authors/meyer.werner,,,,,
"Meyerson, Mark D.",1,1977,1977,0,,14,,,,,https://zbmath.org/authors/meyerson.mark-d,,,,,
"Mihalache, Nicolae",1,2019,2019,1,Inventiones Mathematicae: 1,30,,,https://perso.math.u-pem.fr/mihalache.nicolae/,https://mathscinet.ams.org/mathscinet/MRAuthorID/819588,https://zbmath.org/authors/mihalache.nicolae,https://www.mathgenealogy.org/id.php?id=168335,,,,
"Milićević, Djordje",1,2023,2023,0,,25,Bryn Mawr College,,,https://mathscinet.ams.org/mathscinet/MRAuthorID/915372,https://zbmath.org/authors/milicevic.djordje,https://www.mathgenealogy.org/id.php?id=76418,,,,
"Millard, Benjamin",1,2021,2021,0,,1,,,,,https://zbmath.org/authors/millard.benjamin,,,,,
"Miller, Andy",1,1988,1988,0,,23,,,,https://mathscinet.ams.org/mathscinet/MRAuthorID/229144,https://zbmath.org/authors/miller.andy,https://www.mathgenealogy.org/id.php?id=89027,,,,
"Miller, Edward Y.",1,1986,1986,0,,38,,,,,https://zbmath.org/authors/miller.edward-y,,,,,
"Miller, Maggie",1,2020,2020,0,,38,"Department of Mathematics The University of Texas at Austin Austin, TX 78712 USA",arXiv:2607.10018 (2026),https://math.stanford.edu/~maggiehm/,https://mathscinet.ams.org/mathscinet/MRAuthorID/1073452,https://zbmath.org/authors/miller.maggie,https://www.mathgenealogy.org/id.php?id=264868,https://orcid.org/0000-0002-1669-1956,https://en.wikipedia.org/wiki/Maggie_Miller_(mathematician),,ICM Invited Speaker (2026)
"Miller, Richard T.",1,1982,1982,0,,9,,,,https://mathscinet.ams.org/mathscinet/MRAuthorID/217444,https://zbmath.org/authors/miller.richard-t,https://www.mathgenealogy.org/id.php?id=5446,,,,
"Millson, John J.",1,1998,1998,1,Publications Mathématiques de l'IHÉS: 1,84,University of Maryland,,,https://mathscinet.ams.org/mathscinet/MRAuthorID/125000,https://zbmath.org/authors/millson.john-j,https://www.mathgenealogy.org/id.php?id=25190,,,,ICM Invited Speaker (1990)
"Min, Honglin",1,2011,2011,0,,2,,,,,https://zbmath.org/authors/min.honglin,,,,,
"Min, Hyunki",1,2024,2024,0,,14,,,https://hkmin27.github.io/,,https://zbmath.org/authors/min.hyunki,https://www.mathgenealogy.org/id.php?id=277607,https://orcid.org/0000-0001-5539-5407,,,
"Minamide, Arata",1,2022,2022,0,,11,,,,,https://zbmath.org/authors/minamide.arata,,,,,
"Mineyama, Ryosuke",1,2013,2013,0,,6,,,,,https://zbmath.org/authors/mineyama.ryosuke,,,,,
"Minicozzi, William Philip II",1,2005,2005,1,Journal of the American Mathematical Society: 1,96,"Department of Mathematics, Massachusetts Institute of Technology, 77 Massachusetts Avenue, Cambridge, MA 02139",arXiv:2607.29502 (2026),http://math.mit.edu/directory/profile.php?pid=1464,https://mathscinet.ams.org/mathscinet/MRAuthorID/358534,https://zbmath.org/authors/minicozzi.william-p-ii,https://www.mathgenealogy.org/id.php?id=39258,,https://en.wikipedia.org/wiki/William_Minicozzi,Veblen Prize (2010),ICM Invited Speaker (2006)
"Mion-Mouton, Martin",1,2026,2026,0,,8,Institut de Mathématiques de Marseille (I2M),arXiv:2604.02210 (2026),https://personal-homepages.mis.mpg.de/mionmouton/,,https://zbmath.org/authors/mion-mouton.martin,,https://orcid.org/0000-0002-8814-0918,,,
"Miraftab, Babak",1,2026,2026,0,,56,,,https://www.bobby-miraftab.com/,https://mathscinet.ams.org/mathscinet/MRAuthorID/1143777,https://zbmath.org/authors/miraftab.babak,https://www.mathgenealogy.org/id.php?id=253503,,,,
"Miranda, Eva",1,2015,2015,0,,96,,,https://web.mat.upc.edu/eva.miranda/nova/,https://mathscinet.ams.org/mathscinet/MRAuthorID/705163,https://zbmath.org/authors/miranda.eva,https://www.mathgenealogy.org/id.php?id=101751,https://orcid.org/0000-0001-9518-5279,https://en.wikipedia.org/wiki/Eva_Miranda,,
"Mishachev, Nikolai M.",1,2011,2011,0,,19,Lipetsk Technical University,arXiv:1108.1265 (2011),,https://mathscinet.ams.org/mathscinet/MRAuthorID/292152,https://zbmath.org/authors/mishachev.nikolai-m,https://www.mathgenealogy.org/id.php?id=186175,https://orcid.org/0000-0003-4362-0675,,,
"Mishra, Pratyush",1,2026,2026,0,,15,"HUN-REN Alfréd Rényi Institute of Mathematics, 13-15 street, Reáltanoda, 1053 Budapest, Hungary",arXiv:2608.31124 (2026),,,https://zbmath.org/authors/mishra.pratyush,,,,,
"Misiurewicz, Michał",1,2009,2009,0,,177,Indiana University – Purdue University Indianapolis,,https://www.math.iupui.edu/~mmisiure/,https://mathscinet.ams.org/mathscinet/MRAuthorID/125475,https://zbmath.org/authors/misiurewicz.michal,https://www.mathgenealogy.org/id.php?id=93593,https://orcid.org/0000-0003-2932-8686,https://en.wikipedia.org/wiki/Micha%C5%82_Misiurewicz,,
"Mitra, Oorna",1,2024,2024,0,,6,"Indian Institute of Science Education and Research (IISER) Kolkata, Mohanpur, Nadia - 741246, West Bengal, India",arXiv:2601.00314 (2026),,,https://zbmath.org/authors/mitra.oorna,,,,,
"Mixer, Mark D.",1,2013,2013,0,,25,,,,,https://zbmath.org/authors/mixer.mark-d,,,,,
"Miyata, Dane",1,2021,2021,0,,9,,,https://math.uoregon.edu/profile/dmiyata,,https://zbmath.org/authors/miyata.dane,,,,,
"Miyazawa, Haruko Aida",1,2021,2021,0,,15,"Institute for Mathematics and Computer Science, Tsuda University, 2-1-1 Tsuda-machi, Kodaira, Tokyo 187-8577, Japan",arXiv:2005.11793 (2020),,,https://zbmath.org/authors/miyazawa.haruko-aida,,,,,
"Mizoguchi, Noriko",1,2023,2023,0,,71,"Department of Mathematics, Tokyo Gakugei University, Koganei, Tokyo 184-8501, Japan",arXiv:2110.12934 (2021),,,https://zbmath.org/authors/mizoguchi.noriko,,,,,
"Mizushima, Shigeru",1,2003,2003,0,,11,"Department of Mathematical and Computing Sciences Tokyo Institute of Technology 2–12–1 Ohokayama, Meguro Tokyo 152–8552, Japan",arXiv:0809.4435 (2008),,https://mathscinet.ams.org/mathscinet/MRAuthorID/673487,https://zbmath.org/authors/mizushima.shigeru,https://www.mathgenealogy.org/id.php?id=112536,,,,
"Mogilski, Wiktor J.",1,2016,2016,0,,7,,,,,https://zbmath.org/authors/mogilski.wiktor-j,,,,,
"Mohajeri, Atefeh",1,2017,2017,0,,4,"Department of Mathematics and Statistics , McGill University, Burnside Hall, Room 1005, 805 Sherbrooke Street West Montreal, Quebec, H3A…",arXiv:1106.4035 (2011),,,https://zbmath.org/authors/mohajeri.atefeh,,,,,
"Mohler, Lee K.",1,1992,1992,0,,27,,,,https://mathscinet.ams.org/mathscinet/MRAuthorID/208084,https://zbmath.org/authors/mohler.lee-k,https://www.mathgenealogy.org/id.php?id=478,,,,
"Mohnke, Klaus",1,2005,2005,0,,15,"Humboldt-Universität zu Berlin, Rudower Chaussee 25, 12489 Berlin, Germany",arXiv:2208.00999 (2022),https://www.math.hu-berlin.de/~mohnke/,https://mathscinet.ams.org/mathscinet/MRAuthorID/365377,https://zbmath.org/authors/mohnke.klaus,https://www.mathgenealogy.org/id.php?id=89243,,,,
"Moishezon, Boris G.",1,1996,1996,0,,54,Columbia University,,,https://mathscinet.ams.org/mathscinet/MRAuthorID/126105,https://zbmath.org/authors/moishezon.boris-g,https://www.mathgenealogy.org/id.php?id=37489,,https://en.wikipedia.org/wiki/Boris_Moishezon,,
"Mondal, Arghya",1,2023,2023,0,,7,,,https://sites.google.com/view/arghyamondal/home,,https://zbmath.org/authors/mondal.arghya,,,,,
"Mondal, Sugata",1,2015,2015,0,,21,,,http://www.math.tifr.res.in/~sugatam/,https://mathscinet.ams.org/mathscinet/MRAuthorID/1079219,https://zbmath.org/authors/mondal.sugata,https://www.mathgenealogy.org/id.php?id=190377,,,,
"Monk, Laura",1,2022,2022,0,,12,,,https://lauramonk.github.io/,,https://zbmath.org/authors/monk.laura,,https://orcid.org/0000-0003-4487-9961,,,ICM Invited Speaker (2026)
"Montcouquiol, Grégoire",1,2013,2013,0,,6,,,,https://mathscinet.ams.org/mathscinet/MRAuthorID/759931,https://zbmath.org/authors/montcouquiol.gregoire,https://www.mathgenealogy.org/id.php?id=96593,,,,
"Montee, MurphyKate",1,2023,2023,0,,10,,,https://mkmontee.people.sites.carleton.edu/,https://mathscinet.ams.org/mathscinet/MRAuthorID/1106357,https://zbmath.org/authors/montee.murphykate,https://www.mathgenealogy.org/id.php?id=265130,,,,
"Monteil, Thierry",1,2016,2016,0,,19,,,https://lipn.univ-paris13.fr/~monteil/contact/,,https://zbmath.org/authors/monteil.thierry,https://www.mathgenealogy.org/id.php?id=287987,,,,
"Moody, John",1,1993,1993,0,,5,,,,,https://zbmath.org/authors/moody.john,,,,,
"Moody, John Atwell",1,2004,2004,0,,21,,,,,https://zbmath.org/authors/moody.john-atwell,,,,,
"Moon, Soyoung",1,2010,2010,0,,9,,,,https://mathscinet.ams.org/mathscinet/MRAuthorID/1070621,https://zbmath.org/authors/moon.soyoung,https://www.mathgenealogy.org/id.php?id=150045,,,,
"Moore, Michael G.",1,2018,2018,0,,4,,,,,https://zbmath.org/authors/moore.michael-g,,,,,
"Moraschini, Marco",1,2021,2021,0,,27,,,https://homepages.uni-regensburg.de/~mom33723/,https://mathscinet.ams.org/mathscinet/MRAuthorID/1143899,https://zbmath.org/authors/moraschini.marco,https://www.mathgenealogy.org/id.php?id=255517,https://orcid.org/0000-0003-2692-6584,,,
"Morava, Jack Johnson",1,2023,2023,0,,99,Johns Hopkins University,,,https://mathscinet.ams.org/mathscinet/MRAuthorID/217965,https://zbmath.org/authors/morava.jack-johnson,https://www.mathgenealogy.org/id.php?id=388,,https://en.wikipedia.org/wiki/Jack_Morava,,
"Morgan, James",1,2026,2026,0,,4,,,,,https://zbmath.org/authors/morgan.james,,,,,
"Morier-Genoud, Sophie",1,2024,2024,0,,38,University of Reims,,https://sophie-moriergenoud.perso.math.cnrs.fr/,https://mathscinet.ams.org/mathscinet/MRAuthorID/724155,https://zbmath.org/authors/morier-genoud.sophie,https://www.mathgenealogy.org/id.php?id=134310,,,,
"Moriyama, Tetsuhiro",1,2007,2007,0,,5,,,,,https://zbmath.org/authors/moriyama.tetsuhiro,,,,,
"Morrison, Scott",1,2011,2011,0,,47,,,https://tqft.net/,https://mathscinet.ams.org/mathscinet/MRAuthorID/788724,https://zbmath.org/authors/morrison.scott,https://www.mathgenealogy.org/id.php?id=108716,https://orcid.org/0000-0003-4918-4552,,,
"Morrow, James Allen",1,1980,1980,0,,25,,,https://math.washington.edu/people/james-morrow,https://mathscinet.ams.org/mathscinet/MRAuthorID/290186,https://zbmath.org/authors/morrow.james-a,https://www.mathgenealogy.org/id.php?id=25271,,https://en.wikipedia.org/wiki/James_A._Morrow,,
"Morton, Hugh R.",1,1979,1979,0,,74,,,,,https://zbmath.org/authors/morton.hugh-r,,,,,
"Morton-Ferguson, Calder",1,2024,2024,0,,9,,,,,https://zbmath.org/authors/morton-ferguson.calder,,,,,
"Morzadec, Thomas",1,2016,2016,0,,4,,,,,https://zbmath.org/authors/morzadec.thomas,,,,,
"Moser, Louise E.",1,1972,1972,0,,34,,,,,https://zbmath.org/authors/moser.louise-e,,,,,
"Mostovoy, Jacob",1,2002,2002,0,,42,,,https://www.gtiit.edu.cn/en/viewStaff.aspx?staffNo=95,https://mathscinet.ams.org/mathscinet/MRAuthorID/628517,https://zbmath.org/authors/mostovoy.jacob,https://www.mathgenealogy.org/id.php?id=80302,,,,
"Moussard, Delphine",1,2018,2018,0,,19,,,https://sites.google.com/site/pagewebdedelphinemoussard/home-1,https://mathscinet.ams.org/mathscinet/MRAuthorID/973993,https://zbmath.org/authors/moussard.delphine,https://www.mathgenealogy.org/id.php?id=190035,https://orcid.org/0000-0001-6135-0125,,,
"Mozgova, A. A.",1,2005,2005,0,,5,,,,,https://zbmath.org/authors/mozgova.a-a,,,,,
"Mozgova, Alexandra",1,2004,2004,0,,6,,,,https://mathscinet.ams.org/mathscinet/MRAuthorID/689199,https://zbmath.org/authors/mozgova.alexandra,https://www.mathgenealogy.org/id.php?id=116508,,,,
"Muchnik, Roman",1,2007,2007,0,,9,University of Chicago,arXiv:math/0505572 (2005),,,https://zbmath.org/authors/muchnik.roman,,,,,
"Mukherjea, Aru",1,2023,2023,0,,2,,,https://www.ma.utexas.edu/component/cobalt/item/15-mathematics/4656-mukherjea-aru?Itemid=1259,,https://zbmath.org/authors/mukherjea.aru,,,,,
"Mukherjee, Antara",1,2009,2009,0,,12,,,,https://mathscinet.ams.org/mathscinet/MRAuthorID/859226,https://zbmath.org/authors/mukherjee.antara,https://www.mathgenealogy.org/id.php?id=138559,,,,
"Mullane, Scott",1,2017,2017,0,,17,,,https://sites.google.com/site/scottfmullane/home,https://mathscinet.ams.org/mathscinet/MRAuthorID/1215575,https://zbmath.org/authors/mullane.scott,https://www.mathgenealogy.org/id.php?id=212462,,,,
"Munemasa, Akihiro",1,2003,2003,0,,134,,,https://www.math.is.tohoku.ac.jp/~munemasa/index-e.html,https://mathscinet.ams.org/mathscinet/MRAuthorID/229342,https://zbmath.org/authors/munemasa.akihiro,https://www.mathgenealogy.org/id.php?id=10657,https://orcid.org/0000-0002-2635-0733,,,
"Murakami, Jun",1,2001,2001,1,Acta Mathematica: 1,63,,,https://murakami.w.waseda.jp/,,https://zbmath.org/authors/murakami.jun,,,,,
"Murillo, Plinio Guillel Pino",1,2024,2024,0,,10,"Instituto de Matemática e Estatística Universidade Federal Fluminense Rua Professor Marcos Waldemar de Freitas Reis, s/n, Campus do…",arXiv:2508.08003 (2025),,,https://zbmath.org/authors/murillo.plinio-guillel-pino,,,,,
"Muzician, Oleg",1,2012,2012,0,,8,"Department of Mathematics, BMCC of CUNY, 199 Chambers Street, New York, NY 10007",arXiv:2410.16728 (2024),,,https://zbmath.org/authors/muzician.oleg,,,,,
"Muñoz-Echániz, Samuel",1,2025,2025,0,,3,,,,,https://zbmath.org/authors/munoz-echaniz.samuel,,,,,
"Máximo, Davi",1,2025,2025,0,,19,,,,,https://zbmath.org/authors/maximo.davi,,,,,
"Möller, Rögnvaldur G.",1,2008,2008,0,,34,,,https://english.hi.is/staff/roggi,https://mathscinet.ams.org/mathscinet/MRAuthorID/307024,https://zbmath.org/authors/moller.rognvaldur-g,https://www.mathgenealogy.org/id.php?id=46130,,,,
"Müller, Thomas W.",1,2002,2002,0,,68,,,http://www.maths.qmul.ac.uk/~twm/,https://mathscinet.ams.org/mathscinet/MRAuthorID/305458,https://zbmath.org/authors/muller.thomas-w,https://www.mathgenealogy.org/id.php?id=18667,,,,
"Müller, Werner",1,2014,2014,0,,86,University of Bonn,,http://www.math.uni-bonn.de/people/mueller/,https://mathscinet.ams.org/mathscinet/MRAuthorID/325236,https://zbmath.org/authors/muller.werner.1,https://www.mathgenealogy.org/id.php?id=29919,,https://en.wikipedia.org/wiki/Werner_M%C3%BCller_(mathematician),,
"Mützel, Björn",1,2024,2024,0,,16,Eckerd College,,http://natsci.eckerd.edu/~muetzeb@campus/,https://mathscinet.ams.org/mathscinet/MRAuthorID/982920,https://zbmath.org/authors/mutzel.bjorn,https://www.mathgenealogy.org/id.php?id=174472,https://orcid.org/0000-0003-2991-8096,,,
"Măcinic, Daniela Anca",1,2017,2017,0,,23,"Simion Stoilow Institute of Mathematics, P.O. Box 1-764, RO-014700 Bucharest, Romania",arXiv:1609.06551 (2016),http://www.imar.ro/~amacinic/,,https://zbmath.org/authors/macinic.daniela-anca,,,,,
"Na, Xuesen",1,2025,2025,0,,4,,,,,https://zbmath.org/authors/na.xuesen,,,,,
"Nabutovsky, Alexander",1,2000,2000,1,Publications Mathématiques de l'IHÉS: 1,48,University of Toronto,,http://www.math.toronto.edu/nabutovsky/,https://mathscinet.ams.org/mathscinet/MRAuthorID/128845,https://zbmath.org/authors/nabutovsky.alexander,https://www.mathgenealogy.org/id.php?id=19268,,https://en.wikipedia.org/wiki/Alexander_Nabutovsky,,ICM Invited Speaker (2010)
"Naef, Florian",1,2018,2018,0,,28,"School of Mathematics Trinity College Dublin 2, Ireland, D02 PN40",arXiv:2606.28466 (2026),,,https://zbmath.org/authors/naef.florian,,,,,
"Nag, Biswajit",1,2025,2025,0,,1,"School of Mathematics, Tata Institute of Fundamental Research, Mumbai-40005, India",arXiv:2310.16403 (2023),,,https://zbmath.org/authors/nag.biswajit,,,,,
"Nagami, Seiji",1,2005,2005,0,,7,,,,,https://zbmath.org/authors/nagami.seiji,,,,,
"Nakabo, Shigekazu",1,1993,1993,0,,6,,,,,https://zbmath.org/authors/nakabo.shigekazu,,,,,
"Nandi, Debanjan",1,2026,2026,0,,11,,,,,https://zbmath.org/authors/nandi.debanjan,,,,,
"Naoe, Hironobu",1,2020,2020,0,,13,"Department of Mathematics, Tokyo Institute of Technology, 2-12-1 Ookayama, Meguro-ku, Tokyo, 152-8551, Japan",arXiv:2407.21265 (2024),,,https://zbmath.org/authors/naoe.hironobu,,,,,
"Naolekar, Aniruddha C.",1,2007,2007,0,,18,,,https://www.isical.ac.in/aniruddha-c-naolekar,https://mathscinet.ams.org/mathscinet/MRAuthorID/612395,https://zbmath.org/authors/naolekar.aniruddha-c,https://www.mathgenealogy.org/id.php?id=23920,,,,
"Napthine, Andrew K.",1,1984,1984,0,,3,,,,,https://zbmath.org/authors/napthine.andrew-k,,,,,
"Narasimhan, Carolyn C.",1,1981,1981,1,Inventiones Mathematicae: 1,3,,,,,https://zbmath.org/authors/narasimhan.carolyn-c,,,,,
"Narimannejad, Majid",1,2008,2008,0,,1,,,,,https://zbmath.org/authors/narimannejad.majid,,,,,
"Nasatyr, Emile Ben",1,1992,1992,0,,2,,,,,https://zbmath.org/authors/nasatyr.emile-ben,,,,,
"Nathan, William D.",1,1972,1972,0,,3,,,,,https://zbmath.org/authors/nathan.william-d,,,,,
"Naud, Frédéric",1,2022,2022,0,,40,"Sorbonne université, Institut Mathématique de Jussieu Paris-Rive Gauche 4, place Jussieu Boite Courrier 247 75252 Paris Cedex 05 France",arXiv:2605.23530 (2026),,,https://zbmath.org/authors/naud.frederic,,,,,ICM Invited Speaker (2026)
"Naveh, Yoav",1,2008,2008,0,,1,,,,,https://zbmath.org/authors/naveh.yoav,,,,,
"Nayak, Chetan",1,2005,2005,0,,24,,,,,https://zbmath.org/authors/nayak.chetan,,,,,
"Nayatani, Shin",1,2012,2012,0,,26,"Graduate School of Mathematics, Nagoya University, Chikusa-ku, Nagoya 464-8602, Japan",arXiv:2506.05681 (2025),,,https://zbmath.org/authors/nayatani.shin,,,,,
"Neaime, Georges",1,2019,2019,0,,9,,,,,https://zbmath.org/authors/neaime.georges,,,,,
"Negut, Andrei",1,2021,2021,0,,64,,,,https://mathscinet.ams.org/mathscinet/MRAuthorID/866290,https://zbmath.org/authors/negut.andrei,https://www.mathgenealogy.org/id.php?id=215038,,,,
"Nelson, Graham",1,1999,1999,0,,1,,,,https://mathscinet.ams.org/mathscinet/MRAuthorID/650842,https://zbmath.org/authors/nelson.graham,https://www.mathgenealogy.org/id.php?id=93803,,https://en.wikipedia.org/wiki/Graham_Nelson,,
"Nelson, Jo",1,2025,2025,0,,14,"Rice University, Houston, Texas",arXiv:2501.08451 (2025),https://math.rice.edu/~jkn3/,https://mathscinet.ams.org/mathscinet/MRAuthorID/1132325,https://zbmath.org/authors/nelson.jo,https://www.mathgenealogy.org/id.php?id=174871,,,,
"Neshveyev, Sergey V.",1,2008,2008,0,,90,,,http://sergeyn.info/,https://mathscinet.ams.org/mathscinet/MRAuthorID/636051,https://zbmath.org/authors/neshveyev.sergey-v,https://www.mathgenealogy.org/id.php?id=179403,,,,
"Neufang, Matthias",1,2022,2022,0,,58,"1School of Mathematics and Statistics, Carleton University, Ottawa, ON, Canada H1S 5B6",arXiv:2602.19589 (2026),,,https://zbmath.org/authors/neufang.matthias,,,,,
"Neumann, Peter Michael",1,1980,1980,0,,103,University of Oxford,,,https://mathscinet.ams.org/mathscinet/MRAuthorID/215354,https://zbmath.org/authors/neumann.peter-m,https://www.mathgenealogy.org/id.php?id=28732,,https://en.wikipedia.org/wiki/Peter_M._Neumann,Whitehead Prize (2003),
"Neutsch, Wolfram",1,1989,1989,0,,21,,,,,https://zbmath.org/authors/neutsch.wolfram,,,,,
"Newell, Martin L.",1,1975,1975,0,,48,,,,,https://zbmath.org/authors/newell.martin-l,,,,,
"Ng, Andrew",1,2026,2026,0,,7,,,,,https://zbmath.org/authors/ng.andrew,,,,,
"Ng, Chi-Keung",1,2019,2019,0,,89,,,,https://mathscinet.ams.org/mathscinet/MRAuthorID/340431,https://zbmath.org/authors/ng.chi-keung,https://www.mathgenealogy.org/id.php?id=80155,,,,
"Ng, Ngai-Fung",1,2022,2022,0,,4,"Department of Mathematics, Purdue University, West Lafayette, IN 47907 USA",arXiv:2012.09642 (2020),https://www.math.purdue.edu/people/bio/ngn,,https://zbmath.org/authors/ng.ngai-fung,https://www.mathgenealogy.org/id.php?id=266391,,,,
"Nguyen, Minh Hoang",1,2023,2023,0,,7,,,,https://mathscinet.ams.org/mathscinet/MRAuthorID/806672,https://zbmath.org/authors/nguyen.minh-hoang,https://www.mathgenealogy.org/id.php?id=97210,,,,
"Nguyen, Thang",1,2025,2025,0,,10,,,https://sites.google.com/view/thangnguyen7/home,,https://zbmath.org/authors/nguyen.thang.1,,,,,
"Nicolussi, Noema",1,2025,2025,0,,16,Institute of Mathematics University of Innsbruck Technikerstraße 16 6020 Innsbruck Austria,arXiv:2512.20508 (2025),,,https://zbmath.org/authors/nicolussi.noema,,https://orcid.org/0000-0002-9132-0207,,,
"Nicolás, Francisco",1,2022,2022,0,,5,,,,,https://zbmath.org/authors/nicolas.francisco,,,,,
"Nie, Hongming",1,2026,2026,0,,23,,,https://sites.google.com/view/hmnie/home,https://mathscinet.ams.org/mathscinet/MRAuthorID/1290346,https://zbmath.org/authors/nie.hongming,https://www.mathgenealogy.org/id.php?id=245175,,,,
"Niederkrüger, Klaus",1,2005,2005,0,,23,,,http://math.univ-lyon1.fr/homes-www/niederkruger/,https://mathscinet.ams.org/mathscinet/MRAuthorID/768145,https://zbmath.org/authors/niederkruger.klaus,https://www.mathgenealogy.org/id.php?id=91193,https://orcid.org/0000-0003-3767-0289,,,
"Nieland, Mark",1,2022,2022,0,,2,,,,,https://zbmath.org/authors/nieland.mark,,,,,
"Niibo, Hirofumi",1,2019,2019,0,,3,,,,,https://zbmath.org/authors/niibo.hirofumi,,,,,
"Nikiel, Jacek",1,1992,1992,0,,46,University of Wrocław,,,https://mathscinet.ams.org/mathscinet/MRAuthorID/131455,https://zbmath.org/authors/nikiel.jacek,https://www.mathgenealogy.org/id.php?id=58421,,,,
"Nikolaev, Andrey V.",1,2014,2014,0,,26,,,,,https://zbmath.org/authors/nikolaev.andrey-v,,,,,
"Nimershiem, Barbara",1,2023,2023,0,,1,"Department of Mathematics, Franklin & Marshall College, Lancaster, PA 17604",arXiv:2108.09349 (2021),,,https://zbmath.org/authors/nimershiem.barbara,,,,,
"Nishimura, Yasuzo",1,2012,2012,0,,17,"Department of Mathematics, Faculty of Education and Regional Studies, University of Fukui, 3-9-1 Bunkyo, Fukui 910-8507, Japan",arXiv:1104.1744 (2011),,,https://zbmath.org/authors/nishimura.yasuzo,,,,,
"Nitsche, Martin",1,2026,2026,0,,11,,,,,https://zbmath.org/authors/nitsche.martin,,,,,
"Nogi, Toshihiro",1,2014,2014,0,,5,"Osaka City University Advanced Mathematical Institute, Sugimoto, Sumiyoshi-ku Osaka 558-8585, Japan",arXiv:1402.5315 (2014),,,https://zbmath.org/authors/nogi.toshihiro,,,,,
"Noohi, Behrang",1,2006,2006,0,,23,"School of Mathematical Sciences Queen Mary University of London London, E1 4NS United Kingdom",arXiv:2407.21147 (2024),,,https://zbmath.org/authors/noohi.behrang,,,,,
"Nordon, Viviane",1,1982,1982,0,,1,,,,,https://zbmath.org/authors/nordon.viviane,,,,,
"Norine, Serguei",1,2022,2022,0,,120,,,https://www.math.mcgill.ca/snorin/,https://mathscinet.ams.org/mathscinet/MRAuthorID/686066,https://zbmath.org/authors/norine.serguei,https://www.mathgenealogy.org/id.php?id=93846,,,,
"Norton, Chaya",1,2020,2020,0,,7,,,,https://mathscinet.ams.org/mathscinet/MRAuthorID/1247518,https://zbmath.org/authors/norton.chaya,https://www.mathgenealogy.org/id.php?id=208776,,,,
"Norwood, F. H.",1,1982,1982,0,,2,,,,,https://zbmath.org/authors/norwood.f-h,https://www.mathgenealogy.org/id.php?id=75350,,,,
"Noskov, Guennadi A.",1,2000,2000,0,,72,Sobolev Institute of Mathematics SB RAS,,,https://mathscinet.ams.org/mathscinet/MRAuthorID/191508,https://zbmath.org/authors/noskov.guennadi-a,https://www.mathgenealogy.org/id.php?id=215780,https://orcid.org/0000-0003-3314-0942,,,
"Novikov, Sergeĭ Petrovich",1,1995,1995,0,,357,University of Maryland,,https://homepage.mi-ras.ru/~snovikov/index.html,https://mathscinet.ams.org/mathscinet/MRAuthorID/191585,https://zbmath.org/authors/novikov.sergei-petrovich,https://www.mathgenealogy.org/id.php?id=55147,,https://en.wikipedia.org/wiki/Sergei_Novikov_(mathematician),Fields Medal (1970); Wolf Prize (2005),ICM Plenary Speaker (1978)
"Näätänen, Marjatta",1,2001,2001,0,,21,,,,https://mathscinet.ams.org/mathscinet/MRAuthorID/222164,https://zbmath.org/authors/naatanen.marjatta,https://www.mathgenealogy.org/id.php?id=58639,,,,
"Némethi, András",1,2010,2010,0,,179,,,https://users.renyi.hu/~nemethi/vita.html,https://mathscinet.ams.org/mathscinet/MRAuthorID/130230,https://zbmath.org/authors/nemethi.andras,https://www.mathgenealogy.org/id.php?id=10631,,,,ICM Invited Speaker (2018)
"O Rourke, Shane",1,2009,2009,0,,7,"Cork Inst.Tech., Ireland",,http://mathematics.cit.ie/staff.shane-o_rourke-profile https://mathematics.cit.ie/staff.shane-o_rourke-profile,https://mathscinet.ams.org/mathscinet/MRAuthorID/733140,https://zbmath.org/authors/o-rourke.shane,https://www.mathgenealogy.org/id.php?id=82519,,,,
"O'Brien, Thomas J.",1,1971,1971,0,,12,,,,,https://zbmath.org/authors/obrien.thomas-j,,,,,
"O'Connor, Kate",1,2021,2021,0,,4,"Department of Mathematics and Statistics, The College of New Jersey, Ewing, 08628, NJ, USA",arXiv:2605.21639 (2026),,,https://zbmath.org/authors/oconnor.kate,,,,,
"O'Donnol, Danielle",1,2014,2014,0,,15,"School of Science, Mathematics, and Engineering, Marymount University",arXiv:2405.15044 (2024),,https://mathscinet.ams.org/mathscinet/MRAuthorID/835803,https://zbmath.org/authors/odonnol.danielle,https://www.mathgenealogy.org/id.php?id=133922,,,,
"Oakley, J. Robert",1,2026,2026,0,,2,,,,,https://zbmath.org/authors/oakley.j-robert,,,,,
"Oba, Takahiro",1,2025,2025,0,,17,,,,,https://zbmath.org/authors/oba.takahiro,,,,,
"Obitsu, Kunio",1,2008,2008,0,,9,,,,,https://zbmath.org/authors/obitsu.kunio,,,,,
"Oblomkov, Alexei A.",1,2024,2024,0,,60,Department of Mathematics and Statistics University of Massachusetts at Amherst Lederle Graduate Research Tower 710 N. Pleasant Street…,arXiv:2609.11691 (2026),,,https://zbmath.org/authors/oblomkov.alexei-a,,,,,
"Obrock, Arthur E.",1,1971,1971,0,,7,,,,,https://zbmath.org/authors/obrock.arthur-e,,,,,
"Ocampo Uribe, Oscar Eduardo",1,2020,2020,0,,29,,,https://sites.google.com/site/ocampouribe/,https://mathscinet.ams.org/mathscinet/MRAuthorID/911957,https://zbmath.org/authors/ocampo.oscar,https://www.mathgenealogy.org/id.php?id=175233,https://orcid.org/0000-0002-4021-7859,,,
"Odden, Chris",1,2005,2005,0,,1,,,,,https://zbmath.org/authors/odden.chris,,,,,
"Ogle, Crichton",1,2012,2012,0,,32,"Department of Mathematics, The Ohio State University, Columbus OH",arXiv:2605.04027 (2026),,,https://zbmath.org/authors/ogle.crichton,,,,,
"Oh, Josiah",1,2022,2022,0,,3,,,,,https://zbmath.org/authors/oh.josiah,,,,,
"Ohta, Hiroshi",1,1999,1999,0,,39,,,https://profs.provost.nagoya-u.ac.jp/html/100000289_en.html,,https://zbmath.org/authors/ohta.hiroshi,,,,,
"Okonek, Christian",1,1990,1990,0,,85,University of Zurich,,,https://mathscinet.ams.org/mathscinet/MRAuthorID/133470,https://zbmath.org/authors/okonek.christian,https://www.mathgenealogy.org/id.php?id=36088,,,,
"Okun'kov, Andreĭ Yur'evich",1,2001,2001,1,Inventiones Mathematicae: 1,110,,,https://web.math.princeton.edu/~okounkov/,https://mathscinet.ams.org/mathscinet/MRAuthorID/351622,https://zbmath.org/authors/okounkov.andrei-yuryevich,https://www.mathgenealogy.org/id.php?id=42039,https://orcid.org/0000-0001-8956-1792,https://en.wikipedia.org/wiki/Andrei_Okounkov,EMS Prize (2004); Fields Medal (2006),
"Oliver, Bob",1,2002,2002,1,Acta Mathematica: 1,123,,,https://www.math.univ-paris13.fr/~bobol/,,https://zbmath.org/authors/oliver.bob,,,,,ICM Invited Speaker (1998)
"Olson, Hayley",1,2018,2018,0,,4,,,,,https://zbmath.org/authors/olson.hayley,,,,,
"Olukoya, Feyishayo",1,2021,2021,0,,12,,,,,https://zbmath.org/authors/olukoya.feyishayo,,,,,
"Omori, Genki",1,2017,2017,0,,15,"Department of Mathematics, Faculty of Science and Technology, Tokyo University of Science, 2641 Yamazaki, Noda-shi, Chiba, 278-8510 Japan",arXiv:2303.10298 (2023),,,https://zbmath.org/authors/omori.genki,,,,,
"Onaran, Sinem Çelik",1,2010,2010,0,,21,,,,https://mathscinet.ams.org/mathscinet/MRAuthorID/905095,https://zbmath.org/authors/onaran.sinem-celik,https://www.mathgenealogy.org/id.php?id=138978,,,,
"Ono, Kaoru",1,1999,1999,0,,79,,,,,https://zbmath.org/authors/ono.kaoru,https://www.mathgenealogy.org/id.php?id=290360,,https://en.wikipedia.org/wiki/Kaoru_Ono,,ICM Invited Speaker (2006)
"Orlandi-Korner, Lisa A.",1,2000,2000,0,,1,,,,,https://zbmath.org/authors/orlandi-korner.lisa-a,,,,,
"Orovitz, Joav",1,2025,2025,0,,2,,,,,https://zbmath.org/authors/orovitz.joav,,,,,
"Orson, Patrick",1,2025,2025,0,,33,"Department of Mathematics, California Polytechnic State University, San Luis Obispo, USA",arXiv:2608.23523 (2026),https://www2.bc.edu/patrick-orson/,https://mathscinet.ams.org/mathscinet/MRAuthorID/1157713,https://zbmath.org/authors/orson.patrick,https://www.mathgenealogy.org/id.php?id=193763,,,,
"Osborne, Jeremy",1,2016,2016,0,,1,,,,,https://zbmath.org/authors/osborne.jeremy,,,,,
"Ostrovskii, Mikhail Iosifovich",1,2019,2019,0,,143,,,http://facpub.stjohns.edu/ostrovsm/,https://mathscinet.ams.org/mathscinet/MRAuthorID/211545,https://zbmath.org/authors/ostrovskii.mikhail-i,https://www.mathgenealogy.org/id.php?id=75462,,,,
"Otera, Daniele Ettore",1,2010,2010,0,,45,Institute of Data Science and Digital Technologies Vilnius University – Lithuania,arXiv:2609.19086 (2026),https://sites.google.com/site/oteradani/,https://mathscinet.ams.org/mathscinet/MRAuthorID/723815,https://zbmath.org/authors/otera.daniele-ettore,https://www.mathgenealogy.org/id.php?id=123198,https://orcid.org/0000-0002-4444-1962,,,
"Ott, Andreas",1,2024,2024,0,,9,"Mathematisches Institut, Ruprecht-Karls-Universität Heidelberg, Im Neuenheimer Feld 205, D-69120 Heidelberg, Germany",arXiv:2004.06071 (2020),,,https://zbmath.org/authors/ott.andreas,,,,,
"Otto, Albert D.",1,1971,1971,0,,6,,,,,https://zbmath.org/authors/otto.albert-d,,,,,
"Otto, Friedrich",1,2004,2004,0,,252,,,,https://mathscinet.ams.org/mathscinet/MRAuthorID/212917,https://zbmath.org/authors/otto.friedrich,https://www.mathgenealogy.org/id.php?id=29346,,,,
"Otto, Marc-Oliver",1,2003,2003,0,,2,,,,,https://zbmath.org/authors/otto.marc-oliver,,,,,
"Otto, Martin",1,2025,2025,0,,59,Technical University of Darmstadt,,http://www.mathematik.tu-darmstadt.de/~otto/,https://mathscinet.ams.org/mathscinet/MRAuthorID/253637,https://zbmath.org/authors/otto.martin,https://www.mathgenealogy.org/id.php?id=23652,,,,
"Ouchi, Genki",1,2024,2024,0,,16,,,,,https://zbmath.org/authors/ouchi.genki,,,,,
"Oudot, Steve Yann",1,2021,2021,0,,59,,,http://geometrica.saclay.inria.fr/team/Steve.Oudot/,https://mathscinet.ams.org/mathscinet/MRAuthorID/806930,https://zbmath.org/authors/oudot.steve-yann,https://www.mathgenealogy.org/id.php?id=123005,https://orcid.org/0000-0003-2939-9417,,,
"Ould Houcine, Abderezak",1,2016,2016,0,,18,,,,,https://zbmath.org/authors/ould-houcine.abderezak,,,,,
"Oum, Sang-Il",1,2014,2014,0,,119,"Discrete Mathematics Group, Institute for Basic Science (IBS), Daejeon, South Korea",arXiv:2609.39015 (2026),https://mathsci.kaist.ac.kr/~sangil/ https://dimag.ibs.re.kr/home/sangil/,https://mathscinet.ams.org/mathscinet/MRAuthorID/765385,https://zbmath.org/authors/oum.sang-il,https://www.mathgenealogy.org/id.php?id=92455,https://orcid.org/0000-0002-6889-7286,https://en.wikipedia.org/wiki/Oum_Sang-il,,
"Overholser, Eric",1,2008,2008,0,,2,,,,https://mathscinet.ams.org/mathscinet/MRAuthorID/834724,https://zbmath.org/authors/overholser.eric,https://www.mathgenealogy.org/id.php?id=92068,,,,
"Ovsienko, Valentin Yur'evich",1,2024,2024,0,,117,"Centre National de la Recherche Scientifique, Laboratoire de Mathématiques de Reims, UMR 9008 CNRS and Université de Reims…",arXiv:2608.06761 (2026),http://ovsienko.perso.math.cnrs.fr/,https://mathscinet.ams.org/mathscinet/MRAuthorID/220384,https://zbmath.org/authors/ovsienko.valentin-yu,https://www.mathgenealogy.org/id.php?id=95585,https://orcid.org/0000-0003-0146-1573,,,
"Oya, Hironori",1,2021,2021,0,,16,"Department of Mathematics, Institute of Science Tokyo, 2-12-1 Ookayama, Meguro-ku, Tokyo, 152-8551, Japan",arXiv:2609.02509 (2026),http://www.sic.shibaura-it.ac.jp/~hoya/,,https://zbmath.org/authors/oya.hironori,,,,,
"Oyono-Oyono, Hervé",1,2001,2001,0,,23,,,,https://mathscinet.ams.org/mathscinet/MRAuthorID/639438,https://zbmath.org/authors/oyono-oyono.herve,https://www.mathgenealogy.org/id.php?id=127881,,,,
"Ozsváth, Peter Steven",1,2005,2005,0,,90,"Department of Mathematics, Princeton University New Jersey, 08544",arXiv:2604.20565 (2026),https://web.math.princeton.edu/~petero/,https://mathscinet.ams.org/mathscinet/MRAuthorID/354025,https://zbmath.org/authors/ozsvath.peter-s,https://www.mathgenealogy.org/id.php?id=18896,,https://en.wikipedia.org/wiki/Peter_Ozsv%C3%A1th,Veblen Prize (2007),ICM Invited Speaker (2006)
"Pacheco-Tallaj, Natalia",1,2021,2021,0,,9,"Massachusetts Institute of Technology, Department of Mathematics, Simons Building (Building 2) 77 Massachusetts Avenue, Cambridge, MA…",arXiv:2410.10031 (2024),,,https://zbmath.org/authors/pacheco-tallaj.natalia,,,,,
"Pagani, Nicola",1,2014,2014,0,,19,,,,https://mathscinet.ams.org/mathscinet/MRAuthorID/949513,https://zbmath.org/authors/pagani.nicola,https://www.mathgenealogy.org/id.php?id=139743,,,,
"Pagaria, Roberto",1,2021,2021,0,,27,University of Bologna,,https://www.dm.unibo.it/~roberto.pagaria/,https://mathscinet.ams.org/mathscinet/MRAuthorID/1322670,https://zbmath.org/authors/pagaria.roberto,https://www.mathgenealogy.org/id.php?id=261666,https://orcid.org/0000-0002-2231-4006,,,
"Pajot, Hervé",1,2003,2003,0,,26,,,,https://mathscinet.ams.org/mathscinet/MRAuthorID/609642,https://zbmath.org/authors/pajot.herve,https://www.mathgenealogy.org/id.php?id=108012,,,,
"Palmer, Rebekah M.",1,2022,2022,0,,4,"Department of Mathematics, Temple University, 1805 N Broad St, Philadelphia, PA 19122",arXiv:2207.14792 (2022),,,https://zbmath.org/authors/palmer.rebekah-m,,,,,
"Pamuk, Mehmetcik",1,2015,2015,0,,31,,,http://users.metu.edu.tr/mpamuk/,https://mathscinet.ams.org/mathscinet/MRAuthorID/868395,https://zbmath.org/authors/pamuk.mehmetcik,https://www.mathgenealogy.org/id.php?id=142323,,,,
"Pan, Jiayin",1,2020,2020,0,,25,,,,,https://zbmath.org/authors/pan.jiayin,,,,,
"Pan, Yu",1,2017,2017,0,,9,,,http://cam.tju.edu.cn/en/faculty/index.php?id=95,https://mathscinet.ams.org/mathscinet/MRAuthorID/970320,https://zbmath.org/authors/pan.yu,https://www.mathgenealogy.org/id.php?id=229008,,,,
"Panaite, Florin",1,2010,2010,0,,66,,,,,https://zbmath.org/authors/panaite.florin,,,,,
"Panda, Pallavi",1,2024,2024,0,,6,,,,,https://zbmath.org/authors/panda.pallavi,,,,,
"Pandazis, Michael",1,2023,2023,0,,3,,,,,https://zbmath.org/authors/pandazis.michael,,,,,
"Pandharipande, Rahul",1,2024,2024,0,,146,,,https://people.math.ethz.ch/~rahul/,https://mathscinet.ams.org/mathscinet/MRAuthorID/357813,https://zbmath.org/authors/pandharipande.rahul,https://www.mathgenealogy.org/id.php?id=42402,https://orcid.org/0009-0003-7258-5570,https://en.wikipedia.org/wiki/Rahul_Pandharipande,Clay Research Award (2013); Infosys Prize (2013),ICM Plenary Speaker (2018)
"Pankau, Joshua",1,2020,2020,0,,2,,,,,https://zbmath.org/authors/pankau.joshua,,,,,
"Pant, Sujan",1,2016,2016,0,,3,,,,,https://zbmath.org/authors/pant.sujan,,,,,
"Pao, Peter Sie",1,1979,1979,0,,7,,,,,https://zbmath.org/authors/pao.peter-sie,,,,,
"Papi, Paolo",1,2026,2026,0,,70,,,,https://mathscinet.ams.org/mathscinet/MRAuthorID/322097,https://zbmath.org/authors/papi.paolo,https://www.mathgenealogy.org/id.php?id=91572,,,,
"Paquette, Charles",1,2019,2019,0,,38,,,,,https://zbmath.org/authors/paquette.charles,,,,,
"Parameswaran, A. J.",1,2016,2016,0,,92,Tata Institute of Fundamental Research,,https://fellows.ias.ac.in/profile/v/FL2009022,https://mathscinet.ams.org/mathscinet/MRAuthorID/259903,https://zbmath.org/authors/parameswaran.a-j,https://www.mathgenealogy.org/id.php?id=37591,,,,
"Pardon, John Vincent",1,2013,2013,1,Journal of the American Mathematical Society: 1,21,,,https://web.math.princeton.edu/~jpardon/,https://mathscinet.ams.org/mathscinet/MRAuthorID/857067,https://zbmath.org/authors/pardon.john,https://www.mathgenealogy.org/id.php?id=196713,https://orcid.org/0000-0003-1469-8190,https://en.wikipedia.org/wiki/John_Pardon,Clay Research Award (2022); New Horizons in Mathematics Prize (2025); Fields Medal (2026),ICM Invited Speaker (2018)
"Parija, Prayagdeep",1,2026,2026,0,,1,,,,,https://zbmath.org/authors/parija.prayagdeep,,,,,
"Park, B. Doug",1,2008,2008,0,,45,,,http://www.math.uwaterloo.ca/~bdpark/,https://mathscinet.ams.org/mathscinet/MRAuthorID/640462,https://zbmath.org/authors/park.b-doug,https://www.mathgenealogy.org/id.php?id=38436,,,,
"Park, Hyo Won",1,2012,2012,0,,4,"Department of Mathematics, Ajou University, Suwon 16499, Republic of Korea",arXiv:1508.03699 (2015),,https://mathscinet.ams.org/mathscinet/MRAuthorID/946657,https://zbmath.org/authors/park.hyo-won,https://www.mathgenealogy.org/id.php?id=151114,,,,
"Park, Insung",1,2022,2022,0,,10,,,https://sites.google.com/view/insung-park/research,,https://zbmath.org/authors/park.insung.1,,,,,
"Parker, Brett",1,2015,2015,0,,22,,,,,https://zbmath.org/authors/parker.brett,,,,,
"Parlak, Anna",1,2025,2025,0,,6,,,,,https://zbmath.org/authors/parlak.anna,,,,,
"Parsad, Shiv",1,2018,2018,0,,13,"School of Mathematics & Computer Science Indian Institute of Technology Goa At Goa College of Engineering Campus Farmagudi, Ponda-403401…",arXiv:2607.10344 (2026),,https://mathscinet.ams.org/mathscinet/MRAuthorID/1018612,https://zbmath.org/authors/parsad.shiv,https://www.mathgenealogy.org/id.php?id=192540,,,,
"Partin, Caleb",1,2023,2023,0,,3,"Department of Mathematics, Georgia Institute of Technology, 686 Cherry Street, Atlanta, GA 30332",arXiv:2107.04068 (2021),,,https://zbmath.org/authors/partin.caleb,,,,,
"Parwani, Kamlesh",1,2008,2008,0,,13,Eastern Illinois University,,,https://mathscinet.ams.org/mathscinet/MRAuthorID/754239,https://zbmath.org/authors/parwani.kamlesh,https://www.mathgenealogy.org/id.php?id=69277,,,,
"Pascali, Maria Antonietta",1,2009,2009,0,,3,"Institute of Information Science and Technologies of the National Research Council, Italy",arXiv:2506.15236 (2025),,https://mathscinet.ams.org/mathscinet/MRAuthorID/878545,https://zbmath.org/authors/pascali.maria-antonietta,https://www.mathgenealogy.org/id.php?id=180811,,,,
"Pasechnik, Dmitrii V.",1,1996,1996,0,,87,,,http://www.cs.ox.ac.uk/people/dmitrii.pasechnik/ http://users.ox.ac.uk/~coml0531/,https://mathscinet.ams.org/mathscinet/MRAuthorID/292421,https://zbmath.org/authors/pasechnik.dmitrii-v,https://www.mathgenealogy.org/id.php?id=46184,https://orcid.org/0000-0002-7557-6886,,,
"Passeggi, Alejandro",1,2014,2014,0,,17,,,,,https://zbmath.org/authors/passeggi.alejandro,,,,,
"Passi, Inder Bir Singh",1,2005,2005,0,,99,,,,https://mathscinet.ams.org/mathscinet/MRAuthorID/136630,https://zbmath.org/authors/passi.inder-bir-singh,https://www.mathgenealogy.org/id.php?id=95261,,https://en.wikipedia.org/wiki/Inder_Bir_Singh_Passi,Shanti Swarup Bhatnagar Prize (1983),
"Patchell, Gregory",1,2025,2025,1,Inventiones Mathematicae: 1,17,"Department of Mathematics, Vanderbilt University, 1326 Stevenson Center, Nashville, TN 37240, USA",arXiv:2609.10087 (2026),,,https://zbmath.org/authors/patchell.gregory,,,,,
"Patel, Terk",1,2008,2008,0,,1,,,,,https://zbmath.org/authors/patel.terk,,,,,
"Patimo, Leonardo",1,2022,2022,0,,16,,,,,https://zbmath.org/authors/patimo.leonardo,,,,,
"Paupert, Julien",1,2022,2022,0,,19,Arizona State U.,,https://math.la.asu.edu/~paupert/,https://mathscinet.ams.org/mathscinet/MRAuthorID/751601,https://zbmath.org/authors/paupert.julien,https://www.mathgenealogy.org/id.php?id=95778,,,,
"Pe Pereira, María",1,2021,2021,0,,10,,,,,https://zbmath.org/authors/pe-pereira.maria,,,,,
"Pedersen, Henrik",1,2000,2000,0,,45,University of Southern Denmark,,http://findresearcher.sdu.dk/portal/en/person/Henrik,https://mathscinet.ams.org/mathscinet/MRAuthorID/220817,https://zbmath.org/authors/pedersen.henrik,https://www.mathgenealogy.org/id.php?id=43910,,,,
"Peifer, David",1,2003,2003,0,,7,U. N. Carolina - Asheville,,https://www.unca.edu/math/peifer.html,,https://zbmath.org/authors/peifer.david,,,,,
"Peled, Yuval",1,2021,2021,0,,33,"Einstein Institute of Mathematics, The Hebrew University of Jerusalem, Jerusalem, Israel",arXiv:2605.25711 (2026),https://www.cse.huji.ac.il/~yuvalp02/,,https://zbmath.org/authors/peled.yuval,,,,,
"Peluso, Ada",1,1969,1969,0,,3,,,,,https://zbmath.org/authors/peluso.ada,,,,,
"Pennig, Ulrich",1,2017,2017,0,,27,"School of Mathematics, Cardiff University, Cardiff, CF24 4AG, Wales, UK",arXiv:2607.20105 (2026),https://www.cardiff.ac.uk/people/view/250949-pennig-ulrich,https://mathscinet.ams.org/mathscinet/MRAuthorID/806656,https://zbmath.org/authors/pennig.ulrich,https://www.mathgenealogy.org/id.php?id=139380,https://orcid.org/0000-0001-5441-6130,,,
"Percell, Peter B.",1,1976,1976,0,,13,,,,,https://zbmath.org/authors/percell.peter-b,,,,,
"Perl, Idan",1,2017,2017,0,,5,"Ben-Gurion University of the Negev, Be’er Sheva ISRAEL",arXiv:1906.04971 (2019),,,https://zbmath.org/authors/perl.idan,,,,,
"Perry, Nicholas",1,2008,2008,0,,1,,,,,https://zbmath.org/authors/perry.nicholas,,,,,
"Petersen, Dan",1,2025,2025,0,,34,,,https://sites.google.com/site/danpetersenmath/,https://mathscinet.ams.org/mathscinet/MRAuthorID/990888,https://zbmath.org/authors/petersen.dan,https://www.mathgenealogy.org/id.php?id=174794,https://orcid.org/0000-0001-5069-8097,,,
"Petersen, Kathleen L.",1,2011,2011,0,,22,,,https://sites.google.com/d.umn.edu/katepetersen/home,https://mathscinet.ams.org/mathscinet/MRAuthorID/811372,https://zbmath.org/authors/petersen.kathleen-l,https://www.mathgenealogy.org/id.php?id=93127,,,,
"Petersen, Oliver Lindblad",1,2021,2021,0,,16,,,https://www.su.se/profiles/olli6489,,https://zbmath.org/authors/petersen.oliver-lindblad,https://www.mathgenealogy.org/id.php?id=233713,https://orcid.org/0000-0001-6781-1594,,,
"Petit, Camille",1,2012,2012,0,,7,,,,,https://zbmath.org/authors/petit.camille,,,,,
"Petite, Samuel",1,2024,2024,0,,24,,,,https://mathscinet.ams.org/mathscinet/MRAuthorID/784469,https://zbmath.org/authors/petite.samuel,https://www.mathgenealogy.org/id.php?id=145802,,,,
"Petrakos, Spyridon",1,2026,2026,0,,6,"Department of Mathematical Sciences, Chalmers University of Technology and University of Gothenburg, SE-412 96 Gothenburg, Sweden",arXiv:2609.24820 (2026),,,https://zbmath.org/authors/petrakos.spyridon,,,,,
"Petrunin, Anton Mikhailovich",1,2016,2016,0,,77,,,https://anton-petrunin.github.io/,https://mathscinet.ams.org/mathscinet/MRAuthorID/335143,https://zbmath.org/authors/petrunin.anton,https://www.mathgenealogy.org/id.php?id=3924,https://orcid.org/0000-0003-3053-5172,,,ICM Invited Speaker (2002)
"Petschick, Jan Moritz",1,2024,2024,0,,13,,,https://www.math.hhu.de/lehrstuehle-/-personen-/-ansprechpartner/innen/lehrstuehle-des-mathematischen-instituts/lehrstuhl-fuer-algebra-und-zahlentheorie/team/jan-moritz-petschick,,https://zbmath.org/authors/petschick.jan-moritz,,https://orcid.org/0000-0002-6485-3892,,,
"Pettet, Martin R.",1,1997,1997,0,,35,,,,,https://zbmath.org/authors/pettet.martin-r,,,,,
"Peyerimhoff, Norbert",1,2019,2019,0,,87,,,,https://mathscinet.ams.org/mathscinet/MRAuthorID/290247,https://zbmath.org/authors/peyerimhoff.norbert,https://www.mathgenealogy.org/id.php?id=157797,https://orcid.org/0000-0001-9630-7901,,,
"Pełka, Tomasz",1,2021,2021,0,,12,,,,https://mathscinet.ams.org/mathscinet/MRAuthorID/1231815,https://zbmath.org/authors/pelka.tomasz,https://www.mathgenealogy.org/id.php?id=256337,,,,
"Pfaff, Catherine Eva",1,2026,2026,0,,7,Queen’s University,arXiv:2503.16360 (2025),https://mast.queensu.ca/~cpfaff/,,https://zbmath.org/authors/pfaff.catherine-eva,,,,,
Pham Huu Tiep,1,2026,2026,0,,246,University of Arizona,,https://sites.math.rutgers.edu/~pht19/,https://mathscinet.ams.org/mathscinet/MRAuthorID/230310,https://zbmath.org/authors/pham-huu-tiep.,https://www.mathgenealogy.org/id.php?id=14822,,https://en.wikipedia.org/wiki/Pham_Huu_Tiep,,
"Pham, Anna",1,2025,2025,0,,2,"School of Natural Sciences & Mathematics The University of Texas at Dallas 800 W Campbell Rd Richardson, TX 75080",arXiv:2108.04872 (2021),,,https://zbmath.org/authors/pham.anna,,,,,
"Philipp, Ian",1,2018,2018,0,,3,"Department of Mathematics, UNC Chapel Hill, North Carolina 27599, USA",arXiv:1711.07605 (2017),,,https://zbmath.org/authors/philipp.ian,,,,,
"Philippe, Emmanuel",1,2008,2008,0,,6,,,,,https://zbmath.org/authors/philippe.emmanuel,,,,,
"Pho-On, Witsarut",1,2017,2017,0,,6,,,,,https://zbmath.org/authors/pho-on.witsarut,,,,,
"Picantin, Matthieu",1,2011,2011,0,,21,"U. Caen, France",,https://www.math.unicaen.fr/~picantin/,,https://zbmath.org/authors/picantin.matthieu,,,,,
"Picardello, Massimo Angelo",1,1987,1987,0,,83,,,,,https://zbmath.org/authors/picardello.massimo-angelo,,,,,
"Picaud, Jean-Claude",1,2025,2025,0,,8,,,,,https://zbmath.org/authors/picaud.jean-claude,,,,,
"Pickrell, Douglas",1,2002,2002,0,,46,University of Arizona,,https://appliedmath.arizona.edu/person/doug-pickrell,https://mathscinet.ams.org/mathscinet/MRAuthorID/239326,https://zbmath.org/authors/pickrell.douglas,https://www.mathgenealogy.org/id.php?id=45133,,,,
"Piergallini, Riccardo",1,2013,2013,0,,32,"Scuola di Scienze e Tecnologie, Università di Camerino Via Madonna delle Carceri 9 62032 Camerino Italy",arXiv:2605.26337 (2026),,,https://zbmath.org/authors/piergallini.riccardo,,,,,
"Pietsch, Brian",1,2024,2024,0,,1,,,,,https://zbmath.org/authors/pietsch.brian,,,,,
"Pikaart, Martin",1,2000,2000,0,,4,,,,,https://zbmath.org/authors/pikaart.martin,,,,,
"Pilaud, Vincent",1,2018,2018,0,,104,,,,https://mathscinet.ams.org/mathscinet/MRAuthorID/860480,https://zbmath.org/authors/pilaud.vincent,https://www.mathgenealogy.org/id.php?id=146569,https://orcid.org/0000-0002-2070-9223,,,
"Pilgrim, Samantha",1,2025,2025,0,,5,,,,,https://zbmath.org/authors/pilgrim.samantha,,,,,
"Pinkall, Ulrich",1,2015,2015,0,,87,"Technische Universität Berlin, Berlin, Germany",arXiv:2411.05132 (2024),https://page.math.tu-berlin.de/~pinkall/,https://mathscinet.ams.org/mathscinet/MRAuthorID/139770,https://zbmath.org/authors/pinkall.ulrich,https://www.mathgenealogy.org/id.php?id=28344,https://orcid.org/0000-0002-2087-6435,https://en.wikipedia.org/wiki/Ulrich_Pinkall,,ICM Invited Speaker (1998)
"Pinto, Alon",1,2017,2017,0,,3,,,,,https://zbmath.org/authors/pinto.alon,,,,,
"Pinzón-Caicedo, Juanita",1,2018,2018,0,,15,"University of Notre Dame, Notre Dame, IN USA",arXiv:2609.22378 (2026),https://jpinzonc.science.nd.edu/,,https://zbmath.org/authors/pinzon-caicedo.juanita,,https://orcid.org/0000-0002-5855-3535,,,
"Pires, Ana Rita",1,2015,2015,0,,14,"School of Mathematics and Maxwell Institute for Mathematical Sciences, University of Edinburgh, JCMB, Peter Guthrie Tait Road, EH9 3FD…",arXiv:2312.12260 (2023),,https://mathscinet.ams.org/mathscinet/MRAuthorID/951568,https://zbmath.org/authors/pires.ana-rita,https://www.mathgenealogy.org/id.php?id=170677,,,,
"Pirio, Luc",1,2017,2017,0,,26,,,,https://mathscinet.ams.org/mathscinet/MRAuthorID/740440,https://zbmath.org/authors/pirio.luc,https://www.mathgenealogy.org/id.php?id=87997,,,,
"Pirola, Gian Pietro",1,2024,2024,0,,110,,,http://www-dimat.unipv.it/~pirola/,,https://zbmath.org/authors/pirola.gian-pietro,https://www.mathgenealogy.org/id.php?id=101505,https://orcid.org/0000-0002-2007-2525,,,
"Pirot, François",1,2024,2024,0,,30,"LISN (Université Paris-Saclay), 91190, Gif sur Yvette, France",arXiv:2508.19617 (2025),,,https://zbmath.org/authors/pirot.francois,,,,,
"Piwek, Paweł",1,2025,2025,0,,6,,,,,https://zbmath.org/authors/piwek.pawel,,,,,
"Plaut, Conrad P.",1,2010,2010,0,,33,,,,,https://zbmath.org/authors/plaut.conrad-p,,,,,
"Poddar, Mainak",1,2008,2008,0,,31,"Department of Mathematics, Indian Institute of Science Education and Research Pune, Pune, India",arXiv:2609.33488 (2026),,,https://zbmath.org/authors/poddar.mainak,,,,,
"Poineau, Jérôme",1,2022,2022,0,,29,"Normandie Univ., UNICAEN, CNRS, Laboratoire de mathématiques Nicolas Oresme, 14000 Caen, France",arXiv:2503.18643 (2025),,https://mathscinet.ams.org/mathscinet/MRAuthorID/791891,https://zbmath.org/authors/poineau.jerome,https://www.mathgenealogy.org/id.php?id=121286,https://orcid.org/0000-0002-9511-5112,,,
"Poleksić, Aleksandar",1,2000,2000,0,,3,,,,,https://zbmath.org/authors/poleksic.aleksandar,,,,,
"Polterovich, Iosif",1,2001,2001,0,,65,Université de Montréal,,,https://mathscinet.ams.org/mathscinet/MRAuthorID/605507,https://zbmath.org/authors/polterovich.iosif,https://www.mathgenealogy.org/id.php?id=55569,https://orcid.org/0009-0007-0052-6589,,,
"Pongtanapaisan, Puttipong",1,2024,2024,0,,27,,,,,https://zbmath.org/authors/pongtanapaisan.puttipong,,,,,
"Poor, Cris",1,1994,1994,0,,38,,,,,https://zbmath.org/authors/poor.cris,,,,,
"Popiel, Tomasz",1,2021,2021,0,,33,,,,,https://zbmath.org/authors/popiel.tomasz,,,,,
"Porto Ferreira da Silva, Ana Maria",1,2004,2004,0,,19,,,https://www.uned.es/universidad/docentes/ciencias/ana-maria-porto-ferreira-da-silva.html,,https://zbmath.org/authors/porto-ferreira-da-silva.ana-maria,,https://orcid.org/0000-0001-7005-7908,,,
"Potapchik, Alexander",1,2000,2000,0,,6,,,,,https://zbmath.org/authors/potapchik.alexander,,,,,
"Poulin, Antoine",1,2025,2025,0,,7,,,,,https://zbmath.org/authors/poulin.antoine,,,,,
"Pournin, Lionel",1,2025,2025,0,,49,"Université Paris 13, Villetaneuse, France",arXiv:2609.01412 (2026),http://lipn.univ-paris13.fr/~pournin/,https://mathscinet.ams.org/mathscinet/MRAuthorID/810224,https://zbmath.org/authors/pournin.lionel,https://www.mathgenealogy.org/id.php?id=84216,https://orcid.org/0000-0002-4471-5556,,,
"Poénaru, Valentin",1,1992,1992,0,,122,University of Paris,,,https://mathscinet.ams.org/mathscinet/MRAuthorID/140490,https://zbmath.org/authors/poenaru.valentin,https://www.mathgenealogy.org/id.php?id=98580,,https://en.wikipedia.org/wiki/Valentin_Po%C3%A9naru,,
"Prasad, Dipendra",1,2005,2005,0,,98,,,https://sites.google.com/view/dipendra-prasad/home http://www.math.tifr.res.in/~dprasad/,https://mathscinet.ams.org/mathscinet/MRAuthorID/291342,https://zbmath.org/authors/prasad.dipendra,https://www.mathgenealogy.org/id.php?id=30163,,https://en.wikipedia.org/wiki/Dipendra_Prasad,Shanti Swarup Bhatnagar Prize (2002),ICM Invited Speaker (2018)
"Prasolov, Maxim V.",1,2021,2021,0,,17,"Steklov Mathematical Institute of Russian Academy of Sciences, 8 Gubkina Str., Moscow 119991, Russia Moscow Center of Fundamental and…",arXiv:2404.13473 (2024),,,https://zbmath.org/authors/prasolov.maxim-v,,,,,
"Profio, Joseph S.",1,1990,1990,0,,1,,,,,https://zbmath.org/authors/profio.joseph-s,,,,,
"Proulx, Viera Krnanova",1,1981,1981,0,,3,,,,,https://zbmath.org/authors/proulx.viera-krnanova,,,,,
"Psaltis, Procopis",1,2008,2008,0,,2,,,,,https://zbmath.org/authors/psaltis.procopis,,,,,
"Pérez, Aitor",1,2022,2022,0,,2,,,,,https://zbmath.org/authors/perez.aitor,,,,,
"Qi, You",1,2016,2016,0,,30,,,,,https://zbmath.org/authors/qi.you,,https://orcid.org/0000-0001-7790-6052,,,
"Qin, Zhenbo",1,1993,1993,1,Inventiones Mathematicae: 1,70,,,http://www.math.missouri.edu/~zq/,https://mathscinet.ams.org/mathscinet/MRAuthorID/309827,https://zbmath.org/authors/qin.zhenbo,https://www.mathgenealogy.org/id.php?id=37828,,,,
"Qing, Jie",1,2007,2007,1,Journal of the American Mathematical Society: 1,67,,,http://www.math.ucsc.edu/faculty-research/singleton.php?&singleton=true&cruz_id=qing,https://mathscinet.ams.org/mathscinet/MRAuthorID/268101,https://zbmath.org/authors/qing.jie,https://www.mathgenealogy.org/id.php?id=39920,,,,
"Quadrelli, Claudio",1,2024,2024,0,,28,"SB,JFDipartimento di Matematica e Applicazioni, Università di Milano-Bicocca, Milan, Italy",arXiv:2606.31547 (2026),,https://mathscinet.ams.org/mathscinet/MRAuthorID/1063146,https://zbmath.org/authors/quadrelli.claudio,https://www.mathgenealogy.org/id.php?id=188892,https://orcid.org/0000-0002-7819-5042,,,
"Queffelec, Hoel",1,2021,2021,0,,26,,,http://www.math.univ-montp2.fr/~queffelec/,https://mathscinet.ams.org/mathscinet/MRAuthorID/1104235,https://zbmath.org/authors/queffelec.hoel,https://www.mathgenealogy.org/id.php?id=191055,https://orcid.org/0000-0002-8087-8256,,,
"Quick, Martyn",1,2017,2017,0,,30,"Mathematical Institute, University of St Andrews, North Haugh, St Andrews, Fife, KY16 9SS, U.K",arXiv:2609.17410 (2026),,,https://zbmath.org/authors/quick.martyn,,https://orcid.org/0000-0002-5227-2994,,,
"Quinn, Joseph Anthony",1,2018,2018,0,,3,,,,,https://zbmath.org/authors/quinn.joseph-a,https://www.mathgenealogy.org/id.php?id=201861,,,,
"Quinn, Keaton",1,2020,2020,0,,2,,,,,https://zbmath.org/authors/quinn.keaton,,,,,
"Quéguiner-Mathieu, Anne",1,2018,2018,0,,37,"Université Sorbonne Paris Nord Intitut Galilée Laboratoire Analyse, Géométrie et Applications Villetaneuse, FRANCE",arXiv:2403.11030 (2024),https://www.math.univ-paris13.fr/~queguin/,https://mathscinet.ams.org/mathscinet/MRAuthorID/367827,https://zbmath.org/authors/queguiner-mathieu.anne,https://www.mathgenealogy.org/id.php?id=84963,,,,
"Rabenda, Loïc",1,2008,2008,0,,2,"IMB, UMR 5584, CNRS, Univ. Bourgogne Franche-Comté, 21000 Dijon, France",arXiv:2009.08170 (2020),,,https://zbmath.org/authors/rabenda.loic,,,,,
"Rabin, Jeffrey M.",1,1991,1991,0,,32,,,,,https://zbmath.org/authors/rabin.jeffrey-m,,,,,
"Radcliffe, David G.",1,2003,2003,0,,9,U. Wisconsin - Milwaukee,,https://www.uwm.edu/People/radcliff/,https://mathscinet.ams.org/mathscinet/MRAuthorID/724032,https://zbmath.org/authors/radcliffe.david-g,https://www.mathgenealogy.org/id.php?id=66033,https://orcid.org/0000-0002-2397-513X,,,
"Rademacher, Hans-Bert",1,2022,2022,0,,54,"Mathematisches Institut, Universität Leipzig, D–04081 Leipzig, Germany",arXiv:2602.17833 (2026),http://www.math.uni-leipzig.de/MI/rademacher/,https://mathscinet.ams.org/mathscinet/MRAuthorID/203188,https://zbmath.org/authors/rademacher.hans-bert,https://www.mathgenealogy.org/id.php?id=71217,,,,
"Radnell, David",1,2012,2012,0,,16,,,,,https://zbmath.org/authors/radnell.david,,,,,
"Radu Popescu, Clement",1,2017,2017,0,,4,"Simion Stoilow Institute of Mathematics, P.O. Box 1-764, RO-014700 Bucharest, Romania",arXiv:1504.04733 (2015),,,https://zbmath.org/authors/radu-popescu.clement,,,,,
"Raghavendra, Nyshadham",1,2005,2005,0,,10,,,,,https://zbmath.org/authors/raghavendra.nyshadham,,,,,
"Raghunath, Sriram",1,2022,2022,0,,3,,,,,https://zbmath.org/authors/raghunath.sriram,,,,,
"Raicu, Claudiu",1,2022,2022,0,,53,"Department of Mathematics, University of Notre Dame, 255 Hurley, Notre Dame, IN 46556 Institute of Mathematics “Simion Stoilow” of the…",arXiv:2609.09534 (2026),,https://mathscinet.ams.org/mathscinet/MRAuthorID/909516,https://zbmath.org/authors/raicu.claudiu,https://www.mathgenealogy.org/id.php?id=175094,,,,
"Rajan, Conjeeveram S.",1,2004,2004,0,,55,,,,,https://zbmath.org/authors/rajan.conjeeveram-s,,,,,
"Ramagge, Jacqui",1,1998,1998,0,,32,"B. Armstrong and L.O. ClarkSchool of Mathematics and Statistics, Victoria University of Wellington, PO Box 600, Wellington 6140, NEW ZEALAND",arXiv:2307.13814 (2023),,,https://zbmath.org/authors/ramagge.jacqui,,,,,
"Ramakrishnan, Dinakar",1,2010,2010,0,,75,California Institute of Technology,,,https://mathscinet.ams.org/mathscinet/MRAuthorID/228519,https://zbmath.org/authors/ramakrishnan.dinakar,https://www.mathgenealogy.org/id.php?id=11898,https://orcid.org/0000-0002-0159-087X,,,
"Ramírez Maluendas, Camilo",1,2017,2017,0,,17,,,https://sites.google.com/view/camilo-ramirez-maluendas,https://mathscinet.ams.org/mathscinet/MRAuthorID/1093600,https://zbmath.org/authors/ramirez-maluendas.camilo,https://www.mathgenealogy.org/id.php?id=204006,,,,
"Randell, Richard C.",1,1985,1985,1,Inventiones Mathematicae: 1,36,,,,,https://zbmath.org/authors/randell.richard-c,,,,,
"Randrianantoanina, Beata",1,2019,2019,0,,45,"Department of Mathematics, Miami University, Oxford, OH 45056, USA",arXiv:2603.29011 (2026),,,https://zbmath.org/authors/randrianantoanina.beata,,,,,
"Rangarajan, Bharatram",1,2024,2024,0,,3,,,,,https://zbmath.org/authors/rangarajan.bharatram,,,,,
"Ranz, Samuel",1,2026,2026,0,,1,,,,,https://zbmath.org/authors/ranz.samuel,,,,,
"Rao, Sheng",1,2013,2013,0,,29,,,http://jszy.whu.edu.cn/raosheng/en/index.htm,https://mathscinet.ams.org/mathscinet/MRAuthorID/974930,https://zbmath.org/authors/rao.sheng,https://www.mathgenealogy.org/id.php?id=252821,,,,
"Rao, Zhenghao",1,2025,2025,0,,6,,,,,https://zbmath.org/authors/rao.zhenghao,,,,,
"Rapoport, Paul",1,2024,2024,0,,1,,,,,https://zbmath.org/authors/rapoport.paul,,,,,
"Rasila, Antti",1,2022,2022,0,,110,Technion – Israel Institute of Technology,,,https://mathscinet.ams.org/mathscinet/MRAuthorID/736050,https://zbmath.org/authors/rasila.antti,https://www.mathgenealogy.org/id.php?id=90933,https://orcid.org/0000-0003-3797-942X,,,
"Rasmussen, Sarah Dean",1,2017,2017,0,,5,,,https://www.dpmms.cam.ac.uk/~sr727/,https://mathscinet.ams.org/mathscinet/MRAuthorID/1229185,https://zbmath.org/authors/rasmussen.sarah-dean,https://www.mathgenealogy.org/id.php?id=226472,https://orcid.org/0000-0002-8195-2446,,,
"Rathbun, Matt",1,2018,2018,0,,13,"California State University, Fullerton Fullerton, CA USA",arXiv:2602.16458 (2026),,https://mathscinet.ams.org/mathscinet/MRAuthorID/964695,https://zbmath.org/authors/rathbun.matt,https://www.mathgenealogy.org/id.php?id=150386,,,,
"Ratiu, Tudor Stefan",1,2015,2015,0,,274,School of Mathematical Sciences Ministry of Education Laboratory of Scientific Computing (MOE-LSC) Shanghai Frontier Science Center of…,arXiv:2405.13533 (2024),http://math.sjtu.edu.cn/faculty/show.php?id=153,https://mathscinet.ams.org/mathscinet/MRAuthorID/145235,https://zbmath.org/authors/ratiu.tudor-stefan,https://www.mathgenealogy.org/id.php?id=11699,https://orcid.org/0000-0003-1972-5768,https://en.wikipedia.org/wiki/Tudor_Ratiu,,
"Rauch, Harry Ernest",1,1979,1979,0,,39,,,,https://mathscinet.ams.org/mathscinet/MRAuthorID/145310,https://zbmath.org/authors/rauch.h-ernest,https://www.mathgenealogy.org/id.php?id=8108,,https://en.wikipedia.org/wiki/Harry_Rauch,,
"Raum, Sven",1,2015,2015,0,,36,University of Potsdam,,http://raum-brothers.eu/sven/,https://mathscinet.ams.org/mathscinet/MRAuthorID/979089,https://zbmath.org/authors/raum.sven,https://www.mathgenealogy.org/id.php?id=174766,https://orcid.org/0000-0002-9188-9890,,,
"Ray, Arunima",1,2026,2026,0,,51,,,https://aru-ray.github.io/,https://mathscinet.ams.org/mathscinet/MRAuthorID/1039665,https://zbmath.org/authors/ray.arunima,https://www.mathgenealogy.org/id.php?id=182454,https://orcid.org/0000-0002-5620-4139,,,
"Raźny, Paweł",1,2021,2021,0,,14,,,,,https://zbmath.org/authors/razny.pawel,,,,,
"Rechnitzer, Andrew Daniel",1,2010,2010,0,,79,L. J. Blackmore Cancer Research Centre,,https://www.math.ubc.ca/~andrewr/front_page.html,,https://zbmath.org/authors/rechnitzer.andrew-daniel,,https://orcid.org/0000-0002-4386-3207,,,
"Reckwerdt, Eric",1,2026,2026,0,,3,,,,,https://zbmath.org/authors/reckwerdt.eric,,,,,
"Reddy, William L.",1,1971,1971,0,,23,,,,,https://zbmath.org/authors/reddy.william-l,,,,,
"Reid, Charles",1,2026,2026,0,,3,,,,,https://zbmath.org/authors/reid.charles,,,,,
"Reinhold, Jens",1,2022,2022,0,,9,,,https://sites.google.com/view/jens-reinhold/home,https://mathscinet.ams.org/mathscinet/MRAuthorID/1276536,https://zbmath.org/authors/reinhold.jens,https://www.mathgenealogy.org/id.php?id=249627,https://orcid.org/0000-0002-7445-8204,,,
"Remfort-Aurat, Ulysse",1,2026,2026,0,,2,,,,,https://zbmath.org/authors/remfort-aurat.ulysse,,,,,
"Rempe, Lasse",1,2026,2026,1,Inventiones Mathematicae: 1,58,University of Liverpool,,http://pcwww.liv.ac.uk/~lrempe/,https://mathscinet.ams.org/mathscinet/MRAuthorID/738017,https://zbmath.org/authors/rempe.lasse,https://www.mathgenealogy.org/id.php?id=84048,https://orcid.org/0000-0001-8032-8580,https://en.wikipedia.org/wiki/Lasse_Rempe,Whitehead Prize (2010),
"Ren, Baiying",1,2026,2026,0,,4,,,,,https://zbmath.org/authors/ren.baiying,,,,,
"Renz, Burkhardt",1,1988,1988,0,,4,,,,https://mathscinet.ams.org/mathscinet/MRAuthorID/238321,https://zbmath.org/authors/renz.burkhardt,https://www.mathgenealogy.org/id.php?id=25607,,,,
"Resende, Maria João",1,2012,2012,0,,1,Fluminense Federal University,,,https://mathscinet.ams.org/mathscinet/MRAuthorID/994099,https://zbmath.org/authors/resende.maria-joao,https://www.mathgenealogy.org/id.php?id=133741,,,,
"Reshetikhin, Nikolai Yu.",1,1991,1991,1,Inventiones Mathematicae: 1,161,,,http://math.berkeley.edu/~reshetik/,https://mathscinet.ams.org/mathscinet/MRAuthorID/147195,https://zbmath.org/authors/reshetikhin.nikolai-yu,https://www.mathgenealogy.org/id.php?id=32908,https://orcid.org/0000-0002-5352-2676,https://en.wikipedia.org/wiki/Nicolai_Reshetikhin,,
"Rezazadegan, Reza",1,2009,2009,0,,4,,,,,https://zbmath.org/authors/rezazadegan.reza,,,,,
"Rhemtulla, Akbar Hussein",1,2002,2002,0,,84,Math Dept University of Alberta Edmonton AL Canada T6G 2G1,arXiv:0808.2686 (2008),,,https://zbmath.org/authors/rhemtulla.akbar-hussein,,,,,
"Ribes, Luis",1,1990,1990,0,,53,,,,,https://zbmath.org/authors/ribes.luis,,,,,
"Richards, Ilianna",1,2026,2026,0,,1,,,,,https://zbmath.org/authors/richards.ilianna,,,,,
"Richards, James W.",1,1971,1971,0,,3,,,,,https://zbmath.org/authors/richards.james-w,,,,,
"Riche, Simon",1,2012,2012,0,,65,"Université Clermont Auvergne, CNRS, LMBP, F-63000 Clermont-Ferrand, France",arXiv:2609.25148 (2026),,,https://zbmath.org/authors/riche.simon,,,,,ICM Invited Speaker (2026)
"Ricks, Russell",1,2020,2020,0,,11,,,,,https://zbmath.org/authors/ricks.russell,,,,,
"Rieffel, Eleanor G.",1,2001,2001,0,,13,,,,,https://zbmath.org/authors/rieffel.eleanor-g,,,,,
"Ries, John F. X.",1,1993,1993,0,,10,,,,,https://zbmath.org/authors/ries.john-f-x,,,,,
"Rigsby, E. Myron",1,1993,1993,0,,1,,,,,https://zbmath.org/authors/rigsby.e-myron,,,,,
"Ringel, Claus Michael",1,1996,1996,0,,214,,,https://www.math.uni-bielefeld.de/~ringel/Welcome.html,https://mathscinet.ams.org/mathscinet/MRAuthorID/148450,https://zbmath.org/authors/ringel.claus-michael,https://www.mathgenealogy.org/id.php?id=24760,https://orcid.org/0000-0001-7434-0436,https://en.wikipedia.org/wiki/Claus_Michael_Ringel,,ICM Invited Speaker (1983)
"Ringel, Gerhard",1,1980,1980,1,Acta Mathematica: 1,75,,,,https://mathscinet.ams.org/mathscinet/MRAuthorID/148455,https://zbmath.org/authors/ringel.gerhard,https://www.mathgenealogy.org/id.php?id=11109,,https://en.wikipedia.org/wiki/Gerhard_Ringel,,
"Rivière, Gabriel",1,2020,2020,1,Inventiones Mathematicae: 1,41,"Laboratoire de Mathématiques Jean Leray, Université de Nantes, UMR CNRS 6629, 2 rue de la Houssinière, 44322 Nantes Cedex 03, France",arXiv:2509.11652 (2025),,,https://zbmath.org/authors/riviere.gabriel,,,,,
"Rivière, Tristan",1,2015,2015,0,,142,,,http://www.math.ethz.ch/~riviere/,https://mathscinet.ams.org/mathscinet/MRAuthorID/315451,https://zbmath.org/authors/riviere.tristan,https://www.mathgenealogy.org/id.php?id=63481,,https://en.wikipedia.org/wiki/Tristan_Rivi%C3%A8re,,ICM Invited Speaker (2002)
"Rizzi, Edoardo",1,2026,2026,0,,3,,,,,https://zbmath.org/authors/rizzi.edoardo,,,,,
"Robb, Arthur",1,1996,1996,0,,4,,,,,https://zbmath.org/authors/robb.arthur,,,,,
"Robbio, Bruno",1,2020,2020,0,,2,"Department of Mathematics, UPV/EHU, Sarriena s/n, 48940, Leioa - Bizkaia, Spain",arXiv:1810.06476 (2018),,,https://zbmath.org/authors/robbio.bruno,,,,,
"Roberts, John D.",1,1995,1995,0,,7,,,,,https://zbmath.org/authors/roberts.john-d,,,,,
"Roberts, Justin",1,1994,1994,0,,13,U. California - San Diego,,https://www.math.ucsd.edu/people/profiles/justin-roberts/ https://math.ucsd.edu/~justin/,https://mathscinet.ams.org/mathscinet/MRAuthorID/362369,https://zbmath.org/authors/roberts.justin,https://www.mathgenealogy.org/id.php?id=69041,,,,
"Robertson, Craig",1,2020,2020,0,,7,,,,,https://zbmath.org/authors/robertson.craig,,,,,
"Robertson, Guyan",1,1998,1998,0,,72,"School of Mathematics and Statistics, Newcastle University, Newcastle upon Tyne NE1 7RU, England, UK",arXiv:1308.0908 (2013),http://www.mas.ncl.ac.uk/~nagr1/,https://mathscinet.ams.org/mathscinet/MRAuthorID/149005,https://zbmath.org/authors/robertson.guyan,https://www.mathgenealogy.org/id.php?id=157764,,,,
"Robertson, Marcy",1,2019,2019,0,,25,,,,https://mathscinet.ams.org/mathscinet/MRAuthorID/1115770,https://zbmath.org/authors/robertson.marcy,https://www.mathgenealogy.org/id.php?id=171075,,,,
"Roblin, Thomas",1,2005,2005,0,,8,,,,,https://zbmath.org/authors/roblin.thomas,,,,,
"Rodenhausen, Moritz",1,2015,2015,0,,1,,,,,https://zbmath.org/authors/rodenhausen.moritz,,,,,
"Rodman, Daniel",1,2024,2024,0,,4,,,,,https://zbmath.org/authors/rodman.daniel,,,,,
"Rodríguez García, José Manuel",1,2004,2004,0,,204,,,http://gama.uc3m.es/index.php/jomaro.html,https://mathscinet.ams.org/mathscinet/MRAuthorID/272697,https://zbmath.org/authors/rodriguez.jose-manuel,https://www.mathgenealogy.org/id.php?id=20009,https://orcid.org/0000-0003-2851-7442,,,
"Roe, John",1,2005,2005,0,,51,Pennsylvania State University,,https://sites.psu.edu/johnroe/ http://sites.psu.edu/johnroe,https://mathscinet.ams.org/mathscinet/MRAuthorID/248116,https://zbmath.org/authors/roe.john,https://www.mathgenealogy.org/id.php?id=43912,,https://en.wikipedia.org/wiki/John_Roe_(mathematician),Whitehead Prize (1996),
"Roeder, Roland K. W.",1,2007,2007,0,,37,,,,https://mathscinet.ams.org/mathscinet/MRAuthorID/718580,https://zbmath.org/authors/roeder.roland-k-w,https://www.mathgenealogy.org/id.php?id=92424,,,,
"Roger, Claude",1,1973,1973,0,,53,,,http://math.univ-lyon1.fr/~okra/Claude2009/Claude-resume.html,,https://zbmath.org/authors/roger.claude,,,,,
"Rogers, Carson",1,2020,2020,0,,3,,,,,https://zbmath.org/authors/rogers.carson,,,,,
"Rognes, John",1,2019,2019,0,,60,University of Oslo,,,https://mathscinet.ams.org/mathscinet/MRAuthorID/329650,https://zbmath.org/authors/rognes.john,https://www.mathgenealogy.org/id.php?id=18869,,https://en.wikipedia.org/wiki/John_Rognes_(mathematician),,ICM Invited Speaker (2014)
"Rogozinnikov, Eugen",1,2025,2025,0,,9,"School of Mathematics, Korea Institute for Advanced Study 85 Hoegi-ro, Dongdaemun-gu, Seoul 02455, Republic of Korea",arXiv:2412.03588 (2024),,,https://zbmath.org/authors/rogozinnikov.eugen,,,,,
"Romrell, Zachary",1,2024,2024,0,,3,"Department of Mathematics, Williams College, Williamstown, MA 01267",arXiv:2209.04556 (2022),,,https://zbmath.org/authors/romrell.zachary,,,,,
"Ronan, Mark A.",1,1987,1987,0,,42,U. Illinois - Chicago,,https://www.math.uic.edu/~ronan,https://mathscinet.ams.org/mathscinet/MRAuthorID/150145,https://zbmath.org/authors/ronan.mark-a,https://www.mathgenealogy.org/id.php?id=12853,,https://en.wikipedia.org/wiki/Mark_Ronan,,
"Rong, Yongwu",1,1992,1992,0,,26,,,https://home.gwu.edu/~rong/,https://mathscinet.ams.org/mathscinet/MRAuthorID/206936,https://zbmath.org/authors/rong.yongwu,https://www.mathgenealogy.org/id.php?id=24951,,,,
"Rose, David E. V.",1,2024,2024,0,,34,,,,,https://zbmath.org/authors/rose.david-e-v,,https://orcid.org/0000-0001-5013-9252,,,
"Rosebrock, Stephan",1,2023,2023,0,,31,,,,,https://zbmath.org/authors/rosebrock.stephan,,https://orcid.org/0000-0002-7609-7828,,,
"Rosendal, Christian",1,2017,2017,0,,67,University of Illinois Chicago,,,https://mathscinet.ams.org/mathscinet/MRAuthorID/688175,https://zbmath.org/authors/rosendal.christian,https://www.mathgenealogy.org/id.php?id=66462,,,,
"Rosenmann, Amnon",1,1997,1997,0,,26,,,,https://mathscinet.ams.org/mathscinet/MRAuthorID/317688,https://zbmath.org/authors/rosenmann.amnon,https://www.mathgenealogy.org/id.php?id=99466,,,,
"Ross, Julius",1,2008,2008,0,,48,University of Illinois Chicago,,https://sites.google.com/uic.edu/juliusross/,https://mathscinet.ams.org/mathscinet/MRAuthorID/756428,https://zbmath.org/authors/ross.julius,https://www.mathgenealogy.org/id.php?id=93925,,,,
"Rossetti, Juan Pablo",1,2004,2004,0,,27,"FAMAF–CIEM, Universidad Nacional de Córdoba, M. Allende s/n, Ciudad Universitaria, 5000 Córdoba, Argentina",arXiv:2312.15214 (2023),,,https://zbmath.org/authors/rossetti.juan-pablo,,,,,
"Rossi, Hugo",1,1980,1980,0,,54,,,,https://mathscinet.ams.org/mathscinet/MRAuthorID/150820,https://zbmath.org/authors/rossi.hugo,https://www.mathgenealogy.org/id.php?id=24027,,https://en.wikipedia.org/wiki/Hugo_Rossi,,
"Roukema, Fionntan",1,2018,2018,0,,5,"School of Mathematics and Statistics, University of Sheffield, UK",arXiv:1701.01751 (2017),https://roukema.staff.shef.ac.uk/,https://mathscinet.ams.org/mathscinet/MRAuthorID/951612,https://zbmath.org/authors/roukema.fionntan,https://www.mathgenealogy.org/id.php?id=168918,,,,
"Rouse, Nicholas",1,2025,2025,0,,8,,,,,https://zbmath.org/authors/rouse.nicholas,,,,,
"Row, W. H. jun.",1,1974,1974,0,,9,,,,,https://zbmath.org/authors/row.w-h-jun,,,,,
"Roy, Mallika",1,2025,2025,0,,14,,,,,https://zbmath.org/authors/roy.mallika,,,,,
"Roy, Sutanu",1,2022,2022,0,,23,"Department of Mathematics Indian Institute of Technology Bombay Powai, Mumbai, 400076, Maharashtra India",arXiv:2606.21739 (2026),https://www.math.iitb.ac.in/~sutanu/,https://mathscinet.ams.org/mathscinet/MRAuthorID/1017026,https://zbmath.org/authors/roy.sutanu,https://www.mathgenealogy.org/id.php?id=184258,https://orcid.org/0000-0003-4012-8730,,,
"Royden, Halsey L.",1,1986,1986,1,Acta Mathematica: 1,62,Stanford University,,,https://mathscinet.ams.org/mathscinet/MRAuthorID/151335,https://zbmath.org/authors/royden.halsey,https://www.mathgenealogy.org/id.php?id=8310,,https://en.wikipedia.org/wiki/Halsey_Royden,,ICM Invited Speaker (1974)
"Royer, Emmanuel",1,2006,2006,0,,33,,,https://royer.perso.math.cnrs.Fr,https://mathscinet.ams.org/mathscinet/MRAuthorID/665616,https://zbmath.org/authors/royer.emmanuel,https://www.mathgenealogy.org/id.php?id=56654,https://orcid.org/0000-0002-9831-0423,,,
"Rozansky, Lev",1,2024,2024,0,,58,"Department of Mathematics University of North Carolina at Chapel Hill CB # 3250, Phillips Hall Chapel Hill, NC 27599 USA",arXiv:2510.13039 (2025),,,https://zbmath.org/authors/rozansky.lev,,,,,
"Ruan, Yongbin",1,2008,2008,0,,81,,,https://lsa.umich.edu/math/people/faculty/ruan.html,https://mathscinet.ams.org/mathscinet/MRAuthorID/242089,https://zbmath.org/authors/ruan.yongbin,https://www.mathgenealogy.org/id.php?id=32004,,https://en.wikipedia.org/wiki/Yongbin_Ruan,,ICM Invited Speaker (1998)
"Ruane, K.",1,2005,2005,0,,1,Tufts U.,,https://math.tufts.edu/people/faculty/kim-ruane,,https://zbmath.org/authors/ruane.k,,,,,
"Rudd, Cameron Gates",1,2023,2023,0,,7,,,,,https://zbmath.org/authors/rudd.cameron-gates,,,,,
"Rudnick, Zeév",1,2023,2023,0,,110,Tel Aviv University,,https://www.math.tau.ac.il/~rudnick/ http://www.math.tau.ac.il/~rudnick/,https://mathscinet.ams.org/mathscinet/MRAuthorID/242217,https://zbmath.org/authors/rudnick.zeev,https://www.mathgenealogy.org/id.php?id=39038,https://orcid.org/0000-0003-0813-2238,https://en.wikipedia.org/wiki/Zeev_Rudnick,,ICM Invited Speaker (2014)
"Rudolph, Lee Norman",1,1983,1983,0,,43,,,http://black.clarku.edu/~lrudolph/,https://mathscinet.ams.org/mathscinet/MRAuthorID/195712,https://zbmath.org/authors/rudolph.lee,https://www.mathgenealogy.org/id.php?id=33031,https://orcid.org/0000-0001-5804-8072,,,
"Rushton, Brian",1,2012,2012,0,,12,,,,https://mathscinet.ams.org/mathscinet/MRAuthorID/890553,https://zbmath.org/authors/rushton.brian,https://www.mathgenealogy.org/id.php?id=189715,,,,
"Ryabichev, Andrey",1,2024,2024,0,,10,,,,,https://zbmath.org/authors/ryabichev.andrey,,,,,
"Rybak, Ekaterina",1,2026,2026,0,,3,,,,,https://zbmath.org/authors/rybak.ekaterina,,,,,
"Röhrle, Felix",1,2024,2024,0,,9,,,https://www.roehrle.org/,,https://zbmath.org/authors/rohrle.felix,https://www.mathgenealogy.org/id.php?id=292547,,,,
"Rüedy, Reto Anton",1,1971,1971,0,,4,,,,,https://zbmath.org/authors/ruedy.reto-a,https://www.mathgenealogy.org/id.php?id=37442,,,,
"Răsdeaconu, Rareş",1,2009,2009,0,,16,"Department of Mathematics, 1326 Stevenson Center, Vanderbilt University, Nashville, TN 37240, USA “Simion Stoilow” Institute of Mathematics…",arXiv:2608.12644 (2026),,,https://zbmath.org/authors/rasdeaconu.rares,,,,,
"S, Suraj Krishna M",1,2025,2025,0,,3,"Department of Mathematics, Ashoka University Rai Sonepat Haryana, 131029, India",arXiv:2606.27085 (2026),,,https://zbmath.org/authors/s.suraj-krishna-m,,,,,
"Saadetoğlu, Müge",1,2011,2011,0,,8,,,https://fas.emu.edu.tr/tr/hakkimizda/personel/personel-detayi?sid=302&n=muge-saadetoglu,https://mathscinet.ams.org/mathscinet/MRAuthorID/791602,https://zbmath.org/authors/saadetoglu.muge,https://www.mathgenealogy.org/id.php?id=24115,,,,
"Sablik, Mathieu",1,2026,2026,0,,44,"Institut de Mathématiques de Toulouse, UMR5219, Université de Toulouse, CNRS, UPS, F-31062 Toulouse Cedex 9, France",arXiv:2508.00461 (2025),https://www.math.univ-toulouse.fr/~msablik/,https://mathscinet.ams.org/mathscinet/MRAuthorID/827711,https://zbmath.org/authors/sablik.mathieu,https://www.mathgenealogy.org/id.php?id=129911,,,,
"Sach, Heike",1,2022,2022,0,,3,,,,,https://zbmath.org/authors/sach.heike,,,,,
"Sadanand, Chandrika",1,2021,2021,0,,9,"Bowdoin College, MSE, USA",arXiv:2311.00158 (2023),https://sites.google.com/view/chandrika-sadanand,,https://zbmath.org/authors/sadanand.chandrika,https://www.mathgenealogy.org/id.php?id=239638,,,,
"Sadofschi Costa, Iván",1,2020,2020,0,,9,,,,,https://zbmath.org/authors/sadofschi-costa.ivan,,,,,
"Saha, Bhola Nath",1,2026,2026,0,,6,,,,,https://zbmath.org/authors/saha.bhola-nath,,,,,
"Sahlsten, Tuomas",1,2021,2021,0,,31,,,,https://mathscinet.ams.org/mathscinet/MRAuthorID/952974,https://zbmath.org/authors/sahlsten.tuomas,https://www.mathgenealogy.org/id.php?id=168315,,,,
"Saito, Masahico",1,2002,2002,0,,117,"Department of Mathematics and Statistics, University of South Florida, Tampa, FL 33620",arXiv:2509.04267 (2025),http://shell.cas.usf.edu/~saito/,,https://zbmath.org/authors/saito.masahico,,,,,
"Saito, Toshio",1,2008,2008,0,,35,,,https://www.juen.ac.jp/math/saito/e-index.html,,https://zbmath.org/authors/saito.toshio,,,,,
"Salazar-Díaz, Olga Patricia",1,2013,2013,0,,21,,,,https://mathscinet.ams.org/mathscinet/MRAuthorID/898775,https://zbmath.org/authors/salazar-diaz.olga-patricia,https://www.mathgenealogy.org/id.php?id=109599,https://orcid.org/0000-0001-5417-408X,,,
"Salgueiro, António M.",1,2022,2022,0,,14,,,,,https://zbmath.org/authors/salgueiro.antonio-m,https://www.mathgenealogy.org/id.php?id=30280,,,,
"Salmon, White",1,1996,1996,0,,1,,,,,https://zbmath.org/authors/salmon.white,,,,,
"Saltz, Adam",1,2016,2016,0,,5,,,http://www.adamsaltz.com/,https://mathscinet.ams.org/mathscinet/MRAuthorID/1177721,https://zbmath.org/authors/saltz.adam,https://www.mathgenealogy.org/id.php?id=204933,,,,
"Salvatore, Paolo",1,2022,2022,0,,31,,,https://www.mat.uniroma2.it/~salvator/,https://mathscinet.ams.org/mathscinet/MRAuthorID/618246,https://zbmath.org/authors/salvatore.paolo,https://www.mathgenealogy.org/id.php?id=92632,,,,
"Samperton, Eric",1,2018,2018,0,,15,Purdue University,,https://www.math.purdue.edu/~esampert/,,https://zbmath.org/authors/samperton.eric,https://www.mathgenealogy.org/id.php?id=235141,,,,
"Sanders, Andrew",1,2020,2020,0,,11,"Boston College, Visiting Scholar, 02467, Chestnut Hill, Massachusetts, United States",arXiv:2502.20195 (2025),,https://mathscinet.ams.org/mathscinet/MRAuthorID/1191058,https://zbmath.org/authors/sanders.andrew,https://www.mathgenealogy.org/id.php?id=172509,,,,
"Sanderson, Brian J.",1,1993,1993,0,,37,,,,https://mathscinet.ams.org/mathscinet/MRAuthorID/154125,https://zbmath.org/authors/sanderson.brian-j,https://www.mathgenealogy.org/id.php?id=42445,,,,
"Sandstrom, Theodore J.",1,2025,2025,0,,4,,,,,https://zbmath.org/authors/sandstrom.theodore-j,,,,,
"Sanki, Bidyut",1,2026,2026,0,,17,,,https://www.iitk.ac.in/new/bidyut-sanki,https://mathscinet.ams.org/mathscinet/MRAuthorID/1295420,https://zbmath.org/authors/sanki.bidyut,https://www.mathgenealogy.org/id.php?id=227243,https://orcid.org/0000-0002-1915-6959,,,
"Santiago, Daniel A.",1,2024,2024,0,,6,"Department of Mathematics, Harvard University, Cambridge, MA 02138",arXiv:2603.12569 (2026),,,https://zbmath.org/authors/santiago.daniel-a,,,,,
"Sarmiento, Sebastián",1,2018,2018,0,,1,"Departamento de Matemática, Universidad Técnica Federico Santa María, Valparaíso, Chile",arXiv:1703.04666 (2017),,,https://zbmath.org/authors/sarmiento.sebastian,,,,,
"Sarnak, Peter Clive",1,2014,2014,0,,180,,,https://www.math.princeton.edu/people/peter-sarnak,https://mathscinet.ams.org/mathscinet/MRAuthorID/154725,https://zbmath.org/authors/sarnak.peter-c,https://www.mathgenealogy.org/id.php?id=8361,,https://en.wikipedia.org/wiki/Peter_Sarnak,Pólya Prize (1998); Ostrowski Prize (2001); Wolf Prize (2014); Shaw Prize (2024); Sylvester Medal,"ICM Plenary Speaker (1998, 2026); ICM Invited Speaker (1990)"
"Sartori, Giovanni",1,2026,2026,0,,24,,,,,https://zbmath.org/authors/sartori.giovanni,,,,,
"Sasaki, Dounnu",1,2022,2022,0,,5,,,,,https://zbmath.org/authors/sasaki.dounnu,,,,,
"Sasyk, Roman",1,2022,2022,0,,15,,,,https://mathscinet.ams.org/mathscinet/MRAuthorID/800693,https://zbmath.org/authors/sasyk.roman,https://www.mathgenealogy.org/id.php?id=111335,,,,
"Satoh, Shin",1,2001,2001,0,,72,,,,,https://zbmath.org/authors/satoh.shin,,,,,
"Sawabe, Shun",1,2023,2023,0,,3,"Department of Pure and Applied Mathematics, School of Fundamental Science and Engineering, Waseda University, 3-4-1 Okubo, Shinjuku, Tokyo…",arXiv:2409.03802 (2024),,,https://zbmath.org/authors/sawabe.shun,,,,,
"Sawin, William F.",1,2025,2025,0,,82,,,http://williamsawin.com/ https://williamsawin.com/,https://mathscinet.ams.org/mathscinet/MRAuthorID/1022068,https://zbmath.org/authors/sawin.william-f,https://www.mathgenealogy.org/id.php?id=209569,,https://en.wikipedia.org/wiki/Will_Sawin,SASTRA Ramanujan Prize,ICM Invited Speaker (2026)
"Saxl, Jan",1,1983,1983,0,,100,,,,https://mathscinet.ams.org/mathscinet/MRAuthorID/155270,https://zbmath.org/authors/saxl.jan,https://www.mathgenealogy.org/id.php?id=46094,,https://en.wikipedia.org/wiki/Jan_Saxl,,
"Sayag, Elad",1,2025,2025,0,,2,,,,,https://zbmath.org/authors/sayag.elad,,,,,
"Sayari, Nabil",1,2007,2007,0,,8,,,,,https://zbmath.org/authors/sayari.nabil,,,,,
"Sağlam, Murat",1,2025,2025,0,,15,,,,,https://zbmath.org/authors/saglam.murat,,,,,
"Scaduto, Christopher William",1,2024,2024,0,,21,University of Miami,,https://www.ic.sunysb.edu/Faculty/cscaduto/,https://mathscinet.ams.org/mathscinet/MRAuthorID/1122383,https://zbmath.org/authors/scaduto.christopher-w,https://www.mathgenealogy.org/id.php?id=199073,,,,
"Scarabotti, Fabio",1,1999,1999,0,,52,"Dipartimento SBAI, Sapienza Università di Roma, 00161 Roma, Italy",arXiv:2405.08371 (2024),,https://mathscinet.ams.org/mathscinet/MRAuthorID/317120,https://zbmath.org/authors/scarabotti.fabio,https://www.mathgenealogy.org/id.php?id=117859,,,,
"Scarparo, Eduardo P.",1,2022,2022,0,,16,"Center for Engineering, Federal University of Pelotas, R. Benjamin Constant 989, 96010-020, Pelotas/RS, Brazil",arXiv:2603.04020 (2026),https://sites.google.com/site/eduardopscarparo/,,https://zbmath.org/authors/scarparo.eduardo-p,,https://orcid.org/0000-0001-5860-6433,,,
"Schaffer-Cohen, Anschel",1,2024,2024,0,,3,,,https://anschel.fyi,,https://zbmath.org/authors/schaffer-cohen.anschel,,,,,
"Schaffhauser, Florent",1,2023,2023,0,,29,,,,,https://zbmath.org/authors/schaffhauser.florent,,,,,
"Schafhauser, Christopher P.",1,2026,2026,0,,26,,,,,https://zbmath.org/authors/schafhauser.christopher-p,,,,,
"Schanuel, Stephen Hoel",1,2001,2001,0,,26,University at Buffalo,,,https://mathscinet.ams.org/mathscinet/MRAuthorID/155580,https://zbmath.org/authors/schanuel.stephen-hoel,https://www.mathgenealogy.org/id.php?id=37415,,https://en.wikipedia.org/wiki/Stephen_Schanuel,,
"Schatz, Alfred H.",1,1970,1970,0,,55,,,https://math.cornell.edu/alfred-h-schatz,https://mathscinet.ams.org/mathscinet/MRAuthorID/155655,https://zbmath.org/authors/schatz.alfred-h,https://www.mathgenealogy.org/id.php?id=33169,,,,
"Schecter, Stephen",1,1981,1981,0,,71,,,,,https://zbmath.org/authors/schecter.stephen,,https://orcid.org/0000-0002-6676-3858,,,
"Schenck, Hal",1,2015,2015,0,,89,Auburn University,,https://www.auburn.edu/cosam/faculty/math_stats/schenck/index.htm http://webhome.auburn.edu/~hks0015,https://mathscinet.ams.org/mathscinet/MRAuthorID/621581,https://zbmath.org/authors/schenck.hal,https://www.mathgenealogy.org/id.php?id=30847,https://orcid.org/0000-0002-1692-7500,https://en.wikipedia.org/wiki/Hal_Schenck,,
"Schick, Thomas",1,2015,2015,0,,122,"U. Goettingen, Germany",,https://www.uni-math.gwdg.de/schick/,https://mathscinet.ams.org/mathscinet/MRAuthorID/635784,https://zbmath.org/authors/schick.thomas,https://www.mathgenealogy.org/id.php?id=27755,https://orcid.org/0000-0001-6473-305X,https://en.wikipedia.org/wiki/Thomas_Schick,,ICM Invited Speaker (2014)
"Schillewaert, Jeroen",1,2025,2025,0,,64,,,http://jeroenschillewaert.com,https://mathscinet.ams.org/mathscinet/MRAuthorID/831547,https://zbmath.org/authors/schillewaert.jeroen,https://www.mathgenealogy.org/id.php?id=132137,,,,
"Schleicher, Dierk",1,2009,2009,1,Journal of the American Mathematical Society: 1,99,Constructor University Bremen,,http://math.jacobs-university.de/schleicher/,https://mathscinet.ams.org/mathscinet/MRAuthorID/359328,https://zbmath.org/authors/schleicher.dierk,https://www.mathgenealogy.org/id.php?id=39588,https://orcid.org/0000-0002-7586-6189,,,
"Schmidt, Benjamin",1,2017,2017,0,,30,,,https://users.math.msu.edu/users/schmi444/,https://mathscinet.ams.org/mathscinet/MRAuthorID/803074,https://zbmath.org/authors/schmidt.benjamin,https://www.mathgenealogy.org/id.php?id=119274,,,,
"Schneebeli, Hans Rudolf",1,1979,1979,0,,23,,,,,https://zbmath.org/authors/schneebeli.hans-rudolf,,,,,
"Schneider, Andrew",1,2017,2017,0,,5,"AS: Department of Mathematics, Purdue University, West Lafayette, IN 47907, USA",arXiv:1609.00604 (2016),,,https://zbmath.org/authors/schneider.andrew,,,,,
"Schneider, Csaba",1,2018,2018,0,,50,"Departamento de Matemática Universidade Federal de Minas Gerais 31270-901 Belo Horizonte, MG, Brazil schcs.github.io/WP/",arXiv:2302.09589 (2023),,,https://zbmath.org/authors/schneider.csaba,,,,,
"Schneider, Jakob",1,2024,2024,0,,13,,,https://tu-dresden.de/mn/math/geometrie/das-institut/beschaeftigte/jakob-schneider?set_language=en,,https://zbmath.org/authors/schneider.jakob,https://www.mathgenealogy.org/id.php?id=276470,,,,
"Schultz, Phillip",1,1998,1998,0,,90,,,,,https://zbmath.org/authors/schultz.phillip,,,,,
"Schuster, Hans Werner",1,1973,1973,0,,11,Ludwig-Maximilians-Universität München,,,https://mathscinet.ams.org/mathscinet/MRAuthorID/157310,https://zbmath.org/authors/schuster.hans-werner,https://www.mathgenealogy.org/id.php?id=29379,,,,
"Schwarz, Gideon E.",1,1990,1990,0,,32,,,,https://mathscinet.ams.org/mathscinet/MRAuthorID/214911,https://zbmath.org/authors/schwarz.gideon-e,https://www.mathgenealogy.org/id.php?id=220079,,,,
"Schäfer, Leo",1,2025,2025,0,,3,,,,,https://zbmath.org/authors/schafer.leo,,,,,
"Scott, Alexander D.",1,2024,2024,0,,236,,,https://people.maths.ox.ac.uk/scott/,https://mathscinet.ams.org/mathscinet/MRAuthorID/334830,https://zbmath.org/authors/scott.alexander-d,https://www.mathgenealogy.org/id.php?id=79346,https://orcid.org/0000-0003-4489-5988,,,ICM Invited Speaker (2022)
"Scott, Geoffrey",1,2015,2015,0,,12,"Department of Mathematics, University of Toronto, Toronto, Canada",arXiv:1802.02959 (2018),,https://mathscinet.ams.org/mathscinet/MRAuthorID/864036,https://zbmath.org/authors/scott.geoffrey,https://www.mathgenealogy.org/id.php?id=184825,,,,
"Sedano-Mendoza, Manuel",1,2022,2022,0,,6,,,,,https://zbmath.org/authors/sedano-mendoza.manuel,https://www.mathgenealogy.org/id.php?id=228142,,,,
"Seelig, Ryan",1,2026,2026,0,,3,,,,,https://zbmath.org/authors/seelig.ryan,,,,,
"Seifert, Benedict G.",1,1984,1984,0,,19,,,,,https://zbmath.org/authors/seifert.benedict-g,,,,,
"Seifert, Herbert",1,1935,1935,0,,42,,,,https://mathscinet.ams.org/mathscinet/MRAuthorID/225137,https://zbmath.org/authors/seifert.herbert,https://www.mathgenealogy.org/id.php?id=15668,,https://en.wikipedia.org/wiki/Herbert_Seifert,,ICM Invited Speaker (1932)
"Seitz, Gary Michael",1,1983,1983,0,,98,University of Oregon,,https://pages.uoregon.edu/seitz/,https://mathscinet.ams.org/mathscinet/MRAuthorID/158315,https://zbmath.org/authors/seitz.gary-m,https://www.mathgenealogy.org/id.php?id=12469,,https://en.wikipedia.org/wiki/Gary_Seitz,,
"Sell, Connor",1,2023,2023,0,,7,,,,,https://zbmath.org/authors/sell.connor,,,,,
"Semmler, Klaus-Dieter",1,2008,2008,0,,12,,,,,https://zbmath.org/authors/semmler.klaus-dieter,,,,,
"Seo, Donggyun",1,2021,2021,0,,9,,,,,https://zbmath.org/authors/seo.donggyun,,,,,
"Serbin, Denis E.",1,2012,2012,0,,18,"Department of Mathematical Sciences, Stevens Institute of Technology, 1 Castle Point on Hudson, Hoboken, NJ 07030, USA",arXiv:2204.06151 (2022),,,https://zbmath.org/authors/serbin.denis-e,,,,,
"Sert, Cagri",1,2023,2023,0,,23,"Mathematics Institute, Zeeman Building University of Warwick, Coventry CV4 7AL, U.K",arXiv:2504.11115 (2025),,,https://zbmath.org/authors/sert.cagri,,,,,
"Servatius, Brigitte",1,1989,1989,0,,62,Worcester Polytechnic Institute,,,https://mathscinet.ams.org/mathscinet/MRAuthorID/193523,https://zbmath.org/authors/servatius.brigitte,https://www.mathgenealogy.org/id.php?id=30507,https://orcid.org/0000-0003-3729-3399,https://en.wikipedia.org/wiki/Brigitte_Servatius,,
"Seshadri, Harish",1,2020,2020,0,,48,,,,https://mathscinet.ams.org/mathscinet/MRAuthorID/712201,https://zbmath.org/authors/seshadri.harish,https://www.mathgenealogy.org/id.php?id=73840,,,,
"Sethares, G. C.",1,1968,1968,0,,7,,,,,https://zbmath.org/authors/sethares.g-c,,,,,
"Shalev, Aner",1,1994,1994,0,,186,,,https://mathematics.huji.ac.il/people/aner-shalev,https://mathscinet.ams.org/mathscinet/MRAuthorID/228986,https://zbmath.org/authors/shalev.aner,https://www.mathgenealogy.org/id.php?id=43520,,https://en.wikipedia.org/wiki/Aner_Shalev,,ICM Invited Speaker (1998)
"Shamovich, Eli",1,2022,2022,0,,25,,,,,https://zbmath.org/authors/shamovich.eli,,,,,
"Shaneson, Julius L.",1,1970,1970,0,,89,,,,https://mathscinet.ams.org/mathscinet/MRAuthorID/159615,https://zbmath.org/authors/shaneson.julius-l,https://www.mathgenealogy.org/id.php?id=6581,,https://en.wikipedia.org/wiki/Julius_L._Shaneson,,"ICM Invited Speaker (1983, 1994)"
"Shankar, Krishnan",1,2009,2009,0,,31,James Madison University,,https://math.ou.edu/~shankar/,https://mathscinet.ams.org/mathscinet/MRAuthorID/627030,https://zbmath.org/authors/shankar.krishnan,https://www.mathgenealogy.org/id.php?id=38112,https://orcid.org/0000-0003-0249-2750,,,
"Shanmugalingam, Nageswari",1,2012,2012,0,,125,University of Cincinnati,,https://homepages.uc.edu/~shanmun/,https://mathscinet.ams.org/mathscinet/MRAuthorID/666716,https://zbmath.org/authors/shanmugalingam.nageswari,https://www.mathgenealogy.org/id.php?id=58325,https://orcid.org/0000-0002-2891-5064,,,
"Shannon, Mario",1,2026,2026,0,,7,,,,,https://zbmath.org/authors/shannon.mario,,,,,
"Shapiro, Benjamin",1,2024,2024,0,,12,"Department of Mathematics Dartmouth College Hanover, NH 03755",arXiv:2505.07599 (2025),,,https://zbmath.org/authors/shapiro.benjamin,,,,,
"Shapiro, Brandon T.",1,2018,2018,0,,19,,,,,https://zbmath.org/authors/shapiro.brandon-t,,,,,
"Shapiro, Harold Seymour",1,1990,1990,0,,158,,,https://people.kth.se/~shapiro/,https://mathscinet.ams.org/mathscinet/MRAuthorID/159755,https://zbmath.org/authors/shapiro.harold-s,https://www.mathgenealogy.org/id.php?id=7797,,https://en.wikipedia.org/wiki/Harold_S._Shapiro,,
"Shareshian, John",1,2003,2003,1,Journal of the American Mathematical Society: 1,53,,,,,https://zbmath.org/authors/shareshian.john,,,,,
"Sharifi, Romyar T.",1,2003,2003,0,,30,,,,,https://zbmath.org/authors/sharifi.romyar-t,,,,,
"Sharma, Divya",1,2025,2025,0,,10,,,,,https://zbmath.org/authors/sharma.divya,,,,,
"Shaukat, Awais",1,2025,2025,0,,3,"Abdus Salam School of Mathematical Sciences, Lahore, Pakistan",arXiv:2306.08614 (2023),,,https://zbmath.org/authors/shaukat.awais,,https://orcid.org/0000-0002-0249-2227,,,
"Shawcroft, Paul",1,1994,1994,0,,1,,,,,https://zbmath.org/authors/shawcroft.paul,,,,,
"Sheffield, Scott",1,2006,2006,0,,91,Massachusetts Institute of Technology,,http://math.mit.edu/~sheffield/,https://mathscinet.ams.org/mathscinet/MRAuthorID/701925,https://zbmath.org/authors/sheffield.scott,https://www.mathgenealogy.org/id.php?id=98927,https://orcid.org/0000-0002-5951-4933,https://en.wikipedia.org/wiki/Scott_Sheffield,Rollo Davidson Prize (2006); Loève Prize (2011); Clay Research Award (2017),ICM Plenary Speaker (2022); ICM Invited Speaker (2010)
"Shemtov, Zvi",1,2023,2023,0,,8,,,,,https://zbmath.org/authors/shemtov.zvi,,,,,
"Shen, Dali",1,2022,2022,0,,5,,,,,https://zbmath.org/authors/shen.dali,,,,,
"Shen, Shu",1,2020,2020,1,Inventiones Mathematicae: 1,19,,,https://webusers.imj-prg.fr/~shu.shen/,https://mathscinet.ams.org/mathscinet/MRAuthorID/1055649,https://zbmath.org/authors/shen.shu,https://www.mathgenealogy.org/id.php?id=223225,,,,
"Shephard, Geoffrey Colin",1,1990,1990,0,,155,,,,https://mathscinet.ams.org/mathscinet/MRAuthorID/160335,https://zbmath.org/authors/shephard.geoffrey-colin,https://www.mathgenealogy.org/id.php?id=124232,,https://en.wikipedia.org/wiki/Geoffrey_Colin_Shephard,,
"Shepherd-Barron, Nicholas Ian",1,2014,2014,0,,54,King's College London,,https://www.dpmms.cam.ac.uk/~nisb/,https://mathscinet.ams.org/mathscinet/MRAuthorID/160365,https://zbmath.org/authors/shepherd-barron.nicholas-i,https://www.mathgenealogy.org/id.php?id=74770,,https://en.wikipedia.org/wiki/Nicholas_Shepherd-Barron,Fellow of the Royal Society (2006),
"Shi, Enhui",1,2010,2010,0,,70,"School of Mathematics and Sciences, Soochow University, Suzhou, Jiangsu 215006, China",arXiv:2504.09539 (2025),,,https://zbmath.org/authors/shi.enhui,,,,,
"Shi, Yaozhong",1,2025,2025,0,,10,,,,,https://zbmath.org/authors/shi.yaozhong,,,,,
"Shiba, Masakazu",1,1987,1987,0,,45,,,,,https://zbmath.org/authors/shiba.masakazu,,,,,
"Shimokawa, Koya",1,2009,2009,0,,35,"Department of Mathematics, Ochanomizu University, Tokyo 112-8610, Japan",arXiv:2410.00445 (2024),,,https://zbmath.org/authors/shimokawa.koya,,,,,
"Shinko, Forte",1,2024,2024,0,,12,,,,,https://zbmath.org/authors/shinko.forte,,,,,
"Shinomiya, Yoshihiko",1,2014,2014,0,,6,,,,,https://zbmath.org/authors/shinomiya.yoshihiko,,,,,
"Shishikura, Mitsuhiro",1,2009,2009,1,Journal of the American Mathematical Society: 1,23,,,https://www.math.kyoto-u.ac.jp/~mitsu/,https://mathscinet.ams.org/mathscinet/MRAuthorID/234670,https://zbmath.org/authors/shishikura.mitsuhiro,https://www.mathgenealogy.org/id.php?id=172234,,https://en.wikipedia.org/wiki/Mitsuhiro_Shishikura,Salem Prize (1992),ICM Invited Speaker (1994)
"Shlyakhtenko, Dimitri L.",1,2020,2020,0,,80,"University of California, Los Angeles",,https://www.math.ucla.edu/~shlyakht/ https://www.math.ucla.edu/~shlyakht/index.shtml,https://mathscinet.ams.org/mathscinet/MRAuthorID/606307,https://zbmath.org/authors/shlyakhtenko.dimitri-l,https://www.mathgenealogy.org/id.php?id=32737,https://orcid.org/0000-0002-0221-7508,,,ICM Invited Speaker (2010)
"Shnider, Steven",1,1978,1978,1,Inventiones Mathematicae: 1,71,,,http://u.math.biu.ac.il/~shnider/ https://u.math.biu.ac.il/~shnider/,https://mathscinet.ams.org/mathscinet/MRAuthorID/161050,https://zbmath.org/authors/shnider.steven,https://www.mathgenealogy.org/id.php?id=69034,,https://en.wikipedia.org/wiki/Steve_Shnider,,
"Shomroni, Yotam",1,2025,2025,0,,6,,,,,https://zbmath.org/authors/shomroni.yotam,,,,,
"Short, Donald R.",1,1974,1974,0,,5,,,,,https://zbmath.org/authors/short.donald-r,,,,,
"Short, Ian",1,2013,2013,0,,47,,,,,https://zbmath.org/authors/short.ian,,,,,
"Shpectorov, Sergey Viktorovich",1,2015,2015,0,,111,,,https://www.birmingham.ac.uk/staff/profiles/maths/shpectorov-sergey.aspx,https://mathscinet.ams.org/mathscinet/MRAuthorID/198861,https://zbmath.org/authors/shpectorov.sergey-v,https://www.mathgenealogy.org/id.php?id=57869,https://orcid.org/0000-0001-6202-5885,,,
"Shramchenko, Vasilisa",1,2026,2026,0,,34,,,https://www.usherbrooke.ca/mathematiques/personnel/professeurs/professeurs/vasilisa-shramchenko/,,https://zbmath.org/authors/shramchenko.vasilisa,,,,,
"Shrestha, Sunrose T.",1,2023,2023,0,,8,,,https://sites.google.com/view/sunroseshrestha/home,,https://zbmath.org/authors/shrestha.sunrose-t,https://www.mathgenealogy.org/id.php?id=264566,,,,
"Shusterman, Mark",1,2020,2020,0,,32,,,https://english.tau.ac.il/profile/markshus,,https://zbmath.org/authors/shusterman.mark,,,,,
"Shustin, Eugenii Isaakovich",1,2022,2022,0,,134,Tel Aviv University,,http://www.math.tau.ac.il/~shustin/,https://mathscinet.ams.org/mathscinet/MRAuthorID/193452,https://zbmath.org/authors/shustin.eugenii-isaakovich,https://www.mathgenealogy.org/id.php?id=83088,https://orcid.org/0000-0002-0854-2942,https://en.wikipedia.org/wiki/Eugenii_Shustin,,ICM Invited Speaker (1990)
"Sibilla, Nicolò",1,2014,2014,0,,29,,,,,https://zbmath.org/authors/sibilla.nicolo,,,,,
"Sidney, Stuart J.",1,1981,1981,0,,35,,,,,https://zbmath.org/authors/sidney.stuart-j,,,,,
"Siebenmann, Laurence C.",1,1987,1987,0,,43,University of Paris-Sud,,,https://mathscinet.ams.org/mathscinet/MRAuthorID/161665,https://zbmath.org/authors/siebenmann.laurence-c,https://www.mathgenealogy.org/id.php?id=22446,,https://en.wikipedia.org/wiki/Laurent_C._Siebenmann,,ICM Invited Speaker (1970)
"Siegel, Kyler",1,2021,2021,0,,20,,,,,https://zbmath.org/authors/siegel.kyler,,,,,
"Siegenthaler, Olivier",1,2012,2012,0,,4,,,,https://mathscinet.ams.org/mathscinet/MRAuthorID/844115,https://zbmath.org/authors/siegenthaler.olivier,https://www.mathgenealogy.org/id.php?id=138928,,,,
"Sierra, Ismael",1,2026,2026,0,,6,,,,,https://zbmath.org/authors/sierra.ismael,,,,,
"Sikorav, Jean-Claude",1,2023,2023,0,,28,École Normale Supérieure de Lyon,,http://www.umpa.ens-lyon.fr/labo.php?login=sikorav,https://mathscinet.ams.org/mathscinet/MRAuthorID/161995,https://zbmath.org/authors/sikorav.jean-claude,https://www.mathgenealogy.org/id.php?id=66438,,https://en.wikipedia.org/wiki/Jean-Claude_Sikorav,,
"Silva, Pedro Miguel",1,2024,2024,0,,3,,,https://sites.google.com/view/pedromsilva,,https://zbmath.org/authors/silva.pedro-m,,,,,
"Silva, Pedro V.",1,2013,2013,0,,116,,,https://cmup.fc.up.pt/cmup/pvsilva/,https://mathscinet.ams.org/mathscinet/MRAuthorID/320088,https://zbmath.org/authors/silva.pedro-v,https://www.mathgenealogy.org/id.php?id=93883,https://orcid.org/0000-0003-1819-7289,,,
"Simental, José E.",1,2025,2025,1,Journal of the American Mathematical Society: 1,31,"Universidad Nacional Autónoma de México, Instituto de Matemáticas. Ciudad Universitaria, CDMX, México",arXiv:2609.12414 (2026),https://sites.google.com/view/jsimental,https://mathscinet.ams.org/mathscinet/MRAuthorID/979605,https://zbmath.org/authors/simental.jose-e,https://www.mathgenealogy.org/id.php?id=243017,https://orcid.org/0000-0002-8626-4634,,,
"Sims, Aidan",1,2002,2002,0,,125,University of Wollongong,,https://www.aidansims.com/,https://mathscinet.ams.org/mathscinet/MRAuthorID/671497,https://zbmath.org/authors/sims.aidan,https://www.mathgenealogy.org/id.php?id=131037,https://orcid.org/0000-0002-1965-6451,,,
"Singer, Michael F.",1,1981,1981,0,,111,,,https://singer.math.ncsu.edu/,https://mathscinet.ams.org/mathscinet/MRAuthorID/162800,https://zbmath.org/authors/singer.michael-f,https://www.mathgenealogy.org/id.php?id=27633,https://orcid.org/0000-0001-6526-8313,https://en.wikipedia.org/wiki/Michael_F._Singer,,
"Sjerve, Denis K.",1,1987,1987,0,,38,,,,,https://zbmath.org/authors/sjerve.denis-k,,,,,
"Skalski, Adam G.",1,2021,2021,0,,109,University of Łódź,,https://www.impan.pl/~skalski/ http://www.impan.pl/~skalski/,https://mathscinet.ams.org/mathscinet/MRAuthorID/705797,https://zbmath.org/authors/skalski.adam-g,https://www.mathgenealogy.org/id.php?id=99501,,,,
"Skenderi, Aleksander",1,2026,2026,0,,5,,,,,https://zbmath.org/authors/skenderi.aleksander,,,,,
"Skowroński, Andrzej",1,2019,2019,0,,252,Nicolaus Copernicus University in Toruń,,,https://mathscinet.ams.org/mathscinet/MRAuthorID/189061,https://zbmath.org/authors/skowronski.andrzej,https://www.mathgenealogy.org/id.php?id=146612,,,,
"Sköldberg, Emil",1,2010,2010,0,,16,,,,,https://zbmath.org/authors/skoldberg.emil,,,,,
"Sledd, Levi",1,2023,2023,0,,3,,,,,https://zbmath.org/authors/sledd.levi,https://www.mathgenealogy.org/id.php?id=303745,,,,
"Slegers, Ivo",1,2021,2021,0,,4,,,,,https://zbmath.org/authors/slegers.ivo,,,,,
"Slingerland, Joost K.",1,2005,2005,0,,17,,,http://www.thphys.nuim.ie/staff/joost/,https://mathscinet.ams.org/mathscinet/MRAuthorID/657791,https://zbmath.org/authors/slingerland.joost-k,https://www.mathgenealogy.org/id.php?id=99140,,,,
"Slodkowski, Zbigniew",1,1997,1997,0,,74,,,https://www.math.uic.edu/people/profile?netid=zbigniew,https://mathscinet.ams.org/mathscinet/MRAuthorID/163690,https://zbmath.org/authors/slodkowski.zbigniew,https://www.mathgenealogy.org/id.php?id=149350,,,,
"Slutsky, Raz",1,2025,2025,0,,10,"Merton College, Merton Street, OX1 4JD, Oxford, United Kingdom",arXiv:2608.05037 (2026),,,https://zbmath.org/authors/slutsky.raz,,,,,
"Smilga, Ilia",1,2026,2026,0,,19,Mathematical Institute University of Oxford United Kingdom,arXiv:2309.02847 (2023),,,https://zbmath.org/authors/smilga.ilia,,,,,
"Smillie, Peter",1,2018,2018,0,,11,,,https://petersmillie.github.io/,https://mathscinet.ams.org/mathscinet/MRAuthorID/1273682,https://zbmath.org/authors/smillie.peter,https://www.mathgenealogy.org/id.php?id=256838,,,,
"Smolinsky, Lawrence J.",1,1992,1992,0,,15,,,,,https://zbmath.org/authors/smolinsky.lawrence-j,,,,,
"Sohrabi, Mahmood",1,2017,2017,0,,15,,,,,https://zbmath.org/authors/sohrabi.mahmood,,,,,
"Solomon, Elchanan",1,2021,2021,0,,6,,,,,https://zbmath.org/authors/solomon.elchanan,,,,,
"Solomon, Jake P.",1,2024,2024,0,,34,,,http://www.ma.huji.ac.il/~jake/,https://mathscinet.ams.org/mathscinet/MRAuthorID/806034,https://zbmath.org/authors/solomon.jake-p,https://www.mathgenealogy.org/id.php?id=109336,,,,
"Son, Miri",1,2023,2023,0,,3,,,,,https://zbmath.org/authors/son.miri,,,,,
"Song, Hyunjong",1,2005,2005,0,,24,,,,,https://zbmath.org/authors/song.hyunjong,,,,,
"Song, Jian",1,2024,2024,0,,75,"Department of Mathematics, Rutgers University, Piscataway, NJ 08854",arXiv:2609.39726 (2026),https://sites.math.rutgers.edu/~jiansong/,https://mathscinet.ams.org/mathscinet/MRAuthorID/746741,https://zbmath.org/authors/song.jian,https://www.mathgenealogy.org/id.php?id=23001,,,,
"Song, Jiebo",1,2026,2026,0,,4,"Beijing Institute of Mathematical Sciences and Applications, Huairou District, Beijing, China",arXiv:2509.16868 (2025),https://www.bimsa.cn/detail/songjiebo.html,,https://zbmath.org/authors/song.jiebo,,,,,
"Song, Won Taek",1,2005,2005,0,,6,,,,https://mathscinet.ams.org/mathscinet/MRAuthorID/698607,https://zbmath.org/authors/song.won-taek,https://www.mathgenealogy.org/id.php?id=78717,,,,
"Song, Yinchong",1,2023,2023,0,,2,,,,,https://zbmath.org/authors/song.yinchong,,,,,
"Sonkin, Dmitry M.",1,2009,2009,0,,7,,,,https://mathscinet.ams.org/mathscinet/MRAuthorID/719843,https://zbmath.org/authors/sonkin.dmitry-m,https://www.mathgenealogy.org/id.php?id=28398,,,,
"Sorcar, Gangotryi",1,2025,2025,0,,7,,,,,https://zbmath.org/authors/sorcar.gangotryi,,,,,
"Soroko, Ignat",1,2020,2020,0,,15,"Department of Mathematics, Southern Methodist University, Dallas, TX 75205, USA",arXiv:2606.26082 (2026),https://www.math.unt.edu/~soroko/ https://www.math.lsu.edu/~ignatsoroko/,https://mathscinet.ams.org/mathscinet/MRAuthorID/1324976,https://zbmath.org/authors/soroko.ignat,https://www.mathgenealogy.org/id.php?id=237115,https://orcid.org/0000-0002-7301-736X,,,
"Soudères, Ismael",1,2018,2018,0,,7,,,,https://mathscinet.ams.org/mathscinet/MRAuthorID/898295,https://zbmath.org/authors/souderes.ismael,https://www.mathgenealogy.org/id.php?id=162973,,,,
"Soultanis, Elefterios",1,2024,2024,0,,29,"Department of Mathematics and Statistics, P.O. Box 35, FI-40014 University of Jyvaskyla",arXiv:2608.13124 (2026),https://terisoultanis.com/,https://mathscinet.ams.org/mathscinet/MRAuthorID/989349,https://zbmath.org/authors/soultanis.elefterios,https://www.mathgenealogy.org/id.php?id=205907,https://orcid.org/0000-0001-9514-3941,,,
"Souplet, Philippe",1,2023,2023,0,,143,,,https://www.math.univ-paris13.fr/~souplet/indexEngl.html,https://mathscinet.ams.org/mathscinet/MRAuthorID/314071,https://zbmath.org/authors/souplet.philippe,https://www.mathgenealogy.org/id.php?id=63093,https://orcid.org/0000-0002-3254-9829,,,
"Sozen, Yasar",1,2001,2001,0,,29,"Hacettepe University, 06800 Ankara, Türkiye",arXiv:2409.04905 (2024),,,https://zbmath.org/authors/sozen.yasar,,,,,
"Spaas, Pieter",1,2024,2024,0,,13,,,,,https://zbmath.org/authors/spaas.pieter,,,,,
"Spatzier, Ralf J.",1,2018,2018,0,,50,,,,,https://zbmath.org/authors/spatzier.ralf-j,,,,,
"Sperlich, Thomas",1,1994,1994,0,,1,,,,,https://zbmath.org/authors/sperlich.thomas,,,,,
"Spiridonov, Igor A.",1,2024,2024,0,,12,,,,,https://zbmath.org/authors/spiridonov.igor-a,,,,,
"Springborn, Boris Andre",1,2015,2015,0,,25,,,,,https://zbmath.org/authors/springborn.boris-andre,,,,,
"Sridhar, Shruthi",1,2018,2018,0,,17,,,,,https://zbmath.org/authors/sridhar.shruthi,,,,,
"Stadlbauer, Manuel",1,2023,2023,0,,31,,,,,https://zbmath.org/authors/stadlbauer.manuel,,https://orcid.org/0000-0003-2537-9128,,,
"Stahl, Saul",1,1987,1987,0,,49,,,https://stahl.ku.edu/,https://mathscinet.ams.org/mathscinet/MRAuthorID/197103,https://zbmath.org/authors/stahl.saul,https://www.mathgenealogy.org/id.php?id=8498,,,,
"Staic, Mihai D.",1,2010,2010,0,,36,,,,https://mathscinet.ams.org/mathscinet/MRAuthorID/689467,https://zbmath.org/authors/staic.mihai-d,https://www.mathgenealogy.org/id.php?id=139956,,,,
"Staley, Daniel",1,2009,2009,0,,2,,,,,https://zbmath.org/authors/staley.daniel,,,,,
"Stambaugh, Nathaniel",1,2017,2017,0,,4,"Department of Computer Science and Mathematics, Florida Southern College, Lakeland, Florida. 33801, USA",arXiv:1307.1023 (2013),,https://mathscinet.ams.org/mathscinet/MRAuthorID/929712,https://zbmath.org/authors/stambaugh.nathaniel,https://www.mathgenealogy.org/id.php?id=179443,,,,
"Stanford, Ted",1,1996,1996,0,,6,,,,,https://zbmath.org/authors/stanford.ted,,,,,
"Stange, Katherine E.",1,2018,2018,0,,45,University of Colorado Boulder,,https://math.katestange.net/ https://experts.colorado.edu/display/fisid_151508,https://mathscinet.ams.org/mathscinet/MRAuthorID/845009,https://zbmath.org/authors/stange.katherine-e,https://www.mathgenealogy.org/id.php?id=126325,https://orcid.org/0000-0003-2294-0397,https://en.wikipedia.org/wiki/Katherine_E._Stange,,
"Starkston, Laura",1,2015,2015,0,,21,,,,,https://zbmath.org/authors/starkston.laura,,,,,
"Staubach, Wolfgang",1,2015,2015,0,,61,"Eric Schippers Machray Hall, Dept. of Mathematics, University of Manitoba, Winnipeg, MB Canada R3T 2N2",arXiv:2605.09021 (2026),,https://mathscinet.ams.org/mathscinet/MRAuthorID/675031,https://zbmath.org/authors/staubach.wolfgang,https://www.mathgenealogy.org/id.php?id=102805,,,,
"Stavrou, Andreas",1,2023,2023,0,,7,,,,,https://zbmath.org/authors/stavrou.andreas,,,,,
"Stavroulakis, Nikias",1,1973,1973,0,,20,,,,,https://zbmath.org/authors/stavroulakis.nikias,,,,,
"Stebe, Peter F.",1,1971,1971,0,,15,,,,,https://zbmath.org/authors/stebe.peter-f,,,,,
"Stecker, Florian",1,2022,2022,0,,4,,,,,https://zbmath.org/authors/stecker.florian,,,,,
"Stefanov, Alexandre",1,2005,2005,0,,3,,,,,https://zbmath.org/authors/stefanov.alexandre,,,,,
"Steger, Tim",1,1998,1998,0,,47,"Matematica Università degli Studi di Sassari, Via Piandanna 4, 07100 Sassari, ITALY",arXiv:2010.06222 (2020),http://www.uniss.it/ugov/person/2855,https://mathscinet.ams.org/mathscinet/MRAuthorID/248120,https://zbmath.org/authors/steger.tim,https://www.mathgenealogy.org/id.php?id=2782,,,,
"Stein, Yosef",1,1981,1981,0,,10,,,,,https://zbmath.org/authors/stein.yosef,,,,,
"Steinebrunner, Jan",1,2026,2026,0,,17,"Gonville & Caius College, University of Cambridge, Cambridge, UK",arXiv:2604.02099 (2026),,,https://zbmath.org/authors/steinebrunner.jan,,,,,
"Sterba-Boatwright, B. D.",1,1988,1988,0,,1,,,,,https://zbmath.org/authors/sterba-boatwright.b-d,,,,,
"Stern, Mark A.",1,2018,2018,0,,41,Duke University,,,https://mathscinet.ams.org/mathscinet/MRAuthorID/248007,https://zbmath.org/authors/stern.mark-a,https://www.mathgenealogy.org/id.php?id=138160,,https://en.wikipedia.org/wiki/Mark_Stern,,
"Stevenson, Katherine F.",1,2011,2011,0,,16,"Department of Mathematics, California State Northridge, Northridge, CA 91330",arXiv:1408.0859 (2014),,,https://zbmath.org/authors/stevenson.katherine-f,,,,,
"Stewart, John",1,2023,2023,0,,6,,,,,https://zbmath.org/authors/stewart.john,,,,,
"Stigner, Carl",1,2014,2014,0,,11,,,,,https://zbmath.org/authors/stigner.carl,,,,,
"Stillwell, John Colin",1,1987,1987,0,,74,University of San Francisco,,,https://mathscinet.ams.org/mathscinet/MRAuthorID/167425,https://zbmath.org/authors/stillwell.john-c,https://www.mathgenealogy.org/id.php?id=44223,,https://en.wikipedia.org/wiki/John_Stillwell,,ICM Invited Speaker (1994)
"Stonehewer, Stewart Edward",1,1985,1985,0,,68,,,,,https://zbmath.org/authors/stonehewer.stewart-edward,,,,,
"Stong, Richard A.",1,2002,2002,0,,51,"Center for Communications Research, San Diego, CA 92121, USA",arXiv:1603.03076 (2016),,,https://zbmath.org/authors/stong.richard-a,,,,,
"Stošić, Marko",1,2021,2021,0,,63,"CEMS.UL, Departamento de Matemática, Faculdade de Ciências, Universidade de Lisboa,Edifício C6, Campo Grande, 1749-016 Lisboa, Portugal",arXiv:2508.18417 (2025),,,https://zbmath.org/authors/stosic.marko,,,,,
"Strle, Sašo",1,2004,2004,0,,21,,,,,https://zbmath.org/authors/strle.saso,,,,,
"Stroppel, Catharina H.",1,2019,2019,0,,84,,,http://www.math.uni-bonn.de/ag/stroppel/,https://mathscinet.ams.org/mathscinet/MRAuthorID/700232,https://zbmath.org/authors/stroppel.catharina-h,https://www.mathgenealogy.org/id.php?id=58328,https://orcid.org/0000-0003-3451-2314,https://en.wikipedia.org/wiki/Catharina_Stroppel,Whitehead Prize (2007),ICM Plenary Speaker (2022); ICM Invited Speaker (2010)
"Stroth, Gernot",1,1992,1992,0,,108,,,https://www2.mathematik.uni-halle.de/stroth/,https://mathscinet.ams.org/mathscinet/MRAuthorID/168350,https://zbmath.org/authors/stroth.gernot,https://www.mathgenealogy.org/id.php?id=21352,,,,
"Stucky, Ben",1,2021,2021,0,,3,,,,,https://zbmath.org/authors/stucky.ben,,,,,
"Studer, Luca",1,2026,2026,0,,8,,,,,https://zbmath.org/authors/studer.luca,,,,,
"Stufflebeam, Hunter",1,2025,2025,0,,3,,,,,https://zbmath.org/authors/stufflebeam.hunter,,,,,
"Su, Lecheng",1,2026,2026,0,,4,,,,,https://zbmath.org/authors/su.lecheng,,,,,
"Sugawa, Toshiyuki",1,2008,2008,0,,139,,,https://sugawa.cajpn.org/,,https://zbmath.org/authors/sugawa.toshiyuki,,,,,
"Sulway, Robert",1,2017,2017,1,Inventiones Mathematicae: 1,1,,,,,https://zbmath.org/authors/sulway.robert,,,,,
"Summerhill, R. Richard",1,1974,1974,0,,8,,,,,https://zbmath.org/authors/summerhill.r-richard,,,,,
"Sunderland, Matthew H.",1,2020,2020,0,,1,,,,,https://zbmath.org/authors/sunderland.matthew-h,,,,,
"Sundheim, Paul A.",1,1993,1993,0,,5,,,,,https://zbmath.org/authors/sundheim.paul-a,,,,,
"Sung, Jinwoo",1,2024,2024,0,,6,,,,,https://zbmath.org/authors/sung.jinwoo,,,,,
"Sunukjian, Nathan S.",1,2016,2016,0,,11,"Department of Mathematics and Statistics, Calvin University, Grand Rapids, MI 49506",arXiv:2607.27751 (2026),,https://mathscinet.ams.org/mathscinet/MRAuthorID/889256,https://zbmath.org/authors/sunukjian.nathan-s,https://www.mathgenealogy.org/id.php?id=160824,,,,
"Suwa, Tatsuo",1,1979,1979,1,Inventiones Mathematicae: 1,77,,,http://www.math.sci.hokudai.ac.jp/~suwa/home/toppage.html,,https://zbmath.org/authors/suwa.tatsuo,,,,,
"Suzuki, Yuhei",1,2015,2015,0,,24,,,https://www.math.sci.hokudai.ac.jp/~yuhei/index.html,,https://zbmath.org/authors/suzuki.yuhei,,,,,
"Suzzi Valli, Robert",1,2022,2022,0,,6,"Department of Mathematics, Manhattan College, 4513 Manhattan College Pkwy., Riverdale, NY, 10471",arXiv:2402.10437 (2024),,https://mathscinet.ams.org/mathscinet/MRAuthorID/1148682,https://zbmath.org/authors/suzzi-valli.robert,https://www.mathgenealogy.org/id.php?id=180027,,,,
"Suárez, Eva",1,2001,2001,0,,1,,,,,https://zbmath.org/authors/suarez.eva,,,,,
"Suárez-Serrato, Pablo",1,2009,2009,0,,33,,,https://www.matem.unam.mx/fsd/pablo,https://mathscinet.ams.org/mathscinet/MRAuthorID/858320,https://zbmath.org/authors/suarez-serrato.pablo,https://www.mathgenealogy.org/id.php?id=126819,,,,
"Symington, Margaret",1,2009,2009,0,,7,,,,,https://zbmath.org/authors/symington.margaret,,,,,
"Symonds, Peter",1,1988,1988,0,,56,,,,https://mathscinet.ams.org/mathscinet/MRAuthorID/240531,https://zbmath.org/authors/symonds.peter,https://www.mathgenealogy.org/id.php?id=70443,,,,
"Szakács, Nóra",1,2023,2023,0,,16,"Department of Mathematics, University of Manchester, Manchester M13 9PL, United Kingdom",arXiv:2607.07227 (2026),,,https://zbmath.org/authors/szakacs.nora,,,,,
"Szendrői, Balázs",1,2004,2004,0,,46,,,https://homepage.univie.ac.at/balazs.szendroi/,https://mathscinet.ams.org/mathscinet/MRAuthorID/658073,https://zbmath.org/authors/szendroi.balazs,https://www.mathgenealogy.org/id.php?id=70026,https://orcid.org/0000-0002-0092-4719,,,
"Szymik, Markus",1,2019,2019,0,,48,,,https://szymik.github.io,,https://zbmath.org/authors/szymik.markus,,,,,
"Sánchez, Andrew P.",1,2016,2016,0,,2,,,,,https://zbmath.org/authors/sanchez.andrew-p,,,,,
"Sánchez-Peralta, Pablo",1,2025,2025,0,,8,,,,,https://zbmath.org/authors/sanchez-peralta.pablo,,,,,
"Taam, Alexander",1,2017,2017,0,,3,,,,,https://zbmath.org/authors/taam.alexander,,,,,
"Tadokoro, Yuuki",1,2008,2008,0,,11,"Faculty of Science Division II, Department of Mathematics, Tokyo University of Science, 1-3 Kagurazaka, Shinjuku-ku, Tokyo 162-8601, Japan",arXiv:2506.08050 (2025),https://sites.google.com/view/ytadokoro/vitae/vitae_en,,https://zbmath.org/authors/tadokoro.yuuki,,https://orcid.org/0000-0001-5799-7479,,,
"Taheri, Ali",1,2003,2003,0,,57,University of Sussex,,http://www.sussex.ac.uk/profiles/203434,https://mathscinet.ams.org/mathscinet/MRAuthorID/675490,https://zbmath.org/authors/taheri.ali,https://www.mathgenealogy.org/id.php?id=79545,https://orcid.org/0000-0001-9639-4291,,,
"Takao, Kazuto",1,2014,2014,0,,10,,,,,https://zbmath.org/authors/takao.kazuto,,,,,
"Takata, Toshie",1,2015,2015,0,,23,,,,,https://zbmath.org/authors/takata.toshie,,,,,
"Takeda, Alex A.",1,2022,2022,0,,10,,,https://www.ocf.berkeley.edu/~atakeda/,,https://zbmath.org/authors/takeda.alex-a,https://www.mathgenealogy.org/id.php?id=256222,,,,
"Takeuchi, Nobuko",1,1987,1987,0,,28,,,,,https://zbmath.org/authors/takeuchi.nobuko,,,,,
"Takeuchi, Yoshihiro",1,1991,1991,0,,17,,,,,https://zbmath.org/authors/takeuchi.yoshihiro,,,,,
"Talambutsa, Alexey L.",1,2018,2018,0,,19,"Steklov Mathematical Institute of RAS, Gubkina str., 8, 119991 Moscow, Russia HSE University, Laboratory of Theoretical Computer Science…",arXiv:2512.24266 (2025),,,https://zbmath.org/authors/talambutsa.alexey-l,,,,,
"Talbott, Henry W.",1,2026,2026,0,,5,,,,,https://zbmath.org/authors/talbott.henry-w,,,,,
"Tam, Luen-Fai",1,1995,1995,0,,120,"The Institute of Mathematical Sciences and Department of Mathematics, The Chinese University of Hong Kong, Shatin, Hong Kong, China",arXiv:2409.04947 (2024),,https://mathscinet.ams.org/mathscinet/MRAuthorID/170445,https://zbmath.org/authors/tam.luen-fai,https://www.mathgenealogy.org/id.php?id=44453,,https://en.wikipedia.org/wiki/Luen-Fai_Tam,,
"Tamagawa, Akio",1,2019,2019,0,,50,Kyoto University,,,https://mathscinet.ams.org/mathscinet/MRAuthorID/362316,https://zbmath.org/authors/tamagawa.akio,,,,,
"Tamam, Nattalie",1,2026,2026,0,,12,,,,,https://zbmath.org/authors/tamam.nattalie,,,,,
"Tamborini, Carolina",1,2024,2024,0,,9,"Essener Seminar für Algebraische Geometrie und Arithmetik, Fakultät für Mathematik, Universität Duisburg-Essen, 45117 Essen",arXiv:2609.37023 (2026),,,https://zbmath.org/authors/tamborini.carolina,,https://orcid.org/0000-0002-7256-7060,,,
"Tamburini, Maria Chiara",1,1997,1997,0,,40,,,,,https://zbmath.org/authors/tamburini.maria-chiara,,,,,
"Tan, Cindy",1,2024,2024,0,,3,,,,,https://zbmath.org/authors/tan.cindy,,,,,
"Tan, Dong",1,2023,2023,0,,9,"Guangxi University, School of Mathematics and Information Science & Guangxi Center for Mathematical Research & Center for Applied…",arXiv:2507.12728 (2025),https://gxcmr.gxu.edu.cn/info/1051/1518.htm,,https://zbmath.org/authors/tan.dong,,,,,
"Tan, Ser",1,2018,2018,0,,1,"Department of Mathematics, National University of Singapore, Singapore",arXiv:2601.01324 (2026),,,https://zbmath.org/authors/tan.ser,,,,,
"Tanaka, Mamoru",1,2014,2014,0,,5,,,,,https://zbmath.org/authors/tanaka.mamoru.1,,,,,
"Tanaka, Ryokichi",1,2025,2025,0,,23,"Department of Mathematics, Kyoto University, Kyoto, 606-8502, Japan",arXiv:2607.17444 (2026),,,https://zbmath.org/authors/tanaka.ryokichi,,,,,
"Tanaka, Shunsuke",1,2012,2012,0,,1,"Department of Mathematics, Graduate School of Science, Osaka University, Toyonaka, Osaka 560-0043, Japan",arXiv:1201.4797 (2012),,,https://zbmath.org/authors/tanaka.shunsuke,,,,,
"Tanaka, Toshifumi",1,1999,1999,0,,25,,,,,https://zbmath.org/authors/tanaka.toshifumi,,,,,
"Tancer, Martin",1,2016,2016,0,,67,,,https://kam.mff.cuni.cz/~tancer/ http://kam.mff.cuni.cz/~tancer,https://mathscinet.ams.org/mathscinet/MRAuthorID/797999,https://zbmath.org/authors/tancer.martin,https://www.mathgenealogy.org/id.php?id=178673,https://orcid.org/0000-0002-1191-6714,,,
"Taniguchi, Masaki",1,2026,2026,0,,36,"Department of Mathematics, Kyoto University, Japan",arXiv:2609.18043 (2026),https://sites.google.com/view/masaki-taniguchis-homepage,,https://zbmath.org/authors/taniguchi.masaki,,,,,
"Taniguchi, Toyo",1,2025,2025,0,,7,,,https://sites.google.com/view/toyo-taniguchi/home/,,https://zbmath.org/authors/taniguchi.toyo,,,,,
"Taniyama, Kouki",1,2010,2010,0,,56,,,,,https://zbmath.org/authors/taniyama.kouki,,,,,
"Tanushevski, Slobodan",1,2017,2017,0,,11,"Universidade Federal Fluminense Instituto de Matemática e Estatística 24210-201 Nitéroi, RJ Brasil",arXiv:2206.07863 (2022),,,https://zbmath.org/authors/tanushevski.slobodan,,,,,
"Tao, Bingxue",1,2026,2026,0,,3,,,,,https://zbmath.org/authors/tao.bingxue,,,,,
"Tao, Ran",1,2025,2025,0,,66,,,,,https://zbmath.org/authors/tao.ran,,,,,
"Tardos, Gábor",1,1996,1996,1,Inventiones Mathematicae: 1,160,,,http://www.renyi.hu/~tardos/,https://mathscinet.ams.org/mathscinet/MRAuthorID/170845,https://zbmath.org/authors/tardos.gabor,https://www.mathgenealogy.org/id.php?id=99198,https://orcid.org/0000-0002-4281-1843,https://en.wikipedia.org/wiki/G%C3%A1bor_Tardos,EMS Prize (1992),ICM Invited Speaker (2018)
"Tatsuoka, Kay S.",1,1993,1993,0,,3,,,,,https://zbmath.org/authors/tatsuoka.kay-s,,,,,
"Tawn, Stephen",1,2016,2016,0,,7,,,,https://mathscinet.ams.org/mathscinet/MRAuthorID/858718,https://zbmath.org/authors/tawn.stephen,https://www.mathgenealogy.org/id.php?id=136810,,,,
"Tayou, Salim",1,2026,2026,0,,14,"Department of Mathematics, Dartmouth College, Kemeny Hall, Hanover, NH 03755, USA",arXiv:2603.01251 (2026),https://people.math.harvard.edu/~tayou/,,https://zbmath.org/authors/tayou.salim,https://www.mathgenealogy.org/id.php?id=253888,https://orcid.org/0000-0001-5844-573X,,,
"Taĭmanov, Iskander Asanovich",1,2022,2022,0,,164,Novosibirsk State University,,http://old.math.nsc.ru/~taimanov/,https://mathscinet.ams.org/mathscinet/MRAuthorID/199287,https://zbmath.org/authors/taimanov.iskander-a,https://www.mathgenealogy.org/id.php?id=62901,https://orcid.org/0000-0002-2779-183X,https://en.wikipedia.org/wiki/Iskander_Taimanov,,ICM Invited Speaker (2022)
"Tchangang, Roger Tambekou",1,1987,1987,0,,1,,,,,https://zbmath.org/authors/tchangang.roger-tambekou,,,,,
"Tee, Ming Hong",1,2023,2023,0,,2,,,,,https://zbmath.org/authors/tee.ming-hong,,,,,
"Teichner, Peter",1,2019,2019,1,Annals of Mathematics: 1,78,"Max Planck Institute for Mathematics, Bonn, Germany",arXiv:2601.09650 (2026),https://math.berkeley.edu/people/faculty/peter-teichner,https://mathscinet.ams.org/mathscinet/MRAuthorID/335816,https://zbmath.org/authors/teichner.peter,https://www.mathgenealogy.org/id.php?id=25969,,https://en.wikipedia.org/wiki/Peter_Teichner,,ICM Invited Speaker (2002)
"Telpukhovskiy, Ivan",1,2023,2023,0,,3,,,,,https://zbmath.org/authors/telpukhovskiy.ivan,,,,,
"Terasoma, Tomohide",1,2002,2002,0,,68,University of Tokyo,,,https://mathscinet.ams.org/mathscinet/MRAuthorID/217105,https://zbmath.org/authors/terasoma.tomohide,https://www.mathgenealogy.org/id.php?id=152857,,,,ICM Invited Speaker (2006)
"Tesolin, Francesco",1,2026,2026,0,,2,"Maxwell Institute and Department of Mathematics, Heriot-Watt University, Edinburgh, UK",arXiv:2603.29524 (2026),,,https://zbmath.org/authors/tesolin.francesco,,,,,
"Tessler, Ran J.",1,2024,2024,0,,46,,,https://www.weizmann.ac.il/math/tessler/home,,https://zbmath.org/authors/tessler.ran-j,,,,,
Thang T. Q. Lê,1,2023,2023,0,,1,,,,,https://zbmath.org/authors/thang-t-q-le.,,,,,
"Thebaldi, Rafael S.",1,2015,2015,0,,2,,,,,https://zbmath.org/authors/thebaldi.rafael-s,,,,,
"Then, Holger",1,2021,2021,0,,16,,,,,https://zbmath.org/authors/then.holger,,,,,
"Thiel, Anne-Laure",1,2023,2023,0,,10,,,,https://mathscinet.ams.org/mathscinet/MRAuthorID/941787,https://zbmath.org/authors/thiel.anne-laure,https://www.mathgenealogy.org/id.php?id=165145,,,,
"Thomas, Alexander",1,2021,2021,0,,16,,,https://thomas-math.wixsite.com/maths/english-version,,https://zbmath.org/authors/thomas.alexander,https://www.mathgenealogy.org/id.php?id=270942,https://orcid.org/0000-0002-3252-3979,,,
"Thompson, Abigail A.",1,2005,2005,0,,44,U. California - Davis,,https://www.math.ucdavis.edu/~thompson/ https://math.ucdavis.edu/~thompson/,https://mathscinet.ams.org/mathscinet/MRAuthorID/172260,https://zbmath.org/authors/thompson.abigail-a,https://www.mathgenealogy.org/id.php?id=6024,,https://en.wikipedia.org/wiki/Abigail_Thompson,Satter Prize (2003),
"Thorne, Frank",1,2023,2023,0,,35,,,,https://mathscinet.ams.org/mathscinet/MRAuthorID/840724,https://zbmath.org/authors/thorne.frank,https://www.mathgenealogy.org/id.php?id=124226,,,,
"Thornton, John S.",1,1986,1986,0,,23,,,,,https://zbmath.org/authors/thornton.john-s,,,,,
"Thumann, Werner",1,2017,2017,0,,5,,,,https://mathscinet.ams.org/mathscinet/MRAuthorID/1081841,https://zbmath.org/authors/thumann.werner,https://www.mathgenealogy.org/id.php?id=190464,,,,
"Thurston, Nathaniel",1,2003,2003,1,Annals of Mathematics: 1,3,,,,,https://zbmath.org/authors/thurston.nathaniel,,,,,
"Tian, Feng",1,1998,1998,0,,32,,,,,https://zbmath.org/authors/tian.feng.2,,,,,
"Tian, Gang",1,2007,2007,1,Journal of the American Mathematical Society: 1,254,,,http://tian.bicmr.pku.edu.cn/index.htm http://tian.bicmr.pku.edu.cn,https://mathscinet.ams.org/mathscinet/MRAuthorID/220655,https://zbmath.org/authors/tian.gang,https://www.mathgenealogy.org/id.php?id=37749,,https://en.wikipedia.org/wiki/Tian_Gang,Veblen Prize (1996),ICM Plenary Speaker (2002); ICM Invited Speaker (1990)
"Tian, Geng",1,2024,2024,0,,23,"Department of Mathematics, Liaoning University, Liaoning, China",arXiv:2609.23996 (2026),,,https://zbmath.org/authors/tian.geng,,,,,
"Tian, Ye",1,2024,2024,0,,41,"Morningside Center of Mathematics and Institute of Mathematics, Academy of Mathematics and Systems Science, Chinese Academy of Sciences…",arXiv:2609.14893 (2026),http://www.mcm.ac.cn/faculty/tianye/,https://mathscinet.ams.org/mathscinet/MRAuthorID/666761,https://zbmath.org/authors/tian.ye,https://www.mathgenealogy.org/id.php?id=77687,,https://en.wikipedia.org/wiki/Tian_Ye_(mathematician),,
"Tidmore, Joseph",1,2018,2018,0,,1,"Department of Mathematical Sciences University of Wisconsin-Milwaukee Milwaukee, WI 53201, USA",arXiv:1612.06272 (2016),,,https://zbmath.org/authors/tidmore.joseph,,,,,
"Tignol, Jean-Pierre",1,2018,2018,0,,134,"ICTEAM Institute, UCLouvain, avenue Georges Lemaître 4–6, Box L4.05.01, B-1348 Louvain-la-Neuve, Belgium",arXiv:2301.10130 (2023),https://perso.uclouvain.be/jean-pierre.tignol/Page_personnelle_de_Jean-Pierre_Tignol.html,https://mathscinet.ams.org/mathscinet/MRAuthorID/172580,https://zbmath.org/authors/tignol.jean-pierre,https://www.mathgenealogy.org/id.php?id=22812,https://orcid.org/0000-0003-3475-0670,https://en.wikipedia.org/wiki/Jean-Pierre_Tignol,,
"Timmann, Steffen",1,1975,1975,0,,6,,,,,https://zbmath.org/authors/timmann.steffen,,,,,
"Toinet, Emmanuel",1,2013,2013,0,,2,,,,,https://zbmath.org/authors/toinet.emmanuel,,,,,
"Tomašev, Nenad",1,2024,2024,0,,7,,,,,https://zbmath.org/authors/tomasev.nenad,,,,,
"Topiwala, Pankaj",1,1991,1991,0,,8,,,,,https://zbmath.org/authors/topiwala.pankaj,,,,,
"Torelli, Sara",1,2024,2024,0,,17,"Dipartimento di Matematica, Politecnico di Milano, Piazza Leonardo da Vinci 12, 20133 Milano, Italy",arXiv:2607.02240 (2026),https://sites.google.com/view/saratorelli7/home,,https://zbmath.org/authors/torelli.sara,https://www.mathgenealogy.org/id.php?id=272307,https://orcid.org/0000-0002-1678-2065,,,
"Torgerson, Noah",1,2025,2025,0,,1,,,,,https://zbmath.org/authors/torgerson.noah,,,,,
"Torisu, Ichiro",1,2003,2003,0,,15,"Department of Computer Science and Engineering, Faculty of Engineering and Resource Science, Akita University, Tegata, Akita 010-8502, Japan",arXiv:math/0103023 (2001),,,https://zbmath.org/authors/torisu.ichiro,,,,,
"Torkaman, Tina",1,2024,2024,0,,7,,,,,https://zbmath.org/authors/torkaman.tina,,,,,
"Tornero, José María",1,2004,2004,0,,34,,,http://chematornero.wordpress.com,https://mathscinet.ams.org/mathscinet/MRAuthorID/702983,https://zbmath.org/authors/tornero.jose-m,https://www.mathgenealogy.org/id.php?id=61644,https://orcid.org/0000-0001-5898-1049,,,
"Tosteson, Philip",1,2021,2021,0,,15,"Department of Mathematics, University of North Carolina, Chapel Hill, NC, USA",arXiv:2506.22640 (2025),,,https://zbmath.org/authors/tosteson.philip,,,,,
"Toussaint, Lauran",1,2026,2026,0,,9,,,,,https://zbmath.org/authors/toussaint.lauran,,,,,
"Toyoda, Tetsu",1,2012,2012,0,,10,,,,,https://zbmath.org/authors/toyoda.tetsu,,,,,
"Traaseth, Alec",1,2026,2026,0,,1,"Department of Mathematics, University of Virginia, Charlottesville, VA 22902, USA",arXiv:2305.08011 (2023),,,https://zbmath.org/authors/traaseth.alec,,,,,
"Trapp, Kathryn A.",1,1996,1996,0,,3,,,,,https://zbmath.org/authors/trapp.kathryn-a,,,,,
"Treib, Nicolaus",1,2022,2022,0,,4,,,,,https://zbmath.org/authors/treib.nicolaus,,,,,
"Tresser, Charles",1,1994,1994,0,,104,,,,,https://zbmath.org/authors/tresser.charles,,,,,
"Tretkoff, Marvin D.",1,1973,1973,0,,30,,,,,https://zbmath.org/authors/tretkoff.marvin-d,,,,,
"Trettel, Steve J.",1,2023,2023,0,,8,,,,,https://zbmath.org/authors/trettel.steve-j,,,,,
"Treybig, L. B.",1,1975,1975,0,,47,Tulane University,,,https://mathscinet.ams.org/mathscinet/MRAuthorID/210435,https://zbmath.org/authors/treybig.l-b,https://www.mathgenealogy.org/id.php?id=318,,,,
"Trnková, Maria",1,2015,2015,0,,11,,,,https://mathscinet.ams.org/mathscinet/MRAuthorID/940459,https://zbmath.org/authors/trnkova.maria,https://www.mathgenealogy.org/id.php?id=167824,,,,
"Troubat, Roméo",1,2026,2026,0,,2,"Institut des Hautes Études Scientifiques, Bures-Sur-Yvette, France",arXiv:2411.08679 (2024),,,https://zbmath.org/authors/troubat.romeo,,,,,
"Troubetzkoy, Serge Eugene",1,2008,2008,0,,91,,,https://www.i2m.univ-amu.fr/perso/serge.troubetzkoy/,https://mathscinet.ams.org/mathscinet/MRAuthorID/292399,https://zbmath.org/authors/troubetzkoy.serge-eugene,https://www.mathgenealogy.org/id.php?id=46033,,,,
"Troyanov, Marc",1,2005,2005,0,,64,École polytechnique fédérale de Lausanne (former),,https://sma.epfl.ch/~troyanov/,https://mathscinet.ams.org/mathscinet/MRAuthorID/234039,https://zbmath.org/authors/troyanov.marc,https://www.mathgenealogy.org/id.php?id=64338,https://orcid.org/0000-0002-4912-0711,,,
"Trujillo-Negrete, Alejandra",1,2018,2018,0,,6,"Centro de Investigación en Matemáticas, A. C. Jalisco S/N, Col. Valenciana CP: 36023 Guanajuato, Gto, México",arXiv:2009.05833 (2020),,,https://zbmath.org/authors/trujillo-negrete.alejandra,https://www.mathgenealogy.org/id.php?id=208909,,,,
"Tsai, I-Hsun",1,1989,1989,0,,34,,,,,https://zbmath.org/authors/tsai.i-hsun,,https://orcid.org/0000-0002-6043-1537,,,
"Tsai, Yen-Lung",1,2007,2007,0,,7,,,,https://mathscinet.ams.org/mathscinet/MRAuthorID/811636,https://zbmath.org/authors/tsai.yen-lung,https://www.mathgenealogy.org/id.php?id=86949,,,,
"Tsapogas, Georgios",1,2016,2016,0,,23,,,https://w1.aua.gr/afp/en/faculty/g-tsapogas_en/,,https://zbmath.org/authors/tsapogas.georgios,,https://orcid.org/0000-0003-2186-3019,,,
"Tsau, Chichen M.",1,1986,1986,0,,15,,,,,https://zbmath.org/authors/tsau.chichen-m,,,,,
"Tselekidis, Panagiotis",1,2023,2023,0,,4,,,,,https://zbmath.org/authors/tselekidis.panagiotis,,,,,
"Tseng, Li-Sheng",1,2022,2022,0,,30,,,,,https://zbmath.org/authors/tseng.li-sheng,,,,,
"Tserunyan, Anush",1,2025,2025,0,,21,"Mathematics and Statistics, McGill University, Montréal, QC, Canada",arXiv:2609.18061 (2026),,https://mathscinet.ams.org/mathscinet/MRAuthorID/853942,https://zbmath.org/authors/tserunyan.anush,https://www.mathgenealogy.org/id.php?id=174299,,,,
"Tsuboi, Takashi",1,2013,2013,0,,55,,,,https://mathscinet.ams.org/mathscinet/MRAuthorID/193096,https://zbmath.org/authors/tsuboi.takashi,https://www.mathgenealogy.org/id.php?id=183998,,,,
"Tsuji, Shunsuke",1,2018,2018,0,,8,,,,,https://zbmath.org/authors/tsuji.shunsuke,,,,,
"Tsunogai, Hiroshi",1,1993,1993,0,,17,,,,,https://zbmath.org/authors/tsunogai.hiroshi,,,,,
"Tucker, Thomas W.",1,1974,1974,0,,97,Colgate University,,http://math.colgate.edu/faculty/tomtuck.html,https://mathscinet.ams.org/mathscinet/MRAuthorID/175090,https://zbmath.org/authors/tucker.thomas-w,https://www.mathgenealogy.org/id.php?id=38735,,https://en.wikipedia.org/wiki/Thomas_W._Tucker,,
"Tucker-Drob, Robin D.",1,2021,2021,0,,35,,,,https://mathscinet.ams.org/mathscinet/MRAuthorID/1012537,https://zbmath.org/authors/tucker-drob.robin-d,https://www.mathgenealogy.org/id.php?id=174298,,,,
"Tuffley, Christopher P.",1,2003,2003,0,,18,,,,,https://zbmath.org/authors/tuffley.christopher-p,,,,,
"Tuite, Michael P.",1,2026,2026,0,,42,"School of Mathematical and Statistical Sciences University of Galway, Galway H91 TK33, Ireland",arXiv:2609.30635 (2026),,,https://zbmath.org/authors/tuite.michael-p,,,,,
"Turchetti, Daniele",1,2022,2022,0,,9,Durham University,arXiv:2112.14728 (2021),,https://mathscinet.ams.org/mathscinet/MRAuthorID/1112096,https://zbmath.org/authors/turchetti.daniele,https://www.mathgenealogy.org/id.php?id=187451,,,,
"Turner, Edward Charles",1,1984,1984,1,Inventiones Mathematicae: 1,36,State University of New York at Albany,,,https://mathscinet.ams.org/mathscinet/MRAuthorID/213063,https://zbmath.org/authors/turner.edward-c,https://www.mathgenealogy.org/id.php?id=753,,,,
"Turner, Hannah",1,2025,2025,0,,8,,,,,https://zbmath.org/authors/turner.hannah,,,,,
"Tverberg, Helge Arnulf",1,1980,1980,0,,48,University of Bergen,,,,https://zbmath.org/authors/tverberg.helge-a,,,https://en.wikipedia.org/wiki/Helge_Tverberg,,
"Tweedy, Eamonn",1,2020,2020,0,,7,,,,https://mathscinet.ams.org/mathscinet/MRAuthorID/1007704,https://zbmath.org/authors/tweedy.eamonn,https://www.mathgenealogy.org/id.php?id=155852,,,,
"Udall, Brian",1,2026,2026,0,,5,,,,,https://zbmath.org/authors/udall.brian,,,,,
"Ue, Masaaki",1,2001,2001,0,,24,,,,,https://zbmath.org/authors/ue.masaaki,,,,,
"Ueki, Jun",1,2019,2019,0,,26,,,,https://mathscinet.ams.org/mathscinet/MRAuthorID/1087285,https://zbmath.org/authors/ueki.jun,https://www.mathgenealogy.org/id.php?id=210665,https://orcid.org/0000-0003-3799-1074,,,
"Ueno, Ryoichi",1,1995,1995,0,,4,,,,,https://zbmath.org/authors/ueno.ryoichi,,,,,
"Umemoto, Yuriko",1,2014,2014,0,,5,,,,https://mathscinet.ams.org/mathscinet/MRAuthorID/976771,https://zbmath.org/authors/umemoto.yuriko,https://www.mathgenealogy.org/id.php?id=181051,,,,
"Urbański, Mariusz",1,1993,1993,0,,245,University of North Texas,,http://www.urbanskimath.com/,https://mathscinet.ams.org/mathscinet/MRAuthorID/227493,https://zbmath.org/authors/urbanski.mariusz,https://www.mathgenealogy.org/id.php?id=60656,,,,
"Urech, David",1,2026,2026,0,,1,Department of Mathematics ETH Zürich Rämistrasse 101 8092 Zürich Switzerland,arXiv:2506.04882 (2025),,,https://zbmath.org/authors/urech.david,,,,,
"Urigüen, Jon Merladet",1,2026,2026,0,,3,,,,,https://zbmath.org/authors/uriguen.jon-merladet,,,,,
"Usadi, Karin",1,1993,1993,0,,1,,,,,https://zbmath.org/authors/usadi.karin,,,,,
"Ushakov, Alexander S.",1,2017,2017,0,,57,,,,,https://zbmath.org/authors/ushakov.alexander-s,,,,,
"Vaccaro, Andrea",1,2025,2025,0,,23,"Institut Camille Jordan, Université Claude Bernard Lyon 1, 43 Boulevard du 11 novembre 1918, 69622, Villeurbanne, France",arXiv:2604.24682 (2026),,,https://zbmath.org/authors/vaccaro.andrea,,,,,
"Vaes, Stefaan",1,2014,2014,0,,96,Katholieke Universiteit Leuven,,,https://mathscinet.ams.org/mathscinet/MRAuthorID/648597,https://zbmath.org/authors/vaes.stefaan,https://www.mathgenealogy.org/id.php?id=117021,,https://en.wikipedia.org/wiki/Stefaan_Vaes,,ICM Invited Speaker (2010)
"Vaintrob, Arkady",1,2010,2010,0,,32,,,http://pages.uoregon.edu/vaintrob/,https://mathscinet.ams.org/mathscinet/MRAuthorID/204643,https://zbmath.org/authors/vaintrob.arkady,https://www.mathgenealogy.org/id.php?id=83711,,,,
"Valdez Sánchez, Luis Gerardo",1,2019,2019,0,,14,,,,,https://zbmath.org/authors/valdez-sanchez.luis-gerardo,,,,,
"Valkenburg, Kirsten I. S.",1,2011,2011,0,,8,,,,https://mathscinet.ams.org/mathscinet/MRAuthorID/846827,https://zbmath.org/authors/valkenburg.kirsten-i-s,https://www.mathgenealogy.org/id.php?id=144755,,,,
"Vallino, Daniele",1,2016,2016,0,,1,,,,https://mathscinet.ams.org/mathscinet/MRAuthorID/1188944,https://zbmath.org/authors/vallino.daniele,https://www.mathgenealogy.org/id.php?id=171287,,,,
"Valvekens, Matthias",1,2022,2022,0,,4,,,,,https://zbmath.org/authors/valvekens.matthias,,,,,
"Vamanamurthy, Mavina Krishna",1,1994,1994,0,,99,,,,,https://zbmath.org/authors/vamanamurthy.mavina-krishna,,,,,
"Van Maldeghem, Hendrik J.",1,2003,2003,0,,303,,,https://cage.ugent.be/~hvm/index.html,https://mathscinet.ams.org/mathscinet/MRAuthorID/176895,https://zbmath.org/authors/van-maldeghem.hendrik-j,https://www.mathgenealogy.org/id.php?id=81547,,,,
"Van der Geer, Gerard",1,2020,2020,0,,124,"Korteweg-de Vries Instituut, Universiteit van Amsterdam, Postbus 94248, 1090 GE Amsterdam, The Netherlands",arXiv:2605.13300 (2026),http://gerard.vdgeer.net/,https://mathscinet.ams.org/mathscinet/MRAuthorID/194375,https://zbmath.org/authors/van-der-geer.gerard,https://www.mathgenealogy.org/id.php?id=49907,https://orcid.org/0000-0002-5247-3251,,,
"Van der Kallen, Wilberd",1,1974,1974,0,,67,Utrecht University,,http://www.staff.science.uu.nl/~kalle101/,https://mathscinet.ams.org/mathscinet/MRAuthorID/97235,https://zbmath.org/authors/van-der-kallen.wilberd,https://www.mathgenealogy.org/id.php?id=49613,https://orcid.org/0000-0002-6295-9941,https://en.wikipedia.org/wiki/Wilberd_van_der_Kallen,,ICM Invited Speaker (1978)
"Varadaraj, Srikar",1,2016,2016,0,,1,"Department of Mathematics, Columbia University, New York, NY 10027, USA",arXiv:1410.1908 (2014),,,https://zbmath.org/authors/varadaraj.srikar,,,,,
"Varadarajan, Kalathoor",1,1979,1979,1,Inventiones Mathematicae: 1,109,,,,https://mathscinet.ams.org/mathscinet/MRAuthorID/177165,https://zbmath.org/authors/varadarajan.kalathoor,https://www.mathgenealogy.org/id.php?id=18945,,,,
"Varela, Fernando",1,1984,1984,0,,17,,,,,https://zbmath.org/authors/varela.fernando,,,,,
"Vasquez, Alphonse Thomas",1,1979,1979,0,,28,City University of New York,,,https://mathscinet.ams.org/mathscinet/MRAuthorID/177400,https://zbmath.org/authors/vasquez.alphonse-thomas,https://www.mathgenealogy.org/id.php?id=32623,,,,
"Vassout, Stéphane",1,2008,2008,0,,8,"Université de Paris, CNRS, IMJ-PRG, F-75205 PARIS CEDEX 13, FRANCE",arXiv:2010.00227 (2020),,,https://zbmath.org/authors/vassout.stephane,,,,,
"Vasudevan, Sahana",1,2024,2024,0,,4,,,,,https://zbmath.org/authors/vasudevan.sahana,,,,,
"Vasy, András",1,2014,2014,0,,118,,,https://profiles.stanford.edu/andras-vasy,https://mathscinet.ams.org/mathscinet/MRAuthorID/616271,https://zbmath.org/authors/vasy.andras,https://www.mathgenealogy.org/id.php?id=37030,,https://en.wikipedia.org/wiki/Andr%C3%A1s_Vasy,Bôcher Prize (2017),ICM Invited Speaker (2014)
"Vaugon, Anne",1,2015,2015,0,,5,,,http://anne.vaugon.vwx.fr/,https://mathscinet.ams.org/mathscinet/MRAuthorID/1098106,https://zbmath.org/authors/vaugon.anne,https://www.mathgenealogy.org/id.php?id=168618,,,,
"Vautaw, William R.",1,2002,2002,0,,5,,,,,https://zbmath.org/authors/vautaw.william-r,,,,,
"Veliche, Răzvan",1,2007,2007,0,,5,,,,,https://zbmath.org/authors/veliche.razvan,,,,,
"Velickovic, Boban",1,2000,2000,0,,52,Paris Diderot University,,,https://mathscinet.ams.org/mathscinet/MRAuthorID/177680,https://zbmath.org/authors/velickovic.boban,https://www.mathgenealogy.org/id.php?id=10233,https://orcid.org/0000-0002-0563-4024,,,
"Vendramin, Leandro",1,2015,2015,0,,70,"Department of Mathematics and Data Science, Vrije Universiteit Brussel, Pleinlaan 2, 1050 Brussel, Belgium",arXiv:2608.15856 (2026),https://leandrovendramin.org http://mate.dm.uba.ar/~lvendram,https://mathscinet.ams.org/mathscinet/MRAuthorID/829575,https://zbmath.org/authors/vendramin.leandro,https://www.mathgenealogy.org/id.php?id=143255,https://orcid.org/0000-0003-0954-7785,,,
"Venkatesh, Akshay",1,2016,2016,0,,70,,,http://math.stanford.edu/~akshay/,https://mathscinet.ams.org/mathscinet/MRAuthorID/693009,https://zbmath.org/authors/venkatesh.akshay,https://www.mathgenealogy.org/id.php?id=69073,,https://en.wikipedia.org/wiki/Akshay_Venkatesh,Salem Prize (2007); SASTRA Ramanujan Prize (2008); Infosys Prize (2016); Ostrowski Prize (2017); Fields Medal (2018); Fellow of the Royal Society (2019),ICM Plenary Speaker (2018); ICM Invited Speaker (2010)
"Venkov, Boris B.",1,1999,1999,0,,67,,,,,https://zbmath.org/authors/venkov.boris-b,,,,,
"Vergnioux, Roland",1,2012,2012,0,,18,,,,,https://zbmath.org/authors/vergnioux.roland,,,,,
"Verjovsky, Alberto",1,2021,2021,0,,118,,,https://paginas.matem.unam.mx/matematicos/matematicos-r-z/matematicos-v/verjovsky-a,https://mathscinet.ams.org/mathscinet/MRAuthorID/177975,https://zbmath.org/authors/verjovsky.alberto,https://www.mathgenealogy.org/id.php?id=14469,https://orcid.org/0000-0001-6631-9637,,,
"Vermaseren, Jos A. M.",1,2025,2025,0,,31,,,,,https://zbmath.org/authors/vermaseren.jos-a-m,,,,,
"Viana, Celso",1,2025,2025,0,,10,,,,,https://zbmath.org/authors/viana.celso,,,,,
"Vigdorovich, Itamar",1,2025,2025,0,,14,,,,,https://zbmath.org/authors/vigdorovich.itamar,,,,,
"Vignati, Alessandro",1,2023,2023,0,,39,AV Institut de Mathématiques de Jussieu - Paris Rive Gauche (IMJ-PRG) Université Paris Cité Institut Universitaire de France Bâtiment…,arXiv:2602.01998 (2026),http://www.automorph.net/avignati/,,https://zbmath.org/authors/vignati.alessandro,,https://orcid.org/0000-0002-8675-3657,,,
"Vigny, Gabriel",1,2019,2019,1,Inventiones Mathematicae: 1,29,"LAMFA UMR 7352, Université de Picardie Jules Verne, 33 rue Saint-Leu, 80039 AMIENS Cedex 1, FRANCE",arXiv:2605.20935 (2026),,https://mathscinet.ams.org/mathscinet/MRAuthorID/794416,https://zbmath.org/authors/vigny.gabriel,https://www.mathgenealogy.org/id.php?id=170347,,,,
"Ville, Marina",1,1996,1996,0,,30,,,,,https://zbmath.org/authors/ville.marina,,https://orcid.org/0000-0002-7149-2589,,,
"Villemoes, Rasmus",1,2009,2009,0,,5,"Centre for Quantum Geometry of Moduli Spaces Ny Munkegade 118, bldg. 1530 Aarhus University 8000 Aarhus C Denmark",arXiv:1102.4809 (2011),,,https://zbmath.org/authors/villemoes.rasmus,,,,,
"Vinal, Greg",1,2024,2024,0,,2,,,,,https://zbmath.org/authors/vinal.greg,,,,,
"Vinberg, Èrnest Borisovich",1,2005,2005,0,,165,Lomonosov Moscow State University,,http://halgebra.math.msu.su/wiki/doku.php/staff:vinberg:english http://mech.math.msu.su/department/algebra/staff/vinberg/,https://mathscinet.ams.org/mathscinet/MRAuthorID/294279,https://zbmath.org/authors/vinberg.ernest-b,https://www.mathgenealogy.org/id.php?id=45083,,https://en.wikipedia.org/wiki/Ernest_Vinberg,,
"Vinet, Luc",1,2022,2022,0,,330,"Centre de recherches mathématiques, Université de Montréal, P.O. Box 6128Centre-ville Station, Montréal (Québec), H3C 3J7, Canada",arXiv:2609.30636 (2026),https://phys.umontreal.ca/repertoire-departement/professeurs/professeur/in/in15747/sg/Luc%20Vinet/,https://mathscinet.ams.org/mathscinet/MRAuthorID/178665,https://zbmath.org/authors/vinet.luc,https://www.mathgenealogy.org/id.php?id=67987,https://orcid.org/0000-0001-6211-7907,https://en.wikipedia.org/wiki/Luc_Vinet,,
"Vinhage, Kurt",1,2020,2020,0,,16,"DEPARTMENT OF MATHEMATICS, UNIVERSITY OF UTAH, SALT LAKE CITY, UT 84112",arXiv:2405.11137 (2024),,,https://zbmath.org/authors/vinhage.kurt,,,,,
"Virk, Žiga",1,2025,2025,0,,51,University of Ljubljana,,,https://mathscinet.ams.org/mathscinet/MRAuthorID/823367,https://zbmath.org/authors/virk.ziga,https://www.mathgenealogy.org/id.php?id=149782,https://orcid.org/0000-0001-9016-011X,,,
"Virág, Bálint",1,2025,2025,0,,80,University of Toronto,,,https://mathscinet.ams.org/mathscinet/MRAuthorID/641409,https://zbmath.org/authors/virag.balint,https://www.mathgenealogy.org/id.php?id=44669,https://orcid.org/0000-0002-9671-773X,https://en.wikipedia.org/wiki/B%C3%A1lint_Vir%C3%A1g,Rollo Davidson Prize (2008),ICM Invited Speaker (2014)
"Vishne, Uzi",1,2002,2002,0,,77,Bar-Ilan University,,https://u.math.biu.ac.il/~vishneu/ http://u.cs.biu.ac.il/~vishne/,https://mathscinet.ams.org/mathscinet/MRAuthorID/626198,https://zbmath.org/authors/vishne.uzi,https://www.mathgenealogy.org/id.php?id=44618,https://orcid.org/0000-0003-2760-9775,,,
"Vlacci, Fabio",1,2021,2021,0,,36,"MIGe Università di Trieste Piazzale Europa 1, Trieste, Italy",arXiv:2405.13411 (2024),,,https://zbmath.org/authors/vlacci.fabio,,,,,
"Vogel, Thomas",1,2018,2018,0,,13,,,http://www.math.lmu.de/~tvogel/tvogel.htm,https://mathscinet.ams.org/mathscinet/MRAuthorID/711250,https://zbmath.org/authors/vogel.thomas,https://www.mathgenealogy.org/id.php?id=95855,,,,
"Voigt, Christian",1,2009,2009,0,,30,,,,,https://zbmath.org/authors/voigt.christian,,,,,
"Volić, Ismar",1,2024,2024,0,,29,"Department of Mathematics, Wellesley College, 106 Central Street, Wellesley, MA 02481",arXiv:2503.12578 (2025),,,https://zbmath.org/authors/volic.ismar,,,,,
"Volkov, Yuriĭ S.",1,2023,2023,0,,31,,,https://math-cs.spbu.ru/en/people/volkov-yu-v/,,https://zbmath.org/authors/volkov.yu-s,,,,,
"Vonseel, Audrey",1,2018,2018,0,,1,"Université de Strasbourg, CNRS, IRMA UMR 7501, F-67000 Strasbourg, France",arXiv:1802.04602 (2018),,,https://zbmath.org/authors/vonseel.audrey,,,,,
"Vorobets, Yaroslav",1,2014,2014,0,,36,,,https://www.math.tamu.edu/~yvorobet/,,https://zbmath.org/authors/vorobets.yaroslav,,,,,
"Vrabec, Joze",1,1973,1973,0,,23,,,,https://mathscinet.ams.org/mathscinet/MRAuthorID/197102,https://zbmath.org/authors/vrabec.joze,https://www.mathgenealogy.org/id.php?id=9205,,,,
Vu The Khoi,1,2003,2003,0,,14,,,,,https://zbmath.org/authors/vu-the-khoi.,,,,,
"Vértesi, Vera",1,2009,2009,0,,25,,,,,https://zbmath.org/authors/vertesi.vera,,,,,
"Wada, Kodai",1,2021,2021,0,,24,"Department of Mathematics, Kobe University, Rokkodai-cho 1-1, Nada-ku, Kobe 657-8501, Japan",arXiv:2603.18392 (2026),,,https://zbmath.org/authors/wada.kodai,,,,,
"Wada, Masaaki",1,1996,1996,0,,26,,,,,https://zbmath.org/authors/wada.masaaki,,,,,
"Wagner, Emmanuel",1,2013,2013,0,,34,,,https://wagner.perso.math.cnrs.fr/index.html/,https://mathscinet.ams.org/mathscinet/MRAuthorID/812708,https://zbmath.org/authors/wagner.emmanuel,https://www.mathgenealogy.org/id.php?id=221577,,,,
"Wagner, Joyce",1,1999,1999,0,,2,,,,,https://zbmath.org/authors/wagner.joyce,,,,,
"Wagner, Uli",1,2016,2016,0,,80,Institute of Science and Technology Austria,,https://ist.ac.at/research/research-groups/wagner-group/,,https://zbmath.org/authors/wagner.uli,https://www.mathgenealogy.org/id.php?id=116432,https://orcid.org/0000-0002-1494-0568,,,
"Wagreich, Philip D.",1,1992,1992,0,,19,,,,https://mathscinet.ams.org/mathscinet/MRAuthorID/179905,https://zbmath.org/authors/wagreich.philip-d,https://www.mathgenealogy.org/id.php?id=25435,,,,
"Wakefield, Joshua",1,2018,2018,0,,2,,,,,https://zbmath.org/authors/wakefield.joshua,,,,,
"Waksman, Zeev",1,1977,1977,0,,14,,,,,https://zbmath.org/authors/waksman.zeev,,,,,
"Waldhausen, Friedhelm",1,1978,1978,1,Annals of Mathematics: 1,34,,,,https://mathscinet.ams.org/mathscinet/MRAuthorID/180075,https://zbmath.org/authors/waldhausen.friedhelm,https://www.mathgenealogy.org/id.php?id=24057,,https://en.wikipedia.org/wiki/Friedhelm_Waldhausen,,
"Wales, David Bertram",1,2002,2002,0,,68,,,,https://mathscinet.ams.org/mathscinet/MRAuthorID/180105,https://zbmath.org/authors/wales.david-b,https://www.mathgenealogy.org/id.php?id=11931,,,,
"Walker, Louise Anne",1,1994,1994,0,,19,,,,,https://zbmath.org/authors/walker.louise-anne,,,,,
"Walker, Russell Bruce",1,1982,1982,0,,18,Montana State University (former),,http://www.math.montana.edu/faculty/rwalker.html,https://mathscinet.ams.org/mathscinet/MRAuthorID/215721,https://zbmath.org/authors/walker.russell-b,https://www.mathgenealogy.org/id.php?id=13081,,,,
"Walsh, Cormac",1,2011,2011,0,,24,,,,,https://zbmath.org/authors/walsh.cormac,,,,,
"Wang, Biao",1,2025,2025,0,,16,,,,https://mathscinet.ams.org/mathscinet/MRAuthorID/919266,https://zbmath.org/authors/wang.biao.1,https://www.mathgenealogy.org/id.php?id=153098,https://orcid.org/0000-0002-2536-819X,,,
"Wang, Botong",1,2011,2011,0,,71,,,http://www.math.wisc.edu/~wang/,https://mathscinet.ams.org/mathscinet/MRAuthorID/923993,https://zbmath.org/authors/wang.botong,https://www.mathgenealogy.org/id.php?id=176585,,,,
"Wang, Chao",1,2015,2015,0,,26,,,,https://mathscinet.ams.org/mathscinet/MRAuthorID/1036939,https://zbmath.org/authors/wang.chao.2,https://www.mathgenealogy.org/id.php?id=226553,,,,
"Wang, He",1,2017,2017,0,,9,,,https://hewang.sites.northeastern.edu/,,https://zbmath.org/authors/wang.he,,,,,
"Wang, Jian",1,2022,2022,0,,151,,,,,https://zbmath.org/authors/wang.jian.2,,https://orcid.org/0000-0002-3870-4463,,,
"Wang, Jie",1,2002,2002,0,,39,,,,,https://zbmath.org/authors/wang.jie.1,,,,,
"Wang, Ningyi",1,1994,1994,0,,2,,,,,https://zbmath.org/authors/wang.ningyi,,,,,
"Wang, Oliver H.",1,2021,2021,0,,9,,,,,https://zbmath.org/authors/wang.oliver-h,,,,,
"Wang, Qingxue",1,2017,2017,0,,10,"School of Mathematical Sciences LMNS Fudan University Shanghai, 200433 P.R. China",arXiv:1412.7591 (2014),,,https://zbmath.org/authors/wang.qingxue,,,,,
"Wang, Shida",1,2011,2011,0,,15,"Department of Mathematics, National University of Singapore",arXiv:2406.02080 (2024),,,https://zbmath.org/authors/wang.shida,,,,,
"Wang, Stephen S.",1,2007,2007,0,,2,,,,,https://zbmath.org/authors/wang.stephen-s,,,,,
"Wang, Suhua",1,2010,2010,0,,17,"Suzhou Vocational University, Suzhou, Jiangsu 215104, China",arXiv:2211.07905 (2022),,,https://zbmath.org/authors/wang.suhua,,,,,
"Wang, Tianqi",1,2023,2023,0,,16,,,,,https://zbmath.org/authors/wang.tianqi,,,,,
"Wang, Wei",1,2024,2024,0,,10,,,,,https://zbmath.org/authors/wang.wei.159,,,,,
"Wang, Xiaowei",1,2024,2024,0,,35,,,http://www.ncas.rutgers.edu/xiaowei-wang,https://mathscinet.ams.org/mathscinet/MRAuthorID/696391,https://zbmath.org/authors/wang.xiaowei,https://www.mathgenealogy.org/id.php?id=139246,,,,
"Wang, Xuanye",1,2014,2014,0,,1,"Mathematics Department, Louisiana State University, Baton Rouge, Louisiana",arXiv:1201.1921 (2012),,,https://zbmath.org/authors/wang.xuanye,,,,,
"Wang, Yahui",1,2025,2025,0,,35,,,,,https://zbmath.org/authors/wang.yahui,,,,,
"Wang, Yi",1,2021,2021,0,,10,,,https://yiwang20.web.illinois.edu/,,https://zbmath.org/authors/wang.yi.63,,https://orcid.org/0009-0005-9767-6684,,,
"Wang, Yilong",1,2016,2016,0,,36,,,,,https://zbmath.org/authors/wang.yilong,,,,,
"Wang, Zhe",1,2024,2024,0,,13,,,https://fsw01.bcc.cuny.edu/zhe.wang/index.html,https://mathscinet.ams.org/mathscinet/MRAuthorID/887760,https://zbmath.org/authors/wang.zhe,https://www.mathgenealogy.org/id.php?id=200267,,,,
"Ward, M. A.",1,1990,1990,0,,2,,,,,https://zbmath.org/authors/ward.m-a.1,,,,,
"Warren, Andrew",1,2021,2021,0,,6,IHÉS and the University of British Columbia,arXiv:2412.20969 (2024),,,https://zbmath.org/authors/warren.andrew,,,,,
"Wasilewsky, J.",1,1977,1977,0,,1,,,,,https://zbmath.org/authors/wasilewsky.j,,,,,
"Waterman, Michael S.",1,1993,1993,0,,105,,,http://dornsife.usc.edu/labs/msw/,https://mathscinet.ams.org/mathscinet/MRAuthorID/180855,https://zbmath.org/authors/waterman.michael-s,https://www.mathgenealogy.org/id.php?id=11490,,https://en.wikipedia.org/wiki/Michael_Waterman,,
"Waterman, Peter L.",1,1983,1983,0,,11,,,,,https://zbmath.org/authors/waterman.peter-l,,,,,
"Watt, Colum",1,2018,2018,0,,14,School of Mathematics and Statistics Technological University Dublin Dublin D07 ADY7 Ireland,arXiv:2607.07567 (2026),,,https://zbmath.org/authors/watt.colum,,,,,
"Weaver, Norris",1,1978,1978,0,,3,Chancellor University,,,https://mathscinet.ams.org/mathscinet/MRAuthorID/563554,https://zbmath.org/authors/weaver.norris,https://www.mathgenealogy.org/id.php?id=31776,,,,
"Webb, U. H. M.",1,1981,1981,0,,5,,,,,https://zbmath.org/authors/webb.u-h-m,,,,,
"Weber, Matthias",1,2002,2002,1,Annals of Mathematics: 1,38,,,http://pages.iu.edu/~matweber/IU/Home.html,,https://zbmath.org/authors/weber.matthias.1,https://www.mathgenealogy.org/id.php?id=27297,,,,
"Wedrich, Paul",1,2021,2021,0,,36,,,http://paul.wedrich.at/,https://mathscinet.ams.org/mathscinet/MRAuthorID/1152159,https://zbmath.org/authors/wedrich.paul,https://www.mathgenealogy.org/id.php?id=193187,,,,
"Wegner, Christian",1,2012,2012,0,,13,,,,,https://zbmath.org/authors/wegner.christian,,,,,
"Wei, Guofang",1,2012,2012,0,,74,"University of California, Santa Barbara",,https://web.math.ucsb.edu/~wei/,https://mathscinet.ams.org/mathscinet/MRAuthorID/252129,https://zbmath.org/authors/wei.guofang,https://www.mathgenealogy.org/id.php?id=1214,,https://en.wikipedia.org/wiki/Guofang_Wei,,
"Weiermann, Andreas",1,2011,2011,0,,111,,,,,https://zbmath.org/authors/weiermann.andreas,,,,,
"Weigel, Thomas Stefan",1,2024,2024,0,,61,"Dipartimento di Matematica e Applicazioni, Università degli Studi di Milano-Bicocca, Via Roberto Cozzi, 55 - 20126, Milano, Italy",arXiv:2507.19086 (2025),https://en.unimib.it/thomas-stefan-weigel,https://mathscinet.ams.org/mathscinet/MRAuthorID/319262,https://zbmath.org/authors/weigel.thomas-s,https://www.mathgenealogy.org/id.php?id=25812,https://orcid.org/0000-0003-1183-779X,,,
"Weil, Steffen",1,2018,2018,0,,8,,,,https://mathscinet.ams.org/mathscinet/MRAuthorID/1078200,https://zbmath.org/authors/weil.steffen,https://www.mathgenealogy.org/id.php?id=183035,,,,
"Weiler, Morgan",1,2025,2025,0,,12,,,,,https://zbmath.org/authors/weiler.morgan,,,,,
"Weill, Lawrence Randolph",1,1974,1974,0,,3,,,,https://mathscinet.ams.org/mathscinet/MRAuthorID/218159,https://zbmath.org/authors/weill.lawrence-r,https://www.mathgenealogy.org/id.php?id=118353,,,,
"Weinberg, David Arthur",1,1991,1991,0,,22,,,http://www.math.ttu.edu/~dweinber/,https://mathscinet.ams.org/mathscinet/MRAuthorID/194416,https://zbmath.org/authors/weinberg.david-a,https://www.mathgenealogy.org/id.php?id=9671,,,,
"Weiss, Howard",1,2010,2010,0,,42,Pennsylvania State University,,http://people.math.gatech.edu/~weiss/Site/home.html,https://mathscinet.ams.org/mathscinet/MRAuthorID/262179,https://zbmath.org/authors/weiss.howard,https://www.mathgenealogy.org/id.php?id=26994,,,,
"Weiss, Michael S.",1,2025,2025,0,,66,,,https://wwwmath.uni-muenster.de/u/michael.weiss/,https://mathscinet.ams.org/mathscinet/MRAuthorID/223956,https://zbmath.org/authors/weiss.michael-s,https://www.mathgenealogy.org/id.php?id=52134,,https://en.wikipedia.org/wiki/Michael_Weiss_(mathematician),,
"Welby, Michael",1,2026,2026,0,,4,,,,,https://zbmath.org/authors/welby.michael,,,,,
"Welker, Volkmar",1,2025,2025,0,,103,"Philipps-Universität Marburg, Fachbereich Mathematik und Informatik, 35032 Marburg, Germany",arXiv:2609.26397 (2026),,https://mathscinet.ams.org/mathscinet/MRAuthorID/310209,https://zbmath.org/authors/welker.volkmar,https://www.mathgenealogy.org/id.php?id=26399,https://orcid.org/0000-0002-6892-5427,,,
"Wells, Joseph",1,2025,2025,0,,5,,,,,https://zbmath.org/authors/wells.joseph,,,,,
"Wells, Raymond O. jun.",1,1978,1978,1,Inventiones Mathematicae: 1,91,,,,https://mathscinet.ams.org/mathscinet/MRAuthorID/181765,https://zbmath.org/authors/wells.raymond-o-jun,https://www.mathgenealogy.org/id.php?id=20028,,https://en.wikipedia.org/wiki/Raymond_O._Wells_Jr.,,
"Wendl, Chris",1,2013,2013,0,,25,,,http://www.homepages.ucl.ac.uk/~ucahcwe/,https://mathscinet.ams.org/mathscinet/MRAuthorID/834298,https://zbmath.org/authors/wendl.chris,https://www.mathgenealogy.org/id.php?id=88092,https://orcid.org/0000-0002-7571-1195,,,
"Weng, Daping",1,2025,2025,0,,13,"Department of Mathematics, University of California, Davis, One Shields Avenue, Davis, CA 95616, United States",arXiv:2311.15466 (2023),https://www.math.ucdavis.edu/~daping/,,https://zbmath.org/authors/weng.daping,https://www.mathgenealogy.org/id.php?id=238903,https://orcid.org/0000-0002-7858-5323,,,
"Weng, Lin",1,2001,2001,0,,66,,,https://www2.math.kyushu-u.ac.jp/~weng/,,https://zbmath.org/authors/weng.lin,,,,,
"Werner, Annette",1,2021,2021,0,,50,,,https://www.uni-frankfurt.de/115681659/Prof__Dr__Annette_Werner,https://mathscinet.ams.org/mathscinet/MRAuthorID/612980,https://zbmath.org/authors/werner.annette,https://www.mathgenealogy.org/id.php?id=28983,https://orcid.org/0000-0002-6543-3902,https://en.wikipedia.org/wiki/Annette_Werner,,
"Wesolek, Phillip Richard",1,2021,2021,0,,25,,,http://people.math.binghamton.edu/wesolek/,https://mathscinet.ams.org/mathscinet/MRAuthorID/1110614,https://zbmath.org/authors/wesolek.phillip-r,https://www.mathgenealogy.org/id.php?id=212789,https://orcid.org/0000-0003-0459-6107,,,
"West, Jeremy M.",1,2025,2025,0,,5,,,,,https://zbmath.org/authors/west.jeremy-m,,,,,
"Weyman, Jerzy M.",1,2022,2022,0,,136,"Department of Mathematics, Jagiellonian University, Kraków, Poland",arXiv:2602.15175 (2026),https://jerzyweyman.com/,https://mathscinet.ams.org/mathscinet/MRAuthorID/182230,https://zbmath.org/authors/weyman.jerzy-m,https://www.mathgenealogy.org/id.php?id=36779,https://orcid.org/0000-0003-1923-0060,https://en.wikipedia.org/wiki/Jerzy_Weyman,,
"White, Matthew E.",1,2004,2004,0,,6,,,,,https://zbmath.org/authors/white.matthew-e,,,,,
"White, Nina",1,2013,2013,0,,1,,,,,https://zbmath.org/authors/white.nina,,,,,
"White, Stuart Andrew",1,2020,2020,0,,44,,,http://www.maths.gla.ac.uk/~saw/,https://mathscinet.ams.org/mathscinet/MRAuthorID/793798,https://zbmath.org/authors/white.stuart-a,https://www.mathgenealogy.org/id.php?id=153437,,,,ICM Invited Speaker (2022)
"White, Tad",1,1993,1993,0,,5,,,,,https://zbmath.org/authors/white.tad,,,,,
"Whitney, Casey",1,2025,2025,0,,1,"CW: Mathematics PhD. Program, Graduate Center of the City University of New York, 365 Fifth Avenue, New York, NY 10016-4309",arXiv:2502.05590 (2025),,,https://zbmath.org/authors/whitney.casey,,,,,
"Whittlesey, Kim",1,2000,2000,0,,7,U. Illinois - Urbana-Champaign,,https://www.math.uiuc.edu/~kwhittle/,,https://zbmath.org/authors/whittlesey.kim,,,,,
"Wiedmer, Manuel",1,2024,2024,0,,2,,,,,https://zbmath.org/authors/wiedmer.manuel,,,,,
"Wiegmann, Klaus-Werner",1,1973,1973,0,,12,,,,,https://zbmath.org/authors/wiegmann.klaus-werner,,,,,
"Wieland, Ben",1,2013,2013,0,,5,,,,,https://zbmath.org/authors/wieland.ben,,,,,
"Wilbert, Arik",1,2019,2019,0,,12,,,,,https://zbmath.org/authors/wilbert.arik,,,,,
"Wilcox, Stewart",1,2012,2012,0,,9,,,,,https://zbmath.org/authors/wilcox.stewart,,,,,
"Wilkinson, Amie",1,2012,2012,1,Annals of Mathematics: 1,56,"Department of Mathematics, University of Chicago, Chicago, IL 60637, USA",arXiv:2609.04643 (2026),http://math.uchicago.edu/~wilkinso/,https://mathscinet.ams.org/mathscinet/MRAuthorID/611391,https://zbmath.org/authors/wilkinson.amie,https://www.mathgenealogy.org/id.php?id=32385,https://orcid.org/0000-0002-9511-0960,https://en.wikipedia.org/wiki/Amie_Wilkinson,Satter Prize (2011),ICM Invited Speaker (2010)
"Will, David A.",1,2022,2022,0,,1,,,,,https://zbmath.org/authors/will.david-a,,,,,
"Willerton, Simon",1,2002,2002,0,,26,,,,,https://zbmath.org/authors/willerton.simon,,,,,
"Williams, B. T.",1,2002,2002,0,,1,,,,,https://zbmath.org/authors/williams.b-t,,,,,
"Williams, Jonathan D.",1,2010,2010,0,,7,,,https://www.binghamton.edu/math/profile.html?id=jwilliams,https://mathscinet.ams.org/mathscinet/MRAuthorID/898374,https://zbmath.org/authors/williams.jonathan-d,https://www.mathgenealogy.org/id.php?id=148995,,,,
"Williamson, Geordie",1,2014,2014,0,,65,University of Sydney,,https://www.maths.usyd.edu.au/u/geordie/,https://mathscinet.ams.org/mathscinet/MRAuthorID/845262,https://zbmath.org/authors/williamson.geordie,https://www.mathgenealogy.org/id.php?id=135632,https://orcid.org/0000-0003-3672-5284,https://en.wikipedia.org/wiki/Geordie_Williamson,Clay Research Award (2016); EMS Prize (2016); Breakthrough Prize in Mathematics (2017); Fellow of the Royal Society (2018),ICM Plenary Speaker (2018)
"Williamson, Jack",1,1972,1972,0,,19,,,,https://mathscinet.ams.org/mathscinet/MRAuthorID/199056,https://zbmath.org/authors/williamson.jack,https://www.mathgenealogy.org/id.php?id=9037,,,,
"Wilson, Jennifer C. H.",1,2022,2022,0,,20,"University of Michigan Department of Mathematics 530 Church St Ann Arbor MI, 48109 USA",arXiv:2509.05516 (2025),https://websites.umich.edu/~jchw/,https://mathscinet.ams.org/mathscinet/MRAuthorID/906642,https://zbmath.org/authors/wilson.jennifer-c-h,https://www.mathgenealogy.org/id.php?id=196472,,,,
"Wilson, Jon",1,2020,2020,0,,9,,,https://jon-m-wilson.github.io,,https://zbmath.org/authors/wilson.jon,,https://orcid.org/0000-0002-0840-5462,,,
"Wilson, Robert Arnott",1,1990,1990,0,,154,,,https://webspace.maths.qmul.ac.uk/r.a.wilson/,https://mathscinet.ams.org/mathscinet/MRAuthorID/209865,https://zbmath.org/authors/wilson.robert-a,https://www.mathgenealogy.org/id.php?id=71043,,https://en.wikipedia.org/wiki/Robert_Arnott_Wilson,,
"Wilson, Robin Todd",1,2008,2008,0,,17,,,,https://mathscinet.ams.org/mathscinet/MRAuthorID/841992,https://zbmath.org/authors/wilson.robin-todd,https://www.mathgenealogy.org/id.php?id=98883,,,,
"Winges, Christoph",1,2020,2020,0,,25,"Fakultät für Mathematik, Universität Regensburg, 93040 Regensburg, Germany",arXiv:2510.07170 (2025),,,https://zbmath.org/authors/winges.christoph,https://www.mathgenealogy.org/id.php?id=253024,,,,
"Winkelnkemper, Horst Elmar",1,1981,1981,0,,16,,,,,https://zbmath.org/authors/winkelnkemper.horst-elmar,,,,,
"Witherspoon, Sarah J.",1,2008,2008,0,,87,,,https://people.tamu.edu/~sjw/,https://mathscinet.ams.org/mathscinet/MRAuthorID/364426,https://zbmath.org/authors/witherspoon.sarah-j,https://www.mathgenealogy.org/id.php?id=53554,,https://en.wikipedia.org/wiki/Sarah_Witherspoon,,
"Witte Morris, Dave",1,1991,1991,0,,113,,,https://deductivepress.ca/dmorris/,https://mathscinet.ams.org/mathscinet/MRAuthorID/302457,https://zbmath.org/authors/witte-morris.dave,https://www.mathgenealogy.org/id.php?id=86598,,,,
"Wold, Erlend Fornæss",1,2010,2010,0,,67,"Department of Mathematics University of Oslo Oslo, Norway",arXiv:2608.12565 (2026),,https://mathscinet.ams.org/mathscinet/MRAuthorID/757618,https://zbmath.org/authors/wold.erlend-fornaess,https://www.mathgenealogy.org/id.php?id=130005,,,,
"Wolff, Vincent P. N.",1,2024,2024,0,,5,,,,,https://zbmath.org/authors/wolff.vincent-p-n,,,,,
"Wolfram, Catherine",1,2024,2024,0,,6,,,,,https://zbmath.org/authors/wolfram.catherine,,,,,
"Wolfson, Jon Gordon",1,1995,1995,1,Inventiones Mathematicae: 1,39,Michigan State University,,https://users.math.msu.edu/users/wolfson/,https://mathscinet.ams.org/mathscinet/MRAuthorID/184190,https://zbmath.org/authors/wolfson.jon-gordon,https://www.mathgenealogy.org/id.php?id=31538,,,,
"Wollny, Wolfgang",1,1984,1984,0,,6,,,,,https://zbmath.org/authors/wollny.wolfgang,,,,,
"Wolman, Abel G.",1,1996,1996,0,,1,,,,,https://zbmath.org/authors/wolman.abel-g,,,,,
"Wong, Sai-Keung",1,1992,1992,0,,19,,,,,https://zbmath.org/authors/wong.sai-keung,,,,,
"Wood, John C.",1,1978,1978,0,,86,,,,,https://zbmath.org/authors/wood.john-c,,,,,
"Wood, John W.",1,1971,1971,0,,22,,,http://homepages.math.uic.edu/~jwood/,https://mathscinet.ams.org/mathscinet/MRAuthorID/184440,https://zbmath.org/authors/wood.john-w,https://www.mathgenealogy.org/id.php?id=32684,,,,
"Woodruff, Dora",1,2024,2024,0,,13,,,,,https://zbmath.org/authors/woodruff.dora,,,,,
"Woolf, Jonathan M.",1,2018,2018,0,,28,,,,https://mathscinet.ams.org/mathscinet/MRAuthorID/672289,https://zbmath.org/authors/woolf.jonathan-m,https://www.mathgenealogy.org/id.php?id=78676,,,,
"Wootton, Aaron",1,2007,2007,0,,29,The University of Portland,arXiv:2509.19692 (2025),,https://mathscinet.ams.org/mathscinet/MRAuthorID/757130,https://zbmath.org/authors/wootton.aaron,https://www.mathgenealogy.org/id.php?id=13765,https://orcid.org/0000-0002-1122-2966,,,
"Wright, David James",1,2004,2004,0,,19,Oklahoma State U.,,https://www.math.okstate.edu/~wrightd/,https://mathscinet.ams.org/mathscinet/MRAuthorID/216280,https://zbmath.org/authors/wright.david-j,https://www.mathgenealogy.org/id.php?id=22508,,,,
"Wu, Fanxin",1,2026,2026,0,,5,"Department of Mathematical Sciences, Rutgers University, Piscataway, NJ 08854",arXiv:2512.02355 (2025),,,https://zbmath.org/authors/wu.fanxin,,,,,
"Wu, Li",1,2021,2021,0,,28,,,,,https://zbmath.org/authors/wu.li.2,,,,,
"Wu, Weiwei",1,2012,2012,0,,29,,,https://weiweiwu-math.github.io/,https://mathscinet.ams.org/mathscinet/MRAuthorID/962029,https://zbmath.org/authors/wu.weiwei,https://www.mathgenealogy.org/id.php?id=163879,,,,
"Wu, Yan",1,2018,2018,0,,19,,,,,https://zbmath.org/authors/wu.yan.1,,,,,
"Wykowski, Julian",1,2026,2026,0,,6,,,,,https://zbmath.org/authors/wykowski.julian,,,,,
"Xicoténcatl, Miguel A.",1,2024,2024,0,,26,"Departamento de Matemáticas, Centro de Investigación y de Estudios Avanzados del IPN, Mexico City 07360, Mexico",arXiv:2308.01129 (2023),https://cinvestav.mx/investigacion/directorio-de-investigacion/dr-miguel-a-xicot233ncatl-merino,,https://zbmath.org/authors/xicotencatl.miguel-a,,,,,
"Xie, Zhizhang",1,2024,2024,0,,45,"Department of Mathematics, Texas A&M University",arXiv:2609.15907 (2026),,,https://zbmath.org/authors/xie.zhizhang,,,,,
"Xu, Disheng",1,2024,2024,0,,23,"School of Science, Great Bay University and Great bay institute for advanced study Songshan Lake International Innovation Entrepreneurship…",arXiv:2604.01100 (2026),,,https://zbmath.org/authors/xu.disheng,,,,,
"Yabuki, Yasuhiro",1,2020,2020,0,,5,"Tokyo Metropolitan College of Industrial Technology,Arakawa, Tokyo 116-0003, Japan",arXiv:1511.02664 (2015),,,https://zbmath.org/authors/yabuki.yasuhiro,,,,,
"Yacobi, Oded",1,2025,2025,0,,32,"School of Mathematics and Statistics, The University of Sydney, Camperdown 2005, Australia",arXiv:2604.11101 (2026),,https://mathscinet.ams.org/mathscinet/MRAuthorID/770448,https://zbmath.org/authors/yacobi.oded,https://www.mathgenealogy.org/id.php?id=136035,,,,
"Yahia, Mahgoub",1,1984,1984,0,,2,,,,,https://zbmath.org/authors/yahia.mahgoub,,,,,
"Yakimov, Milen T.",1,2022,2022,0,,92,,,,,https://zbmath.org/authors/yakimov.milen-t,,,,,
"Yakovlev, Ivan",1,2023,2023,0,,5,,,https://iyakovlev23.github.io/,,https://zbmath.org/authors/yakovlev.ivan,,,,,
"Yamada, Yuichi",1,2009,2009,0,,25,,,http://www.yyyamada.e-one.uec.ac.jp/,,https://zbmath.org/authors/yamada.yuichi,,,,,
"Yamagata, Saeko",1,2004,2004,0,,12,,,,,https://zbmath.org/authors/yamagata.saeko,,,,,
"Yamaguchi, Hiroshi",1,2004,2004,0,,36,,,,,https://zbmath.org/authors/yamaguchi.hiroshi.2,,,,,
"Yamaguchi, Takao",1,2005,2005,0,,46,"Institute of Mathematics, University of Tsukuba, Tsukuba 305-8571, Japan",arXiv:2504.05497 (2025),,,https://zbmath.org/authors/yamaguchi.takao,,,,,ICM Invited Speaker (2010)
"Yamaguchi, Yoshikazu",1,2013,2013,0,,19,,,http://www.gipc.akita-u.ac.jp/~shouji/index.html,https://mathscinet.ams.org/mathscinet/MRAuthorID/827229,https://zbmath.org/authors/yamaguchi.yoshikazu,https://www.mathgenealogy.org/id.php?id=238137,,,,
"Yamamoto, Hiro-o",1,1989,1989,0,,13,,,,,https://zbmath.org/authors/yamamoto.hiro-o,,,,,
"Yanagishita, Masahiro",1,2017,2017,0,,9,,,,,https://zbmath.org/authors/yanagishita.masahiro,,,,,
"Yang, Jun",1,1999,1999,0,,7,,,,https://mathscinet.ams.org/mathscinet/MRAuthorID/324334,https://zbmath.org/authors/yang.jun,https://www.mathgenealogy.org/id.php?id=28084,,,,
"Yang, Yun",1,2020,2020,0,,100,,,,,https://zbmath.org/authors/yang.yun.1,,,,,
"Yao, Claudia",1,2025,2025,0,,1,"Department of Mathematics The University of Chicago 5734 S. University Avenue Chicago, IL 60637",arXiv:2108.04872 (2021),,,https://zbmath.org/authors/yao.claudia,,,,,
"Yao, Youheng",1,2025,2025,0,,3,,,https://lionelyao.github.io/,,https://zbmath.org/authors/yao.youheng,,,,,
"Yasuhara, Akira",1,2021,2021,0,,75,"Faculty of Commerce, Waseda University, 1-6-1 Nishi-Waseda, Shinjuku-ku, Tokyo 169-8050, Japan",arXiv:2604.06514 (2026),,,https://zbmath.org/authors/yasuhara.akira,,,,,
"Yasui, Kouichi",1,2014,2014,0,,25,"Department of Pure and Applied Mathematics, Graduate School of Information Science and Technology, The University of Osaka, 1-5 Yamadaoka…",arXiv:2512.14183 (2025),,,https://zbmath.org/authors/yasui.kouichi,,,,,
"Yelton, Jeffrey",1,2020,2020,0,,18,,,,,https://zbmath.org/authors/yelton.jeffrey,,,,,
"Yildirim, Semail Ülgen",1,2009,2009,0,,1,,,,,https://zbmath.org/authors/yildirim.semail-ulgen,,,,,
"Yoon, Sung Yil",1,2004,2004,0,,2,,,,,https://zbmath.org/authors/yoon.sung-yil,,,,,
"Yoshida, Ken-ichi",1,2026,2026,0,,86,,,http://kenkyu-web.cin.nihon-u.ac.jp/Profiles/97/0009681/prof_e.html,,https://zbmath.org/authors/yoshida.ken-ichi,,,,,
"Yoshida, Tomoyoshi",1,1991,1991,1,Annals of Mathematics: 1,16,,,http://t2r2.star.titech.ac.jp/cgi-bin/researcherinfo.cgi?lv=en&q_researcher_content_number=CTT100380175,,https://zbmath.org/authors/yoshida.tomoyoshi,,,,,
"Young, Andrea",1,2010,2010,0,,7,,,,https://mathscinet.ams.org/mathscinet/MRAuthorID/852098,https://zbmath.org/authors/young.andrea,https://www.mathgenealogy.org/id.php?id=122037,,,,
"Yu, Shona",1,2012,2012,0,,6,"Department of Pure Mathematics, University of Leeds",arXiv:1401.1774 (2014),,,https://zbmath.org/authors/yu.shona,,,,,
"Yuliang, Shen",1,2018,2018,0,,7,,,,,https://zbmath.org/authors/yuliang.shen,,,,,
"Yun, Hu",1,2018,2018,0,,1,,,,,https://zbmath.org/authors/yun.hu,,,,,
"Yurikusa, Toshiya",1,2020,2020,0,,17,,,,,https://zbmath.org/authors/yurikusa.toshiya,,,,,
"Yurttaş, Saadet Öykü",1,2026,2026,0,,12,,,https://sites.google.com/site/oykuyurttashomepage/,,https://zbmath.org/authors/yurttas.s-oyku,https://www.mathgenealogy.org/id.php?id=158793,https://orcid.org/0000-0002-0262-1914,,,
"Yuzvinskiĭ, Sergeĭ Aronovich",1,2017,2017,0,,68,,,,,https://zbmath.org/authors/yuzvinskii.sergei-a,,,,,
"Yüce, İlker Şavas",1,2014,2014,0,,7,,,,,https://zbmath.org/authors/yuce.ilker-savas,,,,,
"Zablow, Joel",1,2008,2008,0,,8,,,,,https://zbmath.org/authors/zablow.joel,,,,,
"Zachhuber, Jonathan",1,2018,2018,0,,6,"Institut für Mathematik, Goethe-Universität Frankfurt, Robert-Mayer-Str. 6–8, 60325 Frankfurt am Main, Germany",arXiv:2006.12815 (2020),https://www.uni-frankfurt.de/50278800/Dr__Jonathan_Zachhuber,,https://zbmath.org/authors/zachhuber.jonathan,,,,,
"Zadnik, Gašper",1,2013,2013,0,,3,,,,,https://zbmath.org/authors/zadnik.gasper,,,,,
"Zakharov, Alexander",1,2021,2021,0,,8,,,https://sites.google.com/site/alexanderzakharovsasha/,,https://zbmath.org/authors/zakharov.alexander,,https://orcid.org/0000-0002-4390-5569,,,
"Zannad, Skander",1,2007,2007,0,,1,,,,,https://zbmath.org/authors/zannad.skander,,,,,
"Zapata, Flavia R.",1,2013,2013,0,,2,,,,,https://zbmath.org/authors/zapata.flavia-r,,,,,
"Zarichnyi, Ihor Mykhaylovych",1,2010,2010,0,,8,"Pidstryhach Institute for Applied Problems of Mechanics and Mathematics, Lviv, Ukraine",arXiv:1412.4296 (2014),,https://mathscinet.ams.org/mathscinet/MRAuthorID/833010,https://zbmath.org/authors/zarichnyi.ihor,https://www.mathgenealogy.org/id.php?id=162565,,,,
"Zarrow, Robert",1,1975,1975,0,,9,,,,,https://zbmath.org/authors/zarrow.robert,,,,,
"Zastrow, Andreas",1,2005,2005,0,,32,"Institute of Mathematics, Faculty of Mathematics, Physics and Informatics, University of Gdansk, ul. Wita Stwosza 57, 80-308 Gdansk, Poland",arXiv:2506.03368 (2025),,,https://zbmath.org/authors/zastrow.andreas,,,,,
"Zaw, Myint",1,2004,2004,0,,2,,,,,https://zbmath.org/authors/zaw.myint,,,,,
"Zeghib, Abdelghani",1,1993,1993,1,Inventiones Mathematicae: 1,79,National Center for Scientific Research,,https://perso.ens-lyon.fr/zeghib/,https://mathscinet.ams.org/mathscinet/MRAuthorID/307740,https://zbmath.org/authors/zeghib.abdelghani,https://www.mathgenealogy.org/id.php?id=62495,https://orcid.org/0009-0003-9965-8215,,,
"Zelditch, Steven Morris",1,2013,2013,0,,202,,,http://www.scholars.northwestern.edu/expertAddInfo.asp?u_id=2709,https://mathscinet.ams.org/mathscinet/MRAuthorID/186875,https://zbmath.org/authors/zelditch.steve,https://www.mathgenealogy.org/id.php?id=32760,https://orcid.org/0000-0002-9070-986X,https://en.wikipedia.org/wiki/Steven_Zelditch,,ICM Invited Speaker (2002)
"Zeman, Tomáš",1,2021,2021,0,,3,,,,,https://zbmath.org/authors/zeman.tomas,,,,,
"Zemke, Drew",1,2016,2016,0,,2,,,,,https://zbmath.org/authors/zemke.drew,,,,,
"Zhang, Boyu",1,2018,2018,0,,56,,,,,https://zbmath.org/authors/zhang.boyu,,,,,
"Zhang, Chaohui",1,1995,1995,0,,40,,,https://morehouse.edu/zhang-chaohui/,https://mathscinet.ams.org/mathscinet/MRAuthorID/343999,https://zbmath.org/authors/zhang.chaohui,https://www.mathgenealogy.org/id.php?id=1263,,,,
"Zhang, Qiang",1,2011,2011,0,,32,,,https://gr.xjtu.edu.cn/zhangq_math/zh_CN/zhym/1068051/list/index.htm,https://mathscinet.ams.org/mathscinet/MRAuthorID/874326,https://zbmath.org/authors/zhang.qiang,https://www.mathgenealogy.org/id.php?id=192806,https://orcid.org/0000-0001-6332-5476,,,
"Zhang, Shuqin",1,2020,2020,0,,101,"School of Mathematics and Statistics, Zhengzhou University, 100 Science Avenue, Zhengzhou, Henan 45001, China",arXiv:2603.27054 (2026),,,https://zbmath.org/authors/zhang.shuqin,,,,,
"Zhang, Xiaoting",1,2025,2025,0,,19,"Zx: Beijing Advanced Innovation Center for Imaging Theory and Technology, Academy for Multidisciplinary Studies, Capital Normal University…",arXiv:2501.16903 (2025),,https://mathscinet.ams.org/mathscinet/MRAuthorID/1146235,https://zbmath.org/authors/zhang.xiaoting,https://www.mathgenealogy.org/id.php?id=203825,,,,
"Zhang, Xin",1,2024,2024,0,,13,,,https://sites.google.com/view/mathzhangxin,https://mathscinet.ams.org/mathscinet/MRAuthorID/1193874,https://zbmath.org/authors/zhang.xin.49,https://www.mathgenealogy.org/id.php?id=182834,,,,
"Zhang, Yi Mu",1,2015,2015,0,,13,,,,,https://zbmath.org/authors/zhang.yi-mu,,,,,
"Zhao, Lin",1,2025,2025,0,,103,,,,,https://zbmath.org/authors/zhao.lin.3,,,,,
"Zhao, Quanting",1,2013,2013,0,,18,"School of Mathematics and Statistics, and Hubei Key Laboratory of Mathematical Sciences, Central China Normal University, P.O. Box 71010…",arXiv:2506.15141 (2025),,,https://zbmath.org/authors/zhao.quanting,,,,,
"Zhao, Tiehong",1,2011,2011,0,,87,Hangzhou Normal University,,,https://mathscinet.ams.org/mathscinet/MRAuthorID/845413,https://zbmath.org/authors/zhao.tiehong,https://www.mathgenealogy.org/id.php?id=158078,https://orcid.org/0000-0002-6394-1049,,,
"Zhao, Yanxin",1,2023,2023,0,,3,,,,,https://zbmath.org/authors/zhao.yanxin,,,,,
"Zheng, Angelina",1,2024,2024,0,,8,,,https://zhengangelina.github.io/,,https://zbmath.org/authors/zheng.angelina,,,,,
"Zheng, Chao",1,2026,2026,0,,31,,,,,https://zbmath.org/authors/zheng.chao.3,,,,,
"Zheng, Fangting",1,2023,2023,0,,10,"Department of Mathematical Sciences, Xi’an Jiaotong-Liverpool University, Suzhou 215123, China",arXiv:2608.18163 (2026),,,https://zbmath.org/authors/zheng.fangting,,,,,
"Zhong, Xiyan",1,2026,2026,0,,5,,,,,https://zbmath.org/authors/zhong.xiyan,,,,,
"Zhou, Detang",1,2018,2018,0,,76,"Instituto de Matemática e Estatística, Universidade Federal Fluminense, São Domingos, Niterói, RJ 24210-201, Brazil",arXiv:2609.36418 (2026),,,https://zbmath.org/authors/zhou.detang,,https://orcid.org/0000-0003-0544-2070,,,
"Zhou, Lizhen",1,2010,2010,0,,22,,,,,https://zbmath.org/authors/zhou.lizhen,,,,,
"Zhou, Puchun",1,2025,2025,0,,13,,,,,https://zbmath.org/authors/zhou.puchun,,,,,
"Zhou, Qingshan",1,2022,2022,0,,58,E. China Normal U.,,https://www.math.ecnu.edu.cn/~qzhou/intro.html,,https://zbmath.org/authors/zhou.qingshan,,,,,
"Zhou, Ze",1,2021,2021,0,,15,,,,,https://zbmath.org/authors/zhou.ze,,,,,
"Zhu, Miaomiao",1,2013,2013,0,,73,,,http://personal-homepages.mis.mpg.de/mizhu/,https://mathscinet.ams.org/mathscinet/MRAuthorID/863941,https://zbmath.org/authors/zhu.miaomiao,https://www.mathgenealogy.org/id.php?id=157496,,,,
"Zhu, Shunhui",1,1993,1993,0,,19,,,,,https://zbmath.org/authors/zhu.shunhui,,,,,
"Zhu, Xiaodong",1,2004,2004,0,,35,,,,,https://zbmath.org/authors/zhu.xiaodong,,,,,
"Zhu, Xuwen",1,2019,2019,0,,15,Stanford University,,https://xuwenzhu.sites.northeastern.edu/,,https://zbmath.org/authors/zhu.xuwen.1,https://www.mathgenealogy.org/id.php?id=193651,https://orcid.org/0000-0003-1614-9216,,,
"Zhuang, Dongping",1,2008,2008,0,,3,"Department of Mathematics Vanderbilt University Nashville TN, 37240",arXiv:1008.2219 (2010),,https://mathscinet.ams.org/mathscinet/MRAuthorID/843575,https://zbmath.org/authors/zhuang.dongping,https://www.mathgenealogy.org/id.php?id=135328,,,,
"Zimhoni, Tomer",1,2024,2024,0,,2,,,,,https://zbmath.org/authors/zimhoni.tomer,,,,,
"Zinno, Matthew G.",1,2001,2001,0,,2,Columbia University,arXiv:math/0002136 (2000),,,https://zbmath.org/authors/zinno.matthew-g,,,,,
"Zshornack, Michael",1,2025,2025,0,,4,,,,,https://zbmath.org/authors/zshornack.michael,,,,,
"Zuddas, Daniele",1,2013,2013,0,,25,"Dipartimento di Matematica, Informatica e Geoscienze Università degli Studi di Trieste Via Valerio 12/1 34127 Trieste Italy",arXiv:2605.26337 (2026),,,https://zbmath.org/authors/zuddas.daniele,,https://orcid.org/0000-0002-8308-1832,,,
"Zulli, Louis",1,2002,2002,0,,12,,,,,https://zbmath.org/authors/zulli.louis,,,,,
"Zung, Jonathan",1,2024,2024,0,,12,,,,,https://zbmath.org/authors/zung.jonathan,,,,,
"Zúñiga, Javier",1,2015,2015,0,,7,,,,,https://zbmath.org/authors/zuniga.javier,,,,,
"de Borbon, Martin",1,2022,2022,0,,23,"Loughborough University, Loughborough LE11 3TU, UK",arXiv:2609.24597 (2026),https://mdeborbon.github.io/,https://mathscinet.ams.org/mathscinet/MRAuthorID/1204130,https://zbmath.org/authors/de-borbon.martin,https://www.mathgenealogy.org/id.php?id=237655,,,,
"de Jong, Aise Johan",1,1998,1998,1,Journal of the American Mathematical Society: 1,61,,,http://www.math.columbia.edu/~dejong/,https://mathscinet.ams.org/mathscinet/MRAuthorID/288958,https://zbmath.org/authors/de-jong.aise-johan,https://www.mathgenealogy.org/id.php?id=7647,https://orcid.org/0009-0002-1799-2045,https://en.wikipedia.org/wiki/Aise_Johan_de_Jong,EMS Prize (1996),ICM Invited Speaker (1998)
"de Mendonça Braga, Bruno",1,2023,2023,0,,42,,,https://sites.google.com/site/demendoncabraga/,https://mathscinet.ams.org/mathscinet/MRAuthorID/1094570,https://zbmath.org/authors/de-mendonca-braga.bruno,https://www.mathgenealogy.org/id.php?id=188231,,,,
"de Mendonça, Luis Augusto",1,2019,2019,0,,11,,,https://www.math.hhu.de/lehrstuehle-/-personen-/-ansprechpartner/innen/lehrstuehle-des-mathematischen-instituts/lehrstuhl-fuer-algebra-und-zahlentheorie/publikationen/publikationsliste-dr-luis-de-mendonca,,https://zbmath.org/authors/de-mendonca.luis-augusto,https://www.mathgenealogy.org/id.php?id=270378,,,,
"de Oliveira-Tosti, Altair Santos",1,2022,2022,0,,3,,,https://altairsot.github.io/,,https://zbmath.org/authors/de-oliveira-tosti.altair-santos,https://www.mathgenealogy.org/id.php?id=257727,https://orcid.org/0000-0002-6647-9144,,,
"de Santiago, Rolando",1,2016,2016,0,,11,"California State University, Long Beach, Long Beach CA 90840",arXiv:2408.11911 (2024),,,https://zbmath.org/authors/de-santiago.rolando,,,,,
"de Simoi, Jacopo",1,2020,2020,0,,24,"Jacopo De Simoi Department of Mathematics University of Toronto 40 St George St. Toronto, ON, Canada M5S 2E4",arXiv:2603.16468 (2026),http://www.math.toronto.edu/jacopods/,https://mathscinet.ams.org/mathscinet/MRAuthorID/876701,https://zbmath.org/authors/de-simoi.jacopo,https://www.mathgenealogy.org/id.php?id=183247,,,,
"de la Harpe, Pierre",1,1999,1999,0,,149,"U. Geneva, Switzerland",,https://www.unige.ch/math/,https://mathscinet.ams.org/mathscinet/MRAuthorID/81475,https://zbmath.org/authors/de-la-harpe.pierre,https://www.mathgenealogy.org/id.php?id=22371,,,,
"van Buskirk, James M.",1,1968,1968,0,,13,,,,,https://zbmath.org/authors/van-buskirk.james-m,,,,,
"van Cott, Cornelia A.",1,2007,2007,0,,16,University of San Francisco,,,https://mathscinet.ams.org/mathscinet/MRAuthorID/815343,https://zbmath.org/authors/van-cott.cornelia-a,https://www.mathgenealogy.org/id.php?id=125396,,,,
"van Geemen, Bert",1,1998,1998,1,Journal of the American Mathematical Society: 1,78,,,http://www.mat.unimi.it/users/geemen,,https://zbmath.org/authors/van-geemen.bert,,,,,
"van Ittersum, Jan-Willem M.",1,2025,2025,0,,24,,,,,https://zbmath.org/authors/van-ittersum.jan-willem-m,,,,,
"van Koert, Otto",1,2005,2005,0,,38,,,,https://mathscinet.ams.org/mathscinet/MRAuthorID/768158,https://zbmath.org/authors/van-koert.otto,https://www.mathgenealogy.org/id.php?id=19123,,,,
"van Limbeek, Wouter",1,2017,2017,0,,15,,,http://www-personal.umich.edu/~wouterv/,,https://zbmath.org/authors/van-limbeek.wouter,,,,,
"van Luijk, Ronald M.",1,2011,2011,0,,28,,,http://www.math.leidenuniv.nl/~rvl/,https://mathscinet.ams.org/mathscinet/MRAuthorID/698553,https://zbmath.org/authors/van-luijk.ronald-m,https://www.mathgenealogy.org/id.php?id=88786,,,,
"van Wamelen, Paul B.",1,2004,2004,0,,20,"Department of Mathematics Louisiana State University Baton Rouge, LA 70803 USA",arXiv:math/0207093 (2002),,,https://zbmath.org/authors/van-wamelen.paul-b,,,,,
"Álvarez, Venancio",1,2004,2004,0,,10,,,,,https://zbmath.org/authors/alvarez.venancio,,,,,
"Çiçeksiz, Recep Altar",1,2025,2025,0,,4,,,,,https://zbmath.org/authors/ciceksiz.recep-altar,,,,,
"Öinert, Johan",1,2024,2024,0,,53,"Department of Mathematics and Natural Sciences, Blekinge Institute of Technology, SE-371 79 Karlskrona, Sweden and Department of…",arXiv:2606.14660 (2026),http://www.maths.lth.se/matematiklth/personal/oinert/,https://mathscinet.ams.org/mathscinet/MRAuthorID/848016,https://zbmath.org/authors/oinert.johan,https://www.mathgenealogy.org/id.php?id=137602,https://orcid.org/0000-0001-8095-0820,,,
"Öztürk, Ferit",1,2022,2022,0,,15,,,http://math.boun.edu.tr/index.php?option=com_content&task=section&id=28&Itemid=323,https://mathscinet.ams.org/mathscinet/MRAuthorID/764839,https://zbmath.org/authors/ozturk.ferit,https://www.mathgenealogy.org/id.php?id=88670,,,,
"Şengün, Mehmet Haluk",1,2016,2016,0,,27,University of Sheffield,,,https://mathscinet.ams.org/mathscinet/MRAuthorID/848808,https://zbmath.org/authors/sengun.mehmet-haluk,https://www.mathgenealogy.org/id.php?id=125954,,,,
"Şuvaina, Ioana",1,2009,2009,0,,12,Vanderbilt University,,http://www.math.vanderbilt.edu/~suvaini/,https://mathscinet.ams.org/mathscinet/MRAuthorID/837590,https://zbmath.org/authors/suvaina.ioana,https://www.mathgenealogy.org/id.php?id=121376,,,,
"Šešum, Nataša",1,2014,2014,0,,68,Rutgers University,,https://sites.math.rutgers.edu/~natasas/,https://mathscinet.ams.org/mathscinet/MRAuthorID/727954,https://zbmath.org/authors/sesum.natasa,https://www.mathgenealogy.org/id.php?id=84792,,https://en.wikipedia.org/wiki/Nata%C5%A1a_%C5%A0e%C5%A1um,Satter Prize (2023),ICM Invited Speaker (2014)
"Širáň, Jozef",1,2005,2005,0,,202,,,http://www-kmadg.svf.stuba.sk/siran/,https://mathscinet.ams.org/mathscinet/MRAuthorID/163115,https://zbmath.org/authors/siran.jozef,https://www.mathgenealogy.org/id.php?id=30649,,,,
"Škoviera, Martin",1,1997,1997,0,,126,"J. Karabáš Institute of Computer Science and Mathematics, FEEIT, Slovak University of Technology, Bratislava, Slovakia",arXiv:2505.17569 (2025),,,https://zbmath.org/authors/skoviera.martin,,,,,
"Żuk, Andrzej",1,2015,2015,0,,31,"U. Paris VI, France",,https://www.institut.math.jussieu.fr/~zuk/,,https://zbmath.org/authors/zuk.andrzej,,,,,
"Živaljević, Rade T.",1,2003,2003,0,,89,,,,,https://zbmath.org/authors/zivaljevic.rade-t,,,,,
